condition_id,shot_id,source_fraction_id,profile_position,source_tE_start_s,source_tE_end_s,reconstructed_start_s,reconstructed_end_s,clock_class,source_lineage_class,inversion_root_status,fit_support_status,mass_consistency_status,vial_transition_status,qualification_result,failure_reason,source_id,rights,target_exposure
PRED-C01,PRED-E01-R1,1,1,0,2.48385193463,0,2.48385193463,DERIVED_SAME_MASS_FIT_ZERO,DERIVED_FROM_SAME_MASS_FIT,UNIQUE_POSITIVE_IN_SUPPORT,PASS,EXACT_WITHIN_1E-12_S,CUMULATIVE_MEASURED_VIAL_MASS_BOUNDARY,PASS,,P24-MAT-PRED;P24-MASS-PRED;P24-M-PREP-PRED,CC-BY-NC-3.0; source-derived numeric data are not relicensed as repository code,TARGET_EXPOSED;SOURCE_INTERNAL
PRED-C01,PRED-E01-R1,2,2,2.48385193463,5.44005796946,2.48385193463,5.44005796946,DERIVED_SAME_MASS_FIT_ZERO,DERIVED_FROM_SAME_MASS_FIT,UNIQUE_POSITIVE_IN_SUPPORT,PASS,EXACT_WITHIN_1E-12_S,CUMULATIVE_MEASURED_VIAL_MASS_BOUNDARY,PASS,,P24-MAT-PRED;P24-MASS-PRED;P24-M-PREP-PRED,CC-BY-NC-3.0; source-derived numeric data are not relicensed as repository code,TARGET_EXPOSED;SOURCE_INTERNAL
PRED-C01,PRED-E01-R1,3,3,5.44005796946,8.38900386894,5.44005796946,8.38900386894,DERIVED_SAME_MASS_FIT_ZERO,DERIVED_FROM_SAME_MASS_FIT,UNIQUE_POSITIVE_IN_SUPPORT,PASS,EXACT_WITHIN_1E-12_S,CUMULATIVE_MEASURED_VIAL_MASS_BOUNDARY,PASS,,P24-MAT-PRED;P24-MASS-PRED;P24-M-PREP-PRED,CC-BY-NC-3.0; source-derived numeric data are not relicensed as repository code,TARGET_EXPOSED;SOURCE_INTERNAL
PRED-C01,PRED-E01-R1,4,,8.38900386894,11.1891966584,8.38900386894,11.1891966584,DERIVED_SAME_MASS_FIT_ZERO,DERIVED_FROM_SAME_MASS_FIT,UNIQUE_POSITIVE_IN_SUPPORT,PASS,EXACT_WITHIN_1E-12_S,CUMULATIVE_MEASURED_VIAL_MASS_BOUNDARY,PASS,,P24-MAT-PRED;P24-MASS-PRED;P24-M-PREP-PRED,CC-BY-NC-3.0; source-derived numeric data are not relicensed as repository code,TARGET_EXPOSED;SOURCE_INTERNAL
PRED-C01,PRED-E01-R1,5,4,11.1891966584,14.0293676598,11.1891966584,14.0293676598,DERIVED_SAME_MASS_FIT_ZERO,DERIVED_FROM_SAME_MASS_FIT,UNIQUE_POSITIVE_IN_SUPPORT,PASS,EXACT_WITHIN_1E-12_S,CUMULATIVE_MEASURED_VIAL_MASS_BOUNDARY,PASS,,P24-MAT-PRED;P24-MASS-PRED;P24-M-PREP-PRED,CC-BY-NC-3.0; source-derived numeric data are not relicensed as repository code,TARGET_EXPOSED;SOURCE_INTERNAL
PRED-C01,PRED-E01-R1,6,,14.0293676598,16.9705365629,14.0293676598,16.9705365629,DERIVED_SAME_MASS_FIT_ZERO,DERIVED_FROM_SAME_MASS_FIT,UNIQUE_POSITIVE_IN_SUPPORT,PASS,EXACT_WITHIN_1E-12_S,CUMULATIVE_MEASURED_VIAL_MASS_BOUNDARY,PASS,,P24-MAT-PRED;P24-MASS-PRED;P24-M-PREP-PRED,CC-BY-NC-3.0; source-derived numeric data are not relicensed as repository code,TARGET_EXPOSED;SOURCE_INTERNAL
PRED-C01,PRED-E01-R1,7,5,16.9705365629,19.5285469031,16.9705365629,19.5285469031,DERIVED_SAME_MASS_FIT_ZERO,DERIVED_FROM_SAME_MASS_FIT,UNIQUE_POSITIVE_IN_SUPPORT,PASS,EXACT_WITHIN_1E-12_S,CUMULATIVE_MEASURED_VIAL_MASS_BOUNDARY,PASS,,P24-MAT-PRED;P24-MASS-PRED;P24-M-PREP-PRED,CC-BY-NC-3.0; source-derived numeric data are not relicensed as repository code,TARGET_EXPOSED;SOURCE_INTERNAL
PRED-C01,PRED-E01-R1,8,,19.5285469031,22.6235047064,19.5285469031,22.6235047064,DERIVED_SAME_MASS_FIT_ZERO,DERIVED_FROM_SAME_MASS_FIT,UNIQUE_POSITIVE_IN_SUPPORT,PASS,EXACT_WITHIN_1E-12_S,CUMULATIVE_MEASURED_VIAL_MASS_BOUNDARY,PASS,,P24-MAT-PRED;P24-MASS-PRED;P24-M-PREP-PRED,CC-BY-NC-3.0; source-derived numeric data are not relicensed as repository code,TARGET_EXPOSED;SOURCE_INTERNAL
PRED-C01,PRED-E01-R1,9,,22.6235047064,25.5147130975,22.6235047064,25.5147130975,DERIVED_SAME_MASS_FIT_ZERO,DERIVED_FROM_SAME_MASS_FIT,UNIQUE_POSITIVE_IN_SUPPORT,PASS,EXACT_WITHIN_1E-12_S,CUMULATIVE_MEASURED_VIAL_MASS_BOUNDARY,PASS,,P24-MAT-PRED;P24-MASS-PRED;P24-M-PREP-PRED,CC-BY-NC-3.0; source-derived numeric data are not relicensed as repository code,TARGET_EXPOSED;SOURCE_INTERNAL
PRED-C01,PRED-E01-R1,10,6,25.5147130975,28.7369628292,25.5147130975,28.7369628292,DERIVED_SAME_MASS_FIT_ZERO,DERIVED_FROM_SAME_MASS_FIT,UNIQUE_POSITIVE_IN_SUPPORT,PASS,EXACT_WITHIN_1E-12_S,CUMULATIVE_MEASURED_VIAL_MASS_BOUNDARY,PASS,,P24-MAT-PRED;P24-MASS-PRED;P24-M-PREP-PRED,CC-BY-NC-3.0; source-derived numeric data are not relicensed as repository code,TARGET_EXPOSED;SOURCE_INTERNAL
PRED-C01,PRED-E01-R2,1,1,0,2.24975487372,0,2.24975487372,DERIVED_SAME_MASS_FIT_ZERO,DERIVED_FROM_SAME_MASS_FIT,UNIQUE_POSITIVE_IN_SUPPORT,PASS,EXACT_WITHIN_1E-12_S,CUMULATIVE_MEASURED_VIAL_MASS_BOUNDARY,PASS,,P24-MAT-PRED;P24-MASS-PRED;P24-M-PREP-PRED,CC-BY-NC-3.0; source-derived numeric data are not relicensed as repository code,TARGET_EXPOSED;SOURCE_INTERNAL
PRED-C01,PRED-E01-R2,2,2,2.24975487372,5.36195523666,2.24975487372,5.36195523666,DERIVED_SAME_MASS_FIT_ZERO,DERIVED_FROM_SAME_MASS_FIT,UNIQUE_POSITIVE_IN_SUPPORT,PASS,EXACT_WITHIN_1E-12_S,CUMULATIVE_MEASURED_VIAL_MASS_BOUNDARY,PASS,,P24-MAT-PRED;P24-MASS-PRED;P24-M-PREP-PRED,CC-BY-NC-3.0; source-derived numeric data are not relicensed as repository code,TARGET_EXPOSED;SOURCE_INTERNAL
PRED-C01,PRED-E01-R2,3,3,5.36195523666,8.48545997666,5.36195523666,8.48545997666,DERIVED_SAME_MASS_FIT_ZERO,DERIVED_FROM_SAME_MASS_FIT,UNIQUE_POSITIVE_IN_SUPPORT,PASS,EXACT_WITHIN_1E-12_S,CUMULATIVE_MEASURED_VIAL_MASS_BOUNDARY,PASS,,P24-MAT-PRED;P24-MASS-PRED;P24-M-PREP-PRED,CC-BY-NC-3.0; source-derived numeric data are not relicensed as repository code,TARGET_EXPOSED;SOURCE_INTERNAL
PRED-C01,PRED-E01-R2,4,,8.48545997666,11.402259752,8.48545997666,11.402259752,DERIVED_SAME_MASS_FIT_ZERO,DERIVED_FROM_SAME_MASS_FIT,UNIQUE_POSITIVE_IN_SUPPORT,PASS,EXACT_WITHIN_1E-12_S,CUMULATIVE_MEASURED_VIAL_MASS_BOUNDARY,PASS,,P24-MAT-PRED;P24-MASS-PRED;P24-M-PREP-PRED,CC-BY-NC-3.0; source-derived numeric data are not relicensed as repository code,TARGET_EXPOSED;SOURCE_INTERNAL
PRED-C01,PRED-E01-R2,5,4,11.402259752,14.2864833474,11.402259752,14.2864833474,DERIVED_SAME_MASS_FIT_ZERO,DERIVED_FROM_SAME_MASS_FIT,UNIQUE_POSITIVE_IN_SUPPORT,PASS,EXACT_WITHIN_1E-12_S,CUMULATIVE_MEASURED_VIAL_MASS_BOUNDARY,PASS,,P24-MAT-PRED;P24-MASS-PRED;P24-M-PREP-PRED,CC-BY-NC-3.0; source-derived numeric data are not relicensed as repository code,TARGET_EXPOSED;SOURCE_INTERNAL
PRED-C01,PRED-E01-R2,6,,14.2864833474,17.2049443395,14.2864833474,17.2049443395,DERIVED_SAME_MASS_FIT_ZERO,DERIVED_FROM_SAME_MASS_FIT,UNIQUE_POSITIVE_IN_SUPPORT,PASS,EXACT_WITHIN_1E-12_S,CUMULATIVE_MEASURED_VIAL_MASS_BOUNDARY,PASS,,P24-MAT-PRED;P24-MASS-PRED;P24-M-PREP-PRED,CC-BY-NC-3.0; source-derived numeric data are not relicensed as repository code,TARGET_EXPOSED;SOURCE_INTERNAL
PRED-C01,PRED-E01-R2,7,5,17.2049443395,20.1528254952,17.2049443395,20.1528254952,DERIVED_SAME_MASS_FIT_ZERO,DERIVED_FROM_SAME_MASS_FIT,UNIQUE_POSITIVE_IN_SUPPORT,PASS,EXACT_WITHIN_1E-12_S,CUMULATIVE_MEASURED_VIAL_MASS_BOUNDARY,PASS,,P24-MAT-PRED;P24-MASS-PRED;P24-M-PREP-PRED,CC-BY-NC-3.0; source-derived numeric data are not relicensed as repository code,TARGET_EXPOSED;SOURCE_INTERNAL
PRED-C01,PRED-E01-R2,8,,20.1528254952,23.256086327,20.1528254952,23.256086327,DERIVED_SAME_MASS_FIT_ZERO,DERIVED_FROM_SAME_MASS_FIT,UNIQUE_POSITIVE_IN_SUPPORT,PASS,EXACT_WITHIN_1E-12_S,CUMULATIVE_MEASURED_VIAL_MASS_BOUNDARY,PASS,,P24-MAT-PRED;P24-MASS-PRED;P24-M-PREP-PRED,CC-BY-NC-3.0; source-derived numeric data are not relicensed as repository code,TARGET_EXPOSED;SOURCE_INTERNAL
PRED-C01,PRED-E01-R2,9,,23.256086327,26.2397613158,23.256086327,26.2397613158,DERIVED_SAME_MASS_FIT_ZERO,DERIVED_FROM_SAME_MASS_FIT,UNIQUE_POSITIVE_IN_SUPPORT,PASS,EXACT_WITHIN_1E-12_S,CUMULATIVE_MEASURED_VIAL_MASS_BOUNDARY,PASS,,P24-MAT-PRED;P24-MASS-PRED;P24-M-PREP-PRED,CC-BY-NC-3.0; source-derived numeric data are not relicensed as repository code,TARGET_EXPOSED;SOURCE_INTERNAL
PRED-C01,PRED-E01-R2,10,6,26.2397613158,29.2318588152,26.2397613158,29.2318588152,DERIVED_SAME_MASS_FIT_ZERO,DERIVED_FROM_SAME_MASS_FIT,UNIQUE_POSITIVE_IN_SUPPORT,PASS,EXACT_WITHIN_1E-12_S,CUMULATIVE_MEASURED_VIAL_MASS_BOUNDARY,PASS,,P24-MAT-PRED;P24-MASS-PRED;P24-M-PREP-PRED,CC-BY-NC-3.0; source-derived numeric data are not relicensed as repository code,TARGET_EXPOSED;SOURCE_INTERNAL
PRED-C01,PRED-E01-R3,1,1,0,2.98746591276,0,2.98746591276,DERIVED_SAME_MASS_FIT_ZERO,DERIVED_FROM_SAME_MASS_FIT,UNIQUE_POSITIVE_IN_SUPPORT,PASS,EXACT_WITHIN_1E-12_S,CUMULATIVE_MEASURED_VIAL_MASS_BOUNDARY,PASS,,P24-MAT-PRED;P24-MASS-PRED;P24-M-PREP-PRED,CC-BY-NC-3.0; source-derived numeric data are not relicensed as repository code,TARGET_EXPOSED;SOURCE_INTERNAL
PRED-C01,PRED-E01-R3,2,2,2.98746591276,6.06645752585,2.98746591276,6.06645752585,DERIVED_SAME_MASS_FIT_ZERO,DERIVED_FROM_SAME_MASS_FIT,UNIQUE_POSITIVE_IN_SUPPORT,PASS,EXACT_WITHIN_1E-12_S,CUMULATIVE_MEASURED_VIAL_MASS_BOUNDARY,PASS,,P24-MAT-PRED;P24-MASS-PRED;P24-M-PREP-PRED,CC-BY-NC-3.0; source-derived numeric data are not relicensed as repository code,TARGET_EXPOSED;SOURCE_INTERNAL
PRED-C01,PRED-E01-R3,3,3,6.06645752585,9.11135505166,6.06645752585,9.11135505166,DERIVED_SAME_MASS_FIT_ZERO,DERIVED_FROM_SAME_MASS_FIT,UNIQUE_POSITIVE_IN_SUPPORT,PASS,EXACT_WITHIN_1E-12_S,CUMULATIVE_MEASURED_VIAL_MASS_BOUNDARY,PASS,,P24-MAT-PRED;P24-MASS-PRED;P24-M-PREP-PRED,CC-BY-NC-3.0; source-derived numeric data are not relicensed as repository code,TARGET_EXPOSED;SOURCE_INTERNAL
PRED-C01,PRED-E01-R3,4,,9.11135505166,11.8796026209,9.11135505166,11.8796026209,DERIVED_SAME_MASS_FIT_ZERO,DERIVED_FROM_SAME_MASS_FIT,UNIQUE_POSITIVE_IN_SUPPORT,PASS,EXACT_WITHIN_1E-12_S,CUMULATIVE_MEASURED_VIAL_MASS_BOUNDARY,PASS,,P24-MAT-PRED;P24-MASS-PRED;P24-M-PREP-PRED,CC-BY-NC-3.0; source-derived numeric data are not relicensed as repository code,TARGET_EXPOSED;SOURCE_INTERNAL
PRED-C01,PRED-E01-R3,5,4,11.8796026209,14.7736327757,11.8796026209,14.7736327757,DERIVED_SAME_MASS_FIT_ZERO,DERIVED_FROM_SAME_MASS_FIT,UNIQUE_POSITIVE_IN_SUPPORT,PASS,EXACT_WITHIN_1E-12_S,CUMULATIVE_MEASURED_VIAL_MASS_BOUNDARY,PASS,,P24-MAT-PRED;P24-MASS-PRED;P24-M-PREP-PRED,CC-BY-NC-3.0; source-derived numeric data are not relicensed as repository code,TARGET_EXPOSED;SOURCE_INTERNAL
PRED-C01,PRED-E01-R3,6,,14.7736327757,17.7283162997,14.7736327757,17.7283162997,DERIVED_SAME_MASS_FIT_ZERO,DERIVED_FROM_SAME_MASS_FIT,UNIQUE_POSITIVE_IN_SUPPORT,PASS,EXACT_WITHIN_1E-12_S,CUMULATIVE_MEASURED_VIAL_MASS_BOUNDARY,PASS,,P24-MAT-PRED;P24-MASS-PRED;P24-M-PREP-PRED,CC-BY-NC-3.0; source-derived numeric data are not relicensed as repository code,TARGET_EXPOSED;SOURCE_INTERNAL
PRED-C01,PRED-E01-R3,7,5,17.7283162997,20.5518307368,17.7283162997,20.5518307368,DERIVED_SAME_MASS_FIT_ZERO,DERIVED_FROM_SAME_MASS_FIT,UNIQUE_POSITIVE_IN_SUPPORT,PASS,EXACT_WITHIN_1E-12_S,CUMULATIVE_MEASURED_VIAL_MASS_BOUNDARY,PASS,,P24-MAT-PRED;P24-MASS-PRED;P24-M-PREP-PRED,CC-BY-NC-3.0; source-derived numeric data are not relicensed as repository code,TARGET_EXPOSED;SOURCE_INTERNAL
PRED-C01,PRED-E01-R3,8,,20.5518307368,23.5440907904,20.5518307368,23.5440907904,DERIVED_SAME_MASS_FIT_ZERO,DERIVED_FROM_SAME_MASS_FIT,UNIQUE_POSITIVE_IN_SUPPORT,PASS,EXACT_WITHIN_1E-12_S,CUMULATIVE_MEASURED_VIAL_MASS_BOUNDARY,PASS,,P24-MAT-PRED;P24-MASS-PRED;P24-M-PREP-PRED,CC-BY-NC-3.0; source-derived numeric data are not relicensed as repository code,TARGET_EXPOSED;SOURCE_INTERNAL
PRED-C01,PRED-E01-R3,9,,23.5440907904,26.626103773,23.5440907904,26.626103773,DERIVED_SAME_MASS_FIT_ZERO,DERIVED_FROM_SAME_MASS_FIT,UNIQUE_POSITIVE_IN_SUPPORT,PASS,EXACT_WITHIN_1E-12_S,CUMULATIVE_MEASURED_VIAL_MASS_BOUNDARY,PASS,,P24-MAT-PRED;P24-MASS-PRED;P24-M-PREP-PRED,CC-BY-NC-3.0; source-derived numeric data are not relicensed as repository code,TARGET_EXPOSED;SOURCE_INTERNAL
PRED-C01,PRED-E01-R3,10,6,26.626103773,29.6691472065,26.626103773,29.6691472065,DERIVED_SAME_MASS_FIT_ZERO,DERIVED_FROM_SAME_MASS_FIT,UNIQUE_POSITIVE_IN_SUPPORT,PASS,EXACT_WITHIN_1E-12_S,CUMULATIVE_MEASURED_VIAL_MASS_BOUNDARY,PASS,,P24-MAT-PRED;P24-MASS-PRED;P24-M-PREP-PRED,CC-BY-NC-3.0; source-derived numeric data are not relicensed as repository code,TARGET_EXPOSED;SOURCE_INTERNAL
PRED-C02,PRED-E02-R1,1,1,0,3.28093845827,0,3.28093845827,DERIVED_SAME_MASS_FIT_ZERO,DERIVED_FROM_SAME_MASS_FIT,UNIQUE_POSITIVE_IN_SUPPORT,PASS,EXACT_WITHIN_1E-12_S,CUMULATIVE_MEASURED_VIAL_MASS_BOUNDARY,PASS,,P24-MAT-PRED;P24-MASS-PRED;P24-M-PREP-PRED,CC-BY-NC-3.0; source-derived numeric data are not relicensed as repository code,TARGET_EXPOSED;SOURCE_INTERNAL
PRED-C02,PRED-E02-R1,2,2,3.28093845827,6.58165448762,3.28093845827,6.58165448762,DERIVED_SAME_MASS_FIT_ZERO,DERIVED_FROM_SAME_MASS_FIT,UNIQUE_POSITIVE_IN_SUPPORT,PASS,EXACT_WITHIN_1E-12_S,CUMULATIVE_MEASURED_VIAL_MASS_BOUNDARY,PASS,,P24-MAT-PRED;P24-MASS-PRED;P24-M-PREP-PRED,CC-BY-NC-3.0; source-derived numeric data are not relicensed as repository code,TARGET_EXPOSED;SOURCE_INTERNAL
PRED-C02,PRED-E02-R1,3,3,6.58165448762,9.65960610244,6.58165448762,9.65960610244,DERIVED_SAME_MASS_FIT_ZERO,DERIVED_FROM_SAME_MASS_FIT,UNIQUE_POSITIVE_IN_SUPPORT,PASS,EXACT_WITHIN_1E-12_S,CUMULATIVE_MEASURED_VIAL_MASS_BOUNDARY,PASS,,P24-MAT-PRED;P24-MASS-PRED;P24-M-PREP-PRED,CC-BY-NC-3.0; source-derived numeric data are not relicensed as repository code,TARGET_EXPOSED;SOURCE_INTERNAL
PRED-C02,PRED-E02-R1,4,,9.65960610244,12.576074206,9.65960610244,12.576074206,DERIVED_SAME_MASS_FIT_ZERO,DERIVED_FROM_SAME_MASS_FIT,UNIQUE_POSITIVE_IN_SUPPORT,PASS,EXACT_WITHIN_1E-12_S,CUMULATIVE_MEASURED_VIAL_MASS_BOUNDARY,PASS,,P24-MAT-PRED;P24-MASS-PRED;P24-M-PREP-PRED,CC-BY-NC-3.0; source-derived numeric data are not relicensed as repository code,TARGET_EXPOSED;SOURCE_INTERNAL
PRED-C02,PRED-E02-R1,5,4,12.576074206,15.5322424347,12.576074206,15.5322424347,DERIVED_SAME_MASS_FIT_ZERO,DERIVED_FROM_SAME_MASS_FIT,UNIQUE_POSITIVE_IN_SUPPORT,PASS,EXACT_WITHIN_1E-12_S,CUMULATIVE_MEASURED_VIAL_MASS_BOUNDARY,PASS,,P24-MAT-PRED;P24-MASS-PRED;P24-M-PREP-PRED,CC-BY-NC-3.0; source-derived numeric data are not relicensed as repository code,TARGET_EXPOSED;SOURCE_INTERNAL
PRED-C02,PRED-E02-R1,6,,15.5322424347,18.5372877658,15.5322424347,18.5372877658,DERIVED_SAME_MASS_FIT_ZERO,DERIVED_FROM_SAME_MASS_FIT,UNIQUE_POSITIVE_IN_SUPPORT,PASS,EXACT_WITHIN_1E-12_S,CUMULATIVE_MEASURED_VIAL_MASS_BOUNDARY,PASS,,P24-MAT-PRED;P24-MASS-PRED;P24-M-PREP-PRED,CC-BY-NC-3.0; source-derived numeric data are not relicensed as repository code,TARGET_EXPOSED;SOURCE_INTERNAL
PRED-C02,PRED-E02-R1,7,5,18.5372877658,21.3470797593,18.5372877658,21.3470797593,DERIVED_SAME_MASS_FIT_ZERO,DERIVED_FROM_SAME_MASS_FIT,UNIQUE_POSITIVE_IN_SUPPORT,PASS,EXACT_WITHIN_1E-12_S,CUMULATIVE_MEASURED_VIAL_MASS_BOUNDARY,PASS,,P24-MAT-PRED;P24-MASS-PRED;P24-M-PREP-PRED,CC-BY-NC-3.0; source-derived numeric data are not relicensed as repository code,TARGET_EXPOSED;SOURCE_INTERNAL
PRED-C02,PRED-E02-R1,8,,21.3470797593,24.3636456594,21.3470797593,24.3636456594,DERIVED_SAME_MASS_FIT_ZERO,DERIVED_FROM_SAME_MASS_FIT,UNIQUE_POSITIVE_IN_SUPPORT,PASS,EXACT_WITHIN_1E-12_S,CUMULATIVE_MEASURED_VIAL_MASS_BOUNDARY,PASS,,P24-MAT-PRED;P24-MASS-PRED;P24-M-PREP-PRED,CC-BY-NC-3.0; source-derived numeric data are not relicensed as repository code,TARGET_EXPOSED;SOURCE_INTERNAL
PRED-C02,PRED-E02-R1,9,,24.3636456594,27.3092399216,24.3636456594,27.3092399216,DERIVED_SAME_MASS_FIT_ZERO,DERIVED_FROM_SAME_MASS_FIT,UNIQUE_POSITIVE_IN_SUPPORT,PASS,EXACT_WITHIN_1E-12_S,CUMULATIVE_MEASURED_VIAL_MASS_BOUNDARY,PASS,,P24-MAT-PRED;P24-MASS-PRED;P24-M-PREP-PRED,CC-BY-NC-3.0; source-derived numeric data are not relicensed as repository code,TARGET_EXPOSED;SOURCE_INTERNAL
PRED-C02,PRED-E02-R1,10,6,27.3092399216,30.2732325877,27.3092399216,30.2732325877,DERIVED_SAME_MASS_FIT_ZERO,DERIVED_FROM_SAME_MASS_FIT,UNIQUE_POSITIVE_IN_SUPPORT,PASS,EXACT_WITHIN_1E-12_S,CUMULATIVE_MEASURED_VIAL_MASS_BOUNDARY,PASS,,P24-MAT-PRED;P24-MASS-PRED;P24-M-PREP-PRED,CC-BY-NC-3.0; source-derived numeric data are not relicensed as repository code,TARGET_EXPOSED;SOURCE_INTERNAL
PRED-C02,PRED-E02-R2,1,1,0,2.89566194402,0,2.89566194402,DERIVED_SAME_MASS_FIT_ZERO,DERIVED_FROM_SAME_MASS_FIT,UNIQUE_POSITIVE_IN_SUPPORT,PASS,EXACT_WITHIN_1E-12_S,CUMULATIVE_MEASURED_VIAL_MASS_BOUNDARY,PASS,,P24-MAT-PRED;P24-MASS-PRED;P24-M-PREP-PRED,CC-BY-NC-3.0; source-derived numeric data are not relicensed as repository code,TARGET_EXPOSED;SOURCE_INTERNAL
PRED-C02,PRED-E02-R2,2,2,2.89566194402,6.04701965829,2.89566194402,6.04701965829,DERIVED_SAME_MASS_FIT_ZERO,DERIVED_FROM_SAME_MASS_FIT,UNIQUE_POSITIVE_IN_SUPPORT,PASS,EXACT_WITHIN_1E-12_S,CUMULATIVE_MEASURED_VIAL_MASS_BOUNDARY,PASS,,P24-MAT-PRED;P24-MASS-PRED;P24-M-PREP-PRED,CC-BY-NC-3.0; source-derived numeric data are not relicensed as repository code,TARGET_EXPOSED;SOURCE_INTERNAL
PRED-C02,PRED-E02-R2,3,3,6.04701965829,9.07194797148,6.04701965829,9.07194797148,DERIVED_SAME_MASS_FIT_ZERO,DERIVED_FROM_SAME_MASS_FIT,UNIQUE_POSITIVE_IN_SUPPORT,PASS,EXACT_WITHIN_1E-12_S,CUMULATIVE_MEASURED_VIAL_MASS_BOUNDARY,PASS,,P24-MAT-PRED;P24-MASS-PRED;P24-M-PREP-PRED,CC-BY-NC-3.0; source-derived numeric data are not relicensed as repository code,TARGET_EXPOSED;SOURCE_INTERNAL
PRED-C02,PRED-E02-R2,4,,9.07194797148,12.0613989122,9.07194797148,12.0613989122,DERIVED_SAME_MASS_FIT_ZERO,DERIVED_FROM_SAME_MASS_FIT,UNIQUE_POSITIVE_IN_SUPPORT,PASS,EXACT_WITHIN_1E-12_S,CUMULATIVE_MEASURED_VIAL_MASS_BOUNDARY,PASS,,P24-MAT-PRED;P24-MASS-PRED;P24-M-PREP-PRED,CC-BY-NC-3.0; source-derived numeric data are not relicensed as repository code,TARGET_EXPOSED;SOURCE_INTERNAL
PRED-C02,PRED-E02-R2,5,4,12.0613989122,15.0261966301,12.0613989122,15.0261966301,DERIVED_SAME_MASS_FIT_ZERO,DERIVED_FROM_SAME_MASS_FIT,UNIQUE_POSITIVE_IN_SUPPORT,PASS,EXACT_WITHIN_1E-12_S,CUMULATIVE_MEASURED_VIAL_MASS_BOUNDARY,PASS,,P24-MAT-PRED;P24-MASS-PRED;P24-M-PREP-PRED,CC-BY-NC-3.0; source-derived numeric data are not relicensed as repository code,TARGET_EXPOSED;SOURCE_INTERNAL
PRED-C02,PRED-E02-R2,6,,15.0261966301,17.8991747766,15.0261966301,17.8991747766,DERIVED_SAME_MASS_FIT_ZERO,DERIVED_FROM_SAME_MASS_FIT,UNIQUE_POSITIVE_IN_SUPPORT,PASS,EXACT_WITHIN_1E-12_S,CUMULATIVE_MEASURED_VIAL_MASS_BOUNDARY,PASS,,P24-MAT-PRED;P24-MASS-PRED;P24-M-PREP-PRED,CC-BY-NC-3.0; source-derived numeric data are not relicensed as repository code,TARGET_EXPOSED;SOURCE_INTERNAL
PRED-C02,PRED-E02-R2,7,5,17.8991747766,20.8436866045,17.8991747766,20.8436866045,DERIVED_SAME_MASS_FIT_ZERO,DERIVED_FROM_SAME_MASS_FIT,UNIQUE_POSITIVE_IN_SUPPORT,PASS,EXACT_WITHIN_1E-12_S,CUMULATIVE_MEASURED_VIAL_MASS_BOUNDARY,PASS,,P24-MAT-PRED;P24-MASS-PRED;P24-M-PREP-PRED,CC-BY-NC-3.0; source-derived numeric data are not relicensed as repository code,TARGET_EXPOSED;SOURCE_INTERNAL
PRED-C02,PRED-E02-R2,8,,20.8436866045,23.8343068942,20.8436866045,23.8343068942,DERIVED_SAME_MASS_FIT_ZERO,DERIVED_FROM_SAME_MASS_FIT,UNIQUE_POSITIVE_IN_SUPPORT,PASS,EXACT_WITHIN_1E-12_S,CUMULATIVE_MEASURED_VIAL_MASS_BOUNDARY,PASS,,P24-MAT-PRED;P24-MASS-PRED;P24-M-PREP-PRED,CC-BY-NC-3.0; source-derived numeric data are not relicensed as repository code,TARGET_EXPOSED;SOURCE_INTERNAL
PRED-C02,PRED-E02-R2,9,,23.8343068942,26.8883585293,23.8343068942,26.8883585293,DERIVED_SAME_MASS_FIT_ZERO,DERIVED_FROM_SAME_MASS_FIT,UNIQUE_POSITIVE_IN_SUPPORT,PASS,EXACT_WITHIN_1E-12_S,CUMULATIVE_MEASURED_VIAL_MASS_BOUNDARY,PASS,,P24-MAT-PRED;P24-MASS-PRED;P24-M-PREP-PRED,CC-BY-NC-3.0; source-derived numeric data are not relicensed as repository code,TARGET_EXPOSED;SOURCE_INTERNAL
PRED-C02,PRED-E02-R2,10,6,26.8883585293,29.9723827768,26.8883585293,29.9723827768,DERIVED_SAME_MASS_FIT_ZERO,DERIVED_FROM_SAME_MASS_FIT,UNIQUE_POSITIVE_IN_SUPPORT,PASS,EXACT_WITHIN_1E-12_S,CUMULATIVE_MEASURED_VIAL_MASS_BOUNDARY,PASS,,P24-MAT-PRED;P24-MASS-PRED;P24-M-PREP-PRED,CC-BY-NC-3.0; source-derived numeric data are not relicensed as repository code,TARGET_EXPOSED;SOURCE_INTERNAL
PRED-C02,PRED-E02-R3,1,1,0,3.51458419913,0,3.51458419913,DERIVED_SAME_MASS_FIT_ZERO,DERIVED_FROM_SAME_MASS_FIT,UNIQUE_POSITIVE_IN_SUPPORT,PASS,EXACT_WITHIN_1E-12_S,CUMULATIVE_MEASURED_VIAL_MASS_BOUNDARY,PASS,,P24-MAT-PRED;P24-MASS-PRED;P24-M-PREP-PRED,CC-BY-NC-3.0; source-derived numeric data are not relicensed as repository code,TARGET_EXPOSED;SOURCE_INTERNAL
PRED-C02,PRED-E02-R3,2,2,3.51458419913,6.55065187791,3.51458419913,6.55065187791,DERIVED_SAME_MASS_FIT_ZERO,DERIVED_FROM_SAME_MASS_FIT,UNIQUE_POSITIVE_IN_SUPPORT,PASS,EXACT_WITHIN_1E-12_S,CUMULATIVE_MEASURED_VIAL_MASS_BOUNDARY,PASS,,P24-MAT-PRED;P24-MASS-PRED;P24-M-PREP-PRED,CC-BY-NC-3.0; source-derived numeric data are not relicensed as repository code,TARGET_EXPOSED;SOURCE_INTERNAL
PRED-C02,PRED-E02-R3,3,3,6.55065187791,9.44739911985,6.55065187791,9.44739911985,DERIVED_SAME_MASS_FIT_ZERO,DERIVED_FROM_SAME_MASS_FIT,UNIQUE_POSITIVE_IN_SUPPORT,PASS,EXACT_WITHIN_1E-12_S,CUMULATIVE_MEASURED_VIAL_MASS_BOUNDARY,PASS,,P24-MAT-PRED;P24-MASS-PRED;P24-M-PREP-PRED,CC-BY-NC-3.0; source-derived numeric data are not relicensed as repository code,TARGET_EXPOSED;SOURCE_INTERNAL
PRED-C02,PRED-E02-R3,4,,9.44739911985,12.3650867012,9.44739911985,12.3650867012,DERIVED_SAME_MASS_FIT_ZERO,DERIVED_FROM_SAME_MASS_FIT,UNIQUE_POSITIVE_IN_SUPPORT,PASS,EXACT_WITHIN_1E-12_S,CUMULATIVE_MEASURED_VIAL_MASS_BOUNDARY,PASS,,P24-MAT-PRED;P24-MASS-PRED;P24-M-PREP-PRED,CC-BY-NC-3.0; source-derived numeric data are not relicensed as repository code,TARGET_EXPOSED;SOURCE_INTERNAL
PRED-C02,PRED-E02-R3,5,4,12.3650867012,15.0507366738,12.3650867012,15.0507366738,DERIVED_SAME_MASS_FIT_ZERO,DERIVED_FROM_SAME_MASS_FIT,UNIQUE_POSITIVE_IN_SUPPORT,PASS,EXACT_WITHIN_1E-12_S,CUMULATIVE_MEASURED_VIAL_MASS_BOUNDARY,PASS,,P24-MAT-PRED;P24-MASS-PRED;P24-M-PREP-PRED,CC-BY-NC-3.0; source-derived numeric data are not relicensed as repository code,TARGET_EXPOSED;SOURCE_INTERNAL
PRED-C02,PRED-E02-R3,6,,15.0507366738,18.0897579237,15.0507366738,18.0897579237,DERIVED_SAME_MASS_FIT_ZERO,DERIVED_FROM_SAME_MASS_FIT,UNIQUE_POSITIVE_IN_SUPPORT,PASS,EXACT_WITHIN_1E-12_S,CUMULATIVE_MEASURED_VIAL_MASS_BOUNDARY,PASS,,P24-MAT-PRED;P24-MASS-PRED;P24-M-PREP-PRED,CC-BY-NC-3.0; source-derived numeric data are not relicensed as repository code,TARGET_EXPOSED;SOURCE_INTERNAL
PRED-C02,PRED-E02-R3,7,5,18.0897579237,20.8964500416,18.0897579237,20.8964500416,DERIVED_SAME_MASS_FIT_ZERO,DERIVED_FROM_SAME_MASS_FIT,UNIQUE_POSITIVE_IN_SUPPORT,PASS,EXACT_WITHIN_1E-12_S,CUMULATIVE_MEASURED_VIAL_MASS_BOUNDARY,PASS,,P24-MAT-PRED;P24-MASS-PRED;P24-M-PREP-PRED,CC-BY-NC-3.0; source-derived numeric data are not relicensed as repository code,TARGET_EXPOSED;SOURCE_INTERNAL
PRED-C02,PRED-E02-R3,8,,20.8964500416,23.9972991067,20.8964500416,23.9972991067,DERIVED_SAME_MASS_FIT_ZERO,DERIVED_FROM_SAME_MASS_FIT,UNIQUE_POSITIVE_IN_SUPPORT,PASS,EXACT_WITHIN_1E-12_S,CUMULATIVE_MEASURED_VIAL_MASS_BOUNDARY,PASS,,P24-MAT-PRED;P24-MASS-PRED;P24-M-PREP-PRED,CC-BY-NC-3.0; source-derived numeric data are not relicensed as repository code,TARGET_EXPOSED;SOURCE_INTERNAL
PRED-C02,PRED-E02-R3,9,,23.9972991067,26.829535644,23.9972991067,26.829535644,DERIVED_SAME_MASS_FIT_ZERO,DERIVED_FROM_SAME_MASS_FIT,UNIQUE_POSITIVE_IN_SUPPORT,PASS,EXACT_WITHIN_1E-12_S,CUMULATIVE_MEASURED_VIAL_MASS_BOUNDARY,PASS,,P24-MAT-PRED;P24-MASS-PRED;P24-M-PREP-PRED,CC-BY-NC-3.0; source-derived numeric data are not relicensed as repository code,TARGET_EXPOSED;SOURCE_INTERNAL
PRED-C02,PRED-E02-R3,10,6,26.829535644,29.9526735064,26.829535644,29.9526735064,DERIVED_SAME_MASS_FIT_ZERO,DERIVED_FROM_SAME_MASS_FIT,UNIQUE_POSITIVE_IN_SUPPORT,PASS,EXACT_WITHIN_1E-12_S,CUMULATIVE_MEASURED_VIAL_MASS_BOUNDARY,PASS,,P24-MAT-PRED;P24-MASS-PRED;P24-M-PREP-PRED,CC-BY-NC-3.0; source-derived numeric data are not relicensed as repository code,TARGET_EXPOSED;SOURCE_INTERNAL
PRED-C03,PRED-E03-R1,1,1,0,3.35755565571,0,3.35755565571,DERIVED_SAME_MASS_FIT_ZERO,DERIVED_FROM_SAME_MASS_FIT,UNIQUE_POSITIVE_IN_SUPPORT,PASS,EXACT_WITHIN_1E-12_S,CUMULATIVE_MEASURED_VIAL_MASS_BOUNDARY,PASS,,P24-MAT-PRED;P24-MASS-PRED;P24-M-PREP-PRED,CC-BY-NC-3.0; source-derived numeric data are not relicensed as repository code,TARGET_EXPOSED;SOURCE_INTERNAL
PRED-C03,PRED-E03-R1,2,2,3.35755565571,6.33916721969,3.35755565571,6.33916721969,DERIVED_SAME_MASS_FIT_ZERO,DERIVED_FROM_SAME_MASS_FIT,UNIQUE_POSITIVE_IN_SUPPORT,PASS,EXACT_WITHIN_1E-12_S,CUMULATIVE_MEASURED_VIAL_MASS_BOUNDARY,PASS,,P24-MAT-PRED;P24-MASS-PRED;P24-M-PREP-PRED,CC-BY-NC-3.0; source-derived numeric data are not relicensed as repository code,TARGET_EXPOSED;SOURCE_INTERNAL
PRED-C03,PRED-E03-R1,3,3,6.33916721969,9.22460409526,6.33916721969,9.22460409526,DERIVED_SAME_MASS_FIT_ZERO,DERIVED_FROM_SAME_MASS_FIT,UNIQUE_POSITIVE_IN_SUPPORT,PASS,EXACT_WITHIN_1E-12_S,CUMULATIVE_MEASURED_VIAL_MASS_BOUNDARY,PASS,,P24-MAT-PRED;P24-MASS-PRED;P24-M-PREP-PRED,CC-BY-NC-3.0; source-derived numeric data are not relicensed as repository code,TARGET_EXPOSED;SOURCE_INTERNAL
PRED-C03,PRED-E03-R1,4,,9.22460409526,12.2281263474,9.22460409526,12.2281263474,DERIVED_SAME_MASS_FIT_ZERO,DERIVED_FROM_SAME_MASS_FIT,UNIQUE_POSITIVE_IN_SUPPORT,PASS,EXACT_WITHIN_1E-12_S,CUMULATIVE_MEASURED_VIAL_MASS_BOUNDARY,PASS,,P24-MAT-PRED;P24-MASS-PRED;P24-M-PREP-PRED,CC-BY-NC-3.0; source-derived numeric data are not relicensed as repository code,TARGET_EXPOSED;SOURCE_INTERNAL
PRED-C03,PRED-E03-R1,5,4,12.2281263474,15.0382500408,12.2281263474,15.0382500408,DERIVED_SAME_MASS_FIT_ZERO,DERIVED_FROM_SAME_MASS_FIT,UNIQUE_POSITIVE_IN_SUPPORT,PASS,EXACT_WITHIN_1E-12_S,CUMULATIVE_MEASURED_VIAL_MASS_BOUNDARY,PASS,,P24-MAT-PRED;P24-MASS-PRED;P24-M-PREP-PRED,CC-BY-NC-3.0; source-derived numeric data are not relicensed as repository code,TARGET_EXPOSED;SOURCE_INTERNAL
PRED-C03,PRED-E03-R1,6,,15.0382500408,18.0372060751,15.0382500408,18.0372060751,DERIVED_SAME_MASS_FIT_ZERO,DERIVED_FROM_SAME_MASS_FIT,UNIQUE_POSITIVE_IN_SUPPORT,PASS,EXACT_WITHIN_1E-12_S,CUMULATIVE_MEASURED_VIAL_MASS_BOUNDARY,PASS,,P24-MAT-PRED;P24-MASS-PRED;P24-M-PREP-PRED,CC-BY-NC-3.0; source-derived numeric data are not relicensed as repository code,TARGET_EXPOSED;SOURCE_INTERNAL
PRED-C03,PRED-E03-R1,7,5,18.0372060751,20.9743990376,18.0372060751,20.9743990376,DERIVED_SAME_MASS_FIT_ZERO,DERIVED_FROM_SAME_MASS_FIT,UNIQUE_POSITIVE_IN_SUPPORT,PASS,EXACT_WITHIN_1E-12_S,CUMULATIVE_MEASURED_VIAL_MASS_BOUNDARY,PASS,,P24-MAT-PRED;P24-MASS-PRED;P24-M-PREP-PRED,CC-BY-NC-3.0; source-derived numeric data are not relicensed as repository code,TARGET_EXPOSED;SOURCE_INTERNAL
PRED-C03,PRED-E03-R1,8,,20.9743990376,23.8952865533,20.9743990376,23.8952865533,DERIVED_SAME_MASS_FIT_ZERO,DERIVED_FROM_SAME_MASS_FIT,UNIQUE_POSITIVE_IN_SUPPORT,PASS,EXACT_WITHIN_1E-12_S,CUMULATIVE_MEASURED_VIAL_MASS_BOUNDARY,PASS,,P24-MAT-PRED;P24-MASS-PRED;P24-M-PREP-PRED,CC-BY-NC-3.0; source-derived numeric data are not relicensed as repository code,TARGET_EXPOSED;SOURCE_INTERNAL
PRED-C03,PRED-E03-R1,9,,23.8952865533,26.9633557298,23.8952865533,26.9633557298,DERIVED_SAME_MASS_FIT_ZERO,DERIVED_FROM_SAME_MASS_FIT,UNIQUE_POSITIVE_IN_SUPPORT,PASS,EXACT_WITHIN_1E-12_S,CUMULATIVE_MEASURED_VIAL_MASS_BOUNDARY,PASS,,P24-MAT-PRED;P24-MASS-PRED;P24-M-PREP-PRED,CC-BY-NC-3.0; source-derived numeric data are not relicensed as repository code,TARGET_EXPOSED;SOURCE_INTERNAL
PRED-C03,PRED-E03-R1,10,6,26.9633557298,30.2666652652,26.9633557298,30.2666652652,DERIVED_SAME_MASS_FIT_ZERO,DERIVED_FROM_SAME_MASS_FIT,UNIQUE_POSITIVE_IN_SUPPORT,PASS,EXACT_WITHIN_1E-12_S,CUMULATIVE_MEASURED_VIAL_MASS_BOUNDARY,PASS,,P24-MAT-PRED;P24-MASS-PRED;P24-M-PREP-PRED,CC-BY-NC-3.0; source-derived numeric data are not relicensed as repository code,TARGET_EXPOSED;SOURCE_INTERNAL
PRED-C03,PRED-E03-R2,1,1,0,2.60863592573,0,2.60863592573,DERIVED_SAME_MASS_FIT_ZERO,DERIVED_FROM_SAME_MASS_FIT,UNIQUE_POSITIVE_IN_SUPPORT,PASS,EXACT_WITHIN_1E-12_S,CUMULATIVE_MEASURED_VIAL_MASS_BOUNDARY,PASS,,P24-MAT-PRED;P24-MASS-PRED;P24-M-PREP-PRED,CC-BY-NC-3.0; source-derived numeric data are not relicensed as repository code,TARGET_EXPOSED;SOURCE_INTERNAL
PRED-C03,PRED-E03-R2,2,2,2.60863592573,5.81156705297,2.60863592573,5.81156705297,DERIVED_SAME_MASS_FIT_ZERO,DERIVED_FROM_SAME_MASS_FIT,UNIQUE_POSITIVE_IN_SUPPORT,PASS,EXACT_WITHIN_1E-12_S,CUMULATIVE_MEASURED_VIAL_MASS_BOUNDARY,PASS,,P24-MAT-PRED;P24-MASS-PRED;P24-M-PREP-PRED,CC-BY-NC-3.0; source-derived numeric data are not relicensed as repository code,TARGET_EXPOSED;SOURCE_INTERNAL
PRED-C03,PRED-E03-R2,3,3,5.81156705297,8.88273801534,5.81156705297,8.88273801534,DERIVED_SAME_MASS_FIT_ZERO,DERIVED_FROM_SAME_MASS_FIT,UNIQUE_POSITIVE_IN_SUPPORT,PASS,EXACT_WITHIN_1E-12_S,CUMULATIVE_MEASURED_VIAL_MASS_BOUNDARY,PASS,,P24-MAT-PRED;P24-MASS-PRED;P24-M-PREP-PRED,CC-BY-NC-3.0; source-derived numeric data are not relicensed as repository code,TARGET_EXPOSED;SOURCE_INTERNAL
PRED-C03,PRED-E03-R2,4,,8.88273801534,11.8385633318,8.88273801534,11.8385633318,DERIVED_SAME_MASS_FIT_ZERO,DERIVED_FROM_SAME_MASS_FIT,UNIQUE_POSITIVE_IN_SUPPORT,PASS,EXACT_WITHIN_1E-12_S,CUMULATIVE_MEASURED_VIAL_MASS_BOUNDARY,PASS,,P24-MAT-PRED;P24-MASS-PRED;P24-M-PREP-PRED,CC-BY-NC-3.0; source-derived numeric data are not relicensed as repository code,TARGET_EXPOSED;SOURCE_INTERNAL
PRED-C03,PRED-E03-R2,5,4,11.8385633318,14.7761587302,11.8385633318,14.7761587302,DERIVED_SAME_MASS_FIT_ZERO,DERIVED_FROM_SAME_MASS_FIT,UNIQUE_POSITIVE_IN_SUPPORT,PASS,EXACT_WITHIN_1E-12_S,CUMULATIVE_MEASURED_VIAL_MASS_BOUNDARY,PASS,,P24-MAT-PRED;P24-MASS-PRED;P24-M-PREP-PRED,CC-BY-NC-3.0; source-derived numeric data are not relicensed as repository code,TARGET_EXPOSED;SOURCE_INTERNAL
PRED-C03,PRED-E03-R2,6,,14.7761587302,17.991923451,14.7761587302,17.991923451,DERIVED_SAME_MASS_FIT_ZERO,DERIVED_FROM_SAME_MASS_FIT,UNIQUE_POSITIVE_IN_SUPPORT,PASS,EXACT_WITHIN_1E-12_S,CUMULATIVE_MEASURED_VIAL_MASS_BOUNDARY,PASS,,P24-MAT-PRED;P24-MASS-PRED;P24-M-PREP-PRED,CC-BY-NC-3.0; source-derived numeric data are not relicensed as repository code,TARGET_EXPOSED;SOURCE_INTERNAL
PRED-C03,PRED-E03-R2,7,5,17.991923451,21.1561046143,17.991923451,21.1561046143,DERIVED_SAME_MASS_FIT_ZERO,DERIVED_FROM_SAME_MASS_FIT,UNIQUE_POSITIVE_IN_SUPPORT,PASS,EXACT_WITHIN_1E-12_S,CUMULATIVE_MEASURED_VIAL_MASS_BOUNDARY,PASS,,P24-MAT-PRED;P24-MASS-PRED;P24-M-PREP-PRED,CC-BY-NC-3.0; source-derived numeric data are not relicensed as repository code,TARGET_EXPOSED;SOURCE_INTERNAL
PRED-C03,PRED-E03-R2,8,,21.1561046143,24.2244751676,21.1561046143,24.2244751676,DERIVED_SAME_MASS_FIT_ZERO,DERIVED_FROM_SAME_MASS_FIT,UNIQUE_POSITIVE_IN_SUPPORT,PASS,EXACT_WITHIN_1E-12_S,CUMULATIVE_MEASURED_VIAL_MASS_BOUNDARY,PASS,,P24-MAT-PRED;P24-MASS-PRED;P24-M-PREP-PRED,CC-BY-NC-3.0; source-derived numeric data are not relicensed as repository code,TARGET_EXPOSED;SOURCE_INTERNAL
PRED-C03,PRED-E03-R2,9,,24.2244751676,27.2700706961,24.2244751676,27.2700706961,DERIVED_SAME_MASS_FIT_ZERO,DERIVED_FROM_SAME_MASS_FIT,UNIQUE_POSITIVE_IN_SUPPORT,PASS,EXACT_WITHIN_1E-12_S,CUMULATIVE_MEASURED_VIAL_MASS_BOUNDARY,PASS,,P24-MAT-PRED;P24-MASS-PRED;P24-M-PREP-PRED,CC-BY-NC-3.0; source-derived numeric data are not relicensed as repository code,TARGET_EXPOSED;SOURCE_INTERNAL
PRED-C03,PRED-E03-R2,10,6,27.2700706961,30.1717984242,27.2700706961,30.1717984242,DERIVED_SAME_MASS_FIT_ZERO,DERIVED_FROM_SAME_MASS_FIT,UNIQUE_POSITIVE_IN_SUPPORT,PASS,EXACT_WITHIN_1E-12_S,CUMULATIVE_MEASURED_VIAL_MASS_BOUNDARY,PASS,,P24-MAT-PRED;P24-MASS-PRED;P24-M-PREP-PRED,CC-BY-NC-3.0; source-derived numeric data are not relicensed as repository code,TARGET_EXPOSED;SOURCE_INTERNAL
PRED-C03,PRED-E03-R3,1,1,0,2.44894789782,0,2.44894789782,DERIVED_SAME_MASS_FIT_ZERO,DERIVED_FROM_SAME_MASS_FIT,UNIQUE_POSITIVE_IN_SUPPORT,PASS,EXACT_WITHIN_1E-12_S,CUMULATIVE_MEASURED_VIAL_MASS_BOUNDARY,PASS,,P24-MAT-PRED;P24-MASS-PRED;P24-M-PREP-PRED,CC-BY-NC-3.0; source-derived numeric data are not relicensed as repository code,TARGET_EXPOSED;SOURCE_INTERNAL
PRED-C03,PRED-E03-R3,2,2,2.44894789782,5.67157125473,2.44894789782,5.67157125473,DERIVED_SAME_MASS_FIT_ZERO,DERIVED_FROM_SAME_MASS_FIT,UNIQUE_POSITIVE_IN_SUPPORT,PASS,EXACT_WITHIN_1E-12_S,CUMULATIVE_MEASURED_VIAL_MASS_BOUNDARY,PASS,,P24-MAT-PRED;P24-MASS-PRED;P24-M-PREP-PRED,CC-BY-NC-3.0; source-derived numeric data are not relicensed as repository code,TARGET_EXPOSED;SOURCE_INTERNAL
PRED-C03,PRED-E03-R3,3,3,5.67157125473,8.91241836098,5.67157125473,8.91241836098,DERIVED_SAME_MASS_FIT_ZERO,DERIVED_FROM_SAME_MASS_FIT,UNIQUE_POSITIVE_IN_SUPPORT,PASS,EXACT_WITHIN_1E-12_S,CUMULATIVE_MEASURED_VIAL_MASS_BOUNDARY,PASS,,P24-MAT-PRED;P24-MASS-PRED;P24-M-PREP-PRED,CC-BY-NC-3.0; source-derived numeric data are not relicensed as repository code,TARGET_EXPOSED;SOURCE_INTERNAL
PRED-C03,PRED-E03-R3,4,,8.91241836098,11.9322874213,8.91241836098,11.9322874213,DERIVED_SAME_MASS_FIT_ZERO,DERIVED_FROM_SAME_MASS_FIT,UNIQUE_POSITIVE_IN_SUPPORT,PASS,EXACT_WITHIN_1E-12_S,CUMULATIVE_MEASURED_VIAL_MASS_BOUNDARY,PASS,,P24-MAT-PRED;P24-MASS-PRED;P24-M-PREP-PRED,CC-BY-NC-3.0; source-derived numeric data are not relicensed as repository code,TARGET_EXPOSED;SOURCE_INTERNAL
PRED-C03,PRED-E03-R3,5,4,11.9322874213,14.9865265611,11.9322874213,14.9865265611,DERIVED_SAME_MASS_FIT_ZERO,DERIVED_FROM_SAME_MASS_FIT,UNIQUE_POSITIVE_IN_SUPPORT,PASS,EXACT_WITHIN_1E-12_S,CUMULATIVE_MEASURED_VIAL_MASS_BOUNDARY,PASS,,P24-MAT-PRED;P24-MASS-PRED;P24-M-PREP-PRED,CC-BY-NC-3.0; source-derived numeric data are not relicensed as repository code,TARGET_EXPOSED;SOURCE_INTERNAL
PRED-C03,PRED-E03-R3,6,,14.9865265611,17.9514807778,14.9865265611,17.9514807778,DERIVED_SAME_MASS_FIT_ZERO,DERIVED_FROM_SAME_MASS_FIT,UNIQUE_POSITIVE_IN_SUPPORT,PASS,EXACT_WITHIN_1E-12_S,CUMULATIVE_MEASURED_VIAL_MASS_BOUNDARY,PASS,,P24-MAT-PRED;P24-MASS-PRED;P24-M-PREP-PRED,CC-BY-NC-3.0; source-derived numeric data are not relicensed as repository code,TARGET_EXPOSED;SOURCE_INTERNAL
PRED-C03,PRED-E03-R3,7,5,17.9514807778,21.1874114807,17.9514807778,21.1874114807,DERIVED_SAME_MASS_FIT_ZERO,DERIVED_FROM_SAME_MASS_FIT,UNIQUE_POSITIVE_IN_SUPPORT,PASS,EXACT_WITHIN_1E-12_S,CUMULATIVE_MEASURED_VIAL_MASS_BOUNDARY,PASS,,P24-MAT-PRED;P24-MASS-PRED;P24-M-PREP-PRED,CC-BY-NC-3.0; source-derived numeric data are not relicensed as repository code,TARGET_EXPOSED;SOURCE_INTERNAL
PRED-C03,PRED-E03-R3,8,,21.1874114807,23.9692968095,21.1874114807,23.9692968095,DERIVED_SAME_MASS_FIT_ZERO,DERIVED_FROM_SAME_MASS_FIT,UNIQUE_POSITIVE_IN_SUPPORT,PASS,EXACT_WITHIN_1E-12_S,CUMULATIVE_MEASURED_VIAL_MASS_BOUNDARY,PASS,,P24-MAT-PRED;P24-MASS-PRED;P24-M-PREP-PRED,CC-BY-NC-3.0; source-derived numeric data are not relicensed as repository code,TARGET_EXPOSED;SOURCE_INTERNAL
PRED-C03,PRED-E03-R3,9,,23.9692968095,27.1309518256,23.9692968095,27.1309518256,DERIVED_SAME_MASS_FIT_ZERO,DERIVED_FROM_SAME_MASS_FIT,UNIQUE_POSITIVE_IN_SUPPORT,PASS,EXACT_WITHIN_1E-12_S,CUMULATIVE_MEASURED_VIAL_MASS_BOUNDARY,PASS,,P24-MAT-PRED;P24-MASS-PRED;P24-M-PREP-PRED,CC-BY-NC-3.0; source-derived numeric data are not relicensed as repository code,TARGET_EXPOSED;SOURCE_INTERNAL
PRED-C03,PRED-E03-R3,10,6,27.1309518256,30.0230543561,27.1309518256,30.0230543561,DERIVED_SAME_MASS_FIT_ZERO,DERIVED_FROM_SAME_MASS_FIT,UNIQUE_POSITIVE_IN_SUPPORT,PASS,EXACT_WITHIN_1E-12_S,CUMULATIVE_MEASURED_VIAL_MASS_BOUNDARY,PASS,,P24-MAT-PRED;P24-MASS-PRED;P24-M-PREP-PRED,CC-BY-NC-3.0; source-derived numeric data are not relicensed as repository code,TARGET_EXPOSED;SOURCE_INTERNAL
PRED-C04,PRED-E04-R1,1,1,0,3.80139726267,0,3.80139726267,DERIVED_SAME_MASS_FIT_ZERO,DERIVED_FROM_SAME_MASS_FIT,UNIQUE_POSITIVE_IN_SUPPORT,PASS,EXACT_WITHIN_1E-12_S,CUMULATIVE_MEASURED_VIAL_MASS_BOUNDARY,PASS,,P24-MAT-PRED;P24-MASS-PRED;P24-M-PREP-PRED,CC-BY-NC-3.0; source-derived numeric data are not relicensed as repository code,TARGET_EXPOSED;SOURCE_INTERNAL
PRED-C04,PRED-E04-R1,2,2,3.80139726267,7.03367157822,3.80139726267,7.03367157822,DERIVED_SAME_MASS_FIT_ZERO,DERIVED_FROM_SAME_MASS_FIT,UNIQUE_POSITIVE_IN_SUPPORT,PASS,EXACT_WITHIN_1E-12_S,CUMULATIVE_MEASURED_VIAL_MASS_BOUNDARY,PASS,,P24-MAT-PRED;P24-MASS-PRED;P24-M-PREP-PRED,CC-BY-NC-3.0; source-derived numeric data are not relicensed as repository code,TARGET_EXPOSED;SOURCE_INTERNAL
PRED-C04,PRED-E04-R1,3,3,7.03367157822,10.1182329553,7.03367157822,10.1182329553,DERIVED_SAME_MASS_FIT_ZERO,DERIVED_FROM_SAME_MASS_FIT,UNIQUE_POSITIVE_IN_SUPPORT,PASS,EXACT_WITHIN_1E-12_S,CUMULATIVE_MEASURED_VIAL_MASS_BOUNDARY,PASS,,P24-MAT-PRED;P24-MASS-PRED;P24-M-PREP-PRED,CC-BY-NC-3.0; source-derived numeric data are not relicensed as repository code,TARGET_EXPOSED;SOURCE_INTERNAL
PRED-C04,PRED-E04-R1,4,,10.1182329553,13.1328229796,10.1182329553,13.1328229796,DERIVED_SAME_MASS_FIT_ZERO,DERIVED_FROM_SAME_MASS_FIT,UNIQUE_POSITIVE_IN_SUPPORT,PASS,EXACT_WITHIN_1E-12_S,CUMULATIVE_MEASURED_VIAL_MASS_BOUNDARY,PASS,,P24-MAT-PRED;P24-MASS-PRED;P24-M-PREP-PRED,CC-BY-NC-3.0; source-derived numeric data are not relicensed as repository code,TARGET_EXPOSED;SOURCE_INTERNAL
PRED-C04,PRED-E04-R1,5,4,13.1328229796,16.2131289504,13.1328229796,16.2131289504,DERIVED_SAME_MASS_FIT_ZERO,DERIVED_FROM_SAME_MASS_FIT,UNIQUE_POSITIVE_IN_SUPPORT,PASS,EXACT_WITHIN_1E-12_S,CUMULATIVE_MEASURED_VIAL_MASS_BOUNDARY,PASS,,P24-MAT-PRED;P24-MASS-PRED;P24-M-PREP-PRED,CC-BY-NC-3.0; source-derived numeric data are not relicensed as repository code,TARGET_EXPOSED;SOURCE_INTERNAL
PRED-C04,PRED-E04-R1,6,,16.2131289504,19.1999448833,16.2131289504,19.1999448833,DERIVED_SAME_MASS_FIT_ZERO,DERIVED_FROM_SAME_MASS_FIT,UNIQUE_POSITIVE_IN_SUPPORT,PASS,EXACT_WITHIN_1E-12_S,CUMULATIVE_MEASURED_VIAL_MASS_BOUNDARY,PASS,,P24-MAT-PRED;P24-MASS-PRED;P24-M-PREP-PRED,CC-BY-NC-3.0; source-derived numeric data are not relicensed as repository code,TARGET_EXPOSED;SOURCE_INTERNAL
PRED-C04,PRED-E04-R1,7,5,19.1999448833,22.2222063084,19.1999448833,22.2222063084,DERIVED_SAME_MASS_FIT_ZERO,DERIVED_FROM_SAME_MASS_FIT,UNIQUE_POSITIVE_IN_SUPPORT,PASS,EXACT_WITHIN_1E-12_S,CUMULATIVE_MEASURED_VIAL_MASS_BOUNDARY,PASS,,P24-MAT-PRED;P24-MASS-PRED;P24-M-PREP-PRED,CC-BY-NC-3.0; source-derived numeric data are not relicensed as repository code,TARGET_EXPOSED;SOURCE_INTERNAL
PRED-C04,PRED-E04-R1,8,,22.2222063084,25.1824520458,22.2222063084,25.1824520458,DERIVED_SAME_MASS_FIT_ZERO,DERIVED_FROM_SAME_MASS_FIT,UNIQUE_POSITIVE_IN_SUPPORT,PASS,EXACT_WITHIN_1E-12_S,CUMULATIVE_MEASURED_VIAL_MASS_BOUNDARY,PASS,,P24-MAT-PRED;P24-MASS-PRED;P24-M-PREP-PRED,CC-BY-NC-3.0; source-derived numeric data are not relicensed as repository code,TARGET_EXPOSED;SOURCE_INTERNAL
PRED-C04,PRED-E04-R1,9,,25.1824520458,28.1105717989,25.1824520458,28.1105717989,DERIVED_SAME_MASS_FIT_ZERO,DERIVED_FROM_SAME_MASS_FIT,UNIQUE_POSITIVE_IN_SUPPORT,PASS,EXACT_WITHIN_1E-12_S,CUMULATIVE_MEASURED_VIAL_MASS_BOUNDARY,PASS,,P24-MAT-PRED;P24-MASS-PRED;P24-M-PREP-PRED,CC-BY-NC-3.0; source-derived numeric data are not relicensed as repository code,TARGET_EXPOSED;SOURCE_INTERNAL
PRED-C04,PRED-E04-R1,10,6,28.1105717989,31.4362682145,28.1105717989,31.4362682145,DERIVED_SAME_MASS_FIT_ZERO,DERIVED_FROM_SAME_MASS_FIT,UNIQUE_POSITIVE_IN_SUPPORT,PASS,EXACT_WITHIN_1E-12_S,CUMULATIVE_MEASURED_VIAL_MASS_BOUNDARY,PASS,,P24-MAT-PRED;P24-MASS-PRED;P24-M-PREP-PRED,CC-BY-NC-3.0; source-derived numeric data are not relicensed as repository code,TARGET_EXPOSED;SOURCE_INTERNAL
PRED-C04,PRED-E04-R2,1,1,0,2.68027837581,0,2.68027837581,DERIVED_SAME_MASS_FIT_ZERO,DERIVED_FROM_SAME_MASS_FIT,UNIQUE_POSITIVE_IN_SUPPORT,PASS,EXACT_WITHIN_1E-12_S,CUMULATIVE_MEASURED_VIAL_MASS_BOUNDARY,PASS,,P24-MAT-PRED;P24-MASS-PRED;P24-M-PREP-PRED,CC-BY-NC-3.0; source-derived numeric data are not relicensed as repository code,TARGET_EXPOSED;SOURCE_INTERNAL
PRED-C04,PRED-E04-R2,2,2,2.68027837581,5.87019940107,2.68027837581,5.87019940107,DERIVED_SAME_MASS_FIT_ZERO,DERIVED_FROM_SAME_MASS_FIT,UNIQUE_POSITIVE_IN_SUPPORT,PASS,EXACT_WITHIN_1E-12_S,CUMULATIVE_MEASURED_VIAL_MASS_BOUNDARY,PASS,,P24-MAT-PRED;P24-MASS-PRED;P24-M-PREP-PRED,CC-BY-NC-3.0; source-derived numeric data are not relicensed as repository code,TARGET_EXPOSED;SOURCE_INTERNAL
PRED-C04,PRED-E04-R2,3,3,5.87019940107,8.88309644813,5.87019940107,8.88309644813,DERIVED_SAME_MASS_FIT_ZERO,DERIVED_FROM_SAME_MASS_FIT,UNIQUE_POSITIVE_IN_SUPPORT,PASS,EXACT_WITHIN_1E-12_S,CUMULATIVE_MEASURED_VIAL_MASS_BOUNDARY,PASS,,P24-MAT-PRED;P24-MASS-PRED;P24-M-PREP-PRED,CC-BY-NC-3.0; source-derived numeric data are not relicensed as repository code,TARGET_EXPOSED;SOURCE_INTERNAL
PRED-C04,PRED-E04-R2,4,,8.88309644813,11.9012117735,8.88309644813,11.9012117735,DERIVED_SAME_MASS_FIT_ZERO,DERIVED_FROM_SAME_MASS_FIT,UNIQUE_POSITIVE_IN_SUPPORT,PASS,EXACT_WITHIN_1E-12_S,CUMULATIVE_MEASURED_VIAL_MASS_BOUNDARY,PASS,,P24-MAT-PRED;P24-MASS-PRED;P24-M-PREP-PRED,CC-BY-NC-3.0; source-derived numeric data are not relicensed as repository code,TARGET_EXPOSED;SOURCE_INTERNAL
PRED-C04,PRED-E04-R2,5,4,11.9012117735,14.9561005412,11.9012117735,14.9561005412,DERIVED_SAME_MASS_FIT_ZERO,DERIVED_FROM_SAME_MASS_FIT,UNIQUE_POSITIVE_IN_SUPPORT,PASS,EXACT_WITHIN_1E-12_S,CUMULATIVE_MEASURED_VIAL_MASS_BOUNDARY,PASS,,P24-MAT-PRED;P24-MASS-PRED;P24-M-PREP-PRED,CC-BY-NC-3.0; source-derived numeric data are not relicensed as repository code,TARGET_EXPOSED;SOURCE_INTERNAL
PRED-C04,PRED-E04-R2,6,,14.9561005412,18.0719794923,14.9561005412,18.0719794923,DERIVED_SAME_MASS_FIT_ZERO,DERIVED_FROM_SAME_MASS_FIT,UNIQUE_POSITIVE_IN_SUPPORT,PASS,EXACT_WITHIN_1E-12_S,CUMULATIVE_MEASURED_VIAL_MASS_BOUNDARY,PASS,,P24-MAT-PRED;P24-MASS-PRED;P24-M-PREP-PRED,CC-BY-NC-3.0; source-derived numeric data are not relicensed as repository code,TARGET_EXPOSED;SOURCE_INTERNAL
PRED-C04,PRED-E04-R2,7,5,18.0719794923,21.1549929705,18.0719794923,21.1549929705,DERIVED_SAME_MASS_FIT_ZERO,DERIVED_FROM_SAME_MASS_FIT,UNIQUE_POSITIVE_IN_SUPPORT,PASS,EXACT_WITHIN_1E-12_S,CUMULATIVE_MEASURED_VIAL_MASS_BOUNDARY,PASS,,P24-MAT-PRED;P24-MASS-PRED;P24-M-PREP-PRED,CC-BY-NC-3.0; source-derived numeric data are not relicensed as repository code,TARGET_EXPOSED;SOURCE_INTERNAL
PRED-C04,PRED-E04-R2,8,,21.1549929705,24.1797955736,21.1549929705,24.1797955736,DERIVED_SAME_MASS_FIT_ZERO,DERIVED_FROM_SAME_MASS_FIT,UNIQUE_POSITIVE_IN_SUPPORT,PASS,EXACT_WITHIN_1E-12_S,CUMULATIVE_MEASURED_VIAL_MASS_BOUNDARY,PASS,,P24-MAT-PRED;P24-MASS-PRED;P24-M-PREP-PRED,CC-BY-NC-3.0; source-derived numeric data are not relicensed as repository code,TARGET_EXPOSED;SOURCE_INTERNAL
PRED-C04,PRED-E04-R2,9,,24.1797955736,27.280191621,24.1797955736,27.280191621,DERIVED_SAME_MASS_FIT_ZERO,DERIVED_FROM_SAME_MASS_FIT,UNIQUE_POSITIVE_IN_SUPPORT,PASS,EXACT_WITHIN_1E-12_S,CUMULATIVE_MEASURED_VIAL_MASS_BOUNDARY,PASS,,P24-MAT-PRED;P24-MASS-PRED;P24-M-PREP-PRED,CC-BY-NC-3.0; source-derived numeric data are not relicensed as repository code,TARGET_EXPOSED;SOURCE_INTERNAL
PRED-C04,PRED-E04-R2,10,6,27.280191621,30.4783563096,27.280191621,30.4783563096,DERIVED_SAME_MASS_FIT_ZERO,DERIVED_FROM_SAME_MASS_FIT,UNIQUE_POSITIVE_IN_SUPPORT,PASS,EXACT_WITHIN_1E-12_S,CUMULATIVE_MEASURED_VIAL_MASS_BOUNDARY,PASS,,P24-MAT-PRED;P24-MASS-PRED;P24-M-PREP-PRED,CC-BY-NC-3.0; source-derived numeric data are not relicensed as repository code,TARGET_EXPOSED;SOURCE_INTERNAL
PRED-C04,PRED-E04-R3,1,1,0,3.54206968201,0,3.54206968201,DERIVED_SAME_MASS_FIT_ZERO,DERIVED_FROM_SAME_MASS_FIT,UNIQUE_POSITIVE_IN_SUPPORT,PASS,EXACT_WITHIN_1E-12_S,CUMULATIVE_MEASURED_VIAL_MASS_BOUNDARY,PASS,,P24-MAT-PRED;P24-MASS-PRED;P24-M-PREP-PRED,CC-BY-NC-3.0; source-derived numeric data are not relicensed as repository code,TARGET_EXPOSED;SOURCE_INTERNAL
PRED-C04,PRED-E04-R3,2,2,3.54206968201,6.70220508325,3.54206968201,6.70220508325,DERIVED_SAME_MASS_FIT_ZERO,DERIVED_FROM_SAME_MASS_FIT,UNIQUE_POSITIVE_IN_SUPPORT,PASS,EXACT_WITHIN_1E-12_S,CUMULATIVE_MEASURED_VIAL_MASS_BOUNDARY,PASS,,P24-MAT-PRED;P24-MASS-PRED;P24-M-PREP-PRED,CC-BY-NC-3.0; source-derived numeric data are not relicensed as repository code,TARGET_EXPOSED;SOURCE_INTERNAL
PRED-C04,PRED-E04-R3,3,3,6.70220508325,9.63282226871,6.70220508325,9.63282226871,DERIVED_SAME_MASS_FIT_ZERO,DERIVED_FROM_SAME_MASS_FIT,UNIQUE_POSITIVE_IN_SUPPORT,PASS,EXACT_WITHIN_1E-12_S,CUMULATIVE_MEASURED_VIAL_MASS_BOUNDARY,PASS,,P24-MAT-PRED;P24-MASS-PRED;P24-M-PREP-PRED,CC-BY-NC-3.0; source-derived numeric data are not relicensed as repository code,TARGET_EXPOSED;SOURCE_INTERNAL
PRED-C04,PRED-E04-R3,4,,9.63282226871,12.5618907029,9.63282226871,12.5618907029,DERIVED_SAME_MASS_FIT_ZERO,DERIVED_FROM_SAME_MASS_FIT,UNIQUE_POSITIVE_IN_SUPPORT,PASS,EXACT_WITHIN_1E-12_S,CUMULATIVE_MEASURED_VIAL_MASS_BOUNDARY,PASS,,P24-MAT-PRED;P24-MASS-PRED;P24-M-PREP-PRED,CC-BY-NC-3.0; source-derived numeric data are not relicensed as repository code,TARGET_EXPOSED;SOURCE_INTERNAL
PRED-C04,PRED-E04-R3,5,4,12.5618907029,15.6262338799,12.5618907029,15.6262338799,DERIVED_SAME_MASS_FIT_ZERO,DERIVED_FROM_SAME_MASS_FIT,UNIQUE_POSITIVE_IN_SUPPORT,PASS,EXACT_WITHIN_1E-12_S,CUMULATIVE_MEASURED_VIAL_MASS_BOUNDARY,PASS,,P24-MAT-PRED;P24-MASS-PRED;P24-M-PREP-PRED,CC-BY-NC-3.0; source-derived numeric data are not relicensed as repository code,TARGET_EXPOSED;SOURCE_INTERNAL
PRED-C04,PRED-E04-R3,6,,15.6262338799,18.6592167218,15.6262338799,18.6592167218,DERIVED_SAME_MASS_FIT_ZERO,DERIVED_FROM_SAME_MASS_FIT,UNIQUE_POSITIVE_IN_SUPPORT,PASS,EXACT_WITHIN_1E-12_S,CUMULATIVE_MEASURED_VIAL_MASS_BOUNDARY,PASS,,P24-MAT-PRED;P24-MASS-PRED;P24-M-PREP-PRED,CC-BY-NC-3.0; source-derived numeric data are not relicensed as repository code,TARGET_EXPOSED;SOURCE_INTERNAL
PRED-C04,PRED-E04-R3,7,5,18.6592167218,21.7880346948,18.6592167218,21.7880346948,DERIVED_SAME_MASS_FIT_ZERO,DERIVED_FROM_SAME_MASS_FIT,UNIQUE_POSITIVE_IN_SUPPORT,PASS,EXACT_WITHIN_1E-12_S,CUMULATIVE_MEASURED_VIAL_MASS_BOUNDARY,PASS,,P24-MAT-PRED;P24-MASS-PRED;P24-M-PREP-PRED,CC-BY-NC-3.0; source-derived numeric data are not relicensed as repository code,TARGET_EXPOSED;SOURCE_INTERNAL
PRED-C04,PRED-E04-R3,8,,21.7880346948,24.8698053971,21.7880346948,24.8698053971,DERIVED_SAME_MASS_FIT_ZERO,DERIVED_FROM_SAME_MASS_FIT,UNIQUE_POSITIVE_IN_SUPPORT,PASS,EXACT_WITHIN_1E-12_S,CUMULATIVE_MEASURED_VIAL_MASS_BOUNDARY,PASS,,P24-MAT-PRED;P24-MASS-PRED;P24-M-PREP-PRED,CC-BY-NC-3.0; source-derived numeric data are not relicensed as repository code,TARGET_EXPOSED;SOURCE_INTERNAL
PRED-C04,PRED-E04-R3,9,,24.8698053971,28.0535589792,24.8698053971,28.0535589792,DERIVED_SAME_MASS_FIT_ZERO,DERIVED_FROM_SAME_MASS_FIT,UNIQUE_POSITIVE_IN_SUPPORT,PASS,EXACT_WITHIN_1E-12_S,CUMULATIVE_MEASURED_VIAL_MASS_BOUNDARY,PASS,,P24-MAT-PRED;P24-MASS-PRED;P24-M-PREP-PRED,CC-BY-NC-3.0; source-derived numeric data are not relicensed as repository code,TARGET_EXPOSED;SOURCE_INTERNAL
PRED-C04,PRED-E04-R3,10,6,28.0535589792,31.2460178053,28.0535589792,31.2460178053,DERIVED_SAME_MASS_FIT_ZERO,DERIVED_FROM_SAME_MASS_FIT,UNIQUE_POSITIVE_IN_SUPPORT,PASS,EXACT_WITHIN_1E-12_S,CUMULATIVE_MEASURED_VIAL_MASS_BOUNDARY,PASS,,P24-MAT-PRED;P24-MASS-PRED;P24-M-PREP-PRED,CC-BY-NC-3.0; source-derived numeric data are not relicensed as repository code,TARGET_EXPOSED;SOURCE_INTERNAL
PRED-C05,PRED-E05-R1,1,1,0,2.63515101001,0,2.63515101001,DERIVED_SAME_MASS_FIT_ZERO,DERIVED_FROM_SAME_MASS_FIT,UNIQUE_POSITIVE_IN_SUPPORT,PASS,EXACT_WITHIN_1E-12_S,CUMULATIVE_MEASURED_VIAL_MASS_BOUNDARY,PASS,,P24-MAT-PRED;P24-MASS-PRED;P24-M-PREP-PRED,CC-BY-NC-3.0; source-derived numeric data are not relicensed as repository code,TARGET_EXPOSED;SOURCE_INTERNAL
PRED-C05,PRED-E05-R1,2,2,2.63515101001,6.36417003542,2.63515101001,6.36417003542,DERIVED_SAME_MASS_FIT_ZERO,DERIVED_FROM_SAME_MASS_FIT,UNIQUE_POSITIVE_IN_SUPPORT,PASS,EXACT_WITHIN_1E-12_S,CUMULATIVE_MEASURED_VIAL_MASS_BOUNDARY,PASS,,P24-MAT-PRED;P24-MASS-PRED;P24-M-PREP-PRED,CC-BY-NC-3.0; source-derived numeric data are not relicensed as repository code,TARGET_EXPOSED;SOURCE_INTERNAL
PRED-C05,PRED-E05-R1,3,3,6.36417003542,9.81719349872,6.36417003542,9.81719349872,DERIVED_SAME_MASS_FIT_ZERO,DERIVED_FROM_SAME_MASS_FIT,UNIQUE_POSITIVE_IN_SUPPORT,PASS,EXACT_WITHIN_1E-12_S,CUMULATIVE_MEASURED_VIAL_MASS_BOUNDARY,PASS,,P24-MAT-PRED;P24-MASS-PRED;P24-M-PREP-PRED,CC-BY-NC-3.0; source-derived numeric data are not relicensed as repository code,TARGET_EXPOSED;SOURCE_INTERNAL
PRED-C05,PRED-E05-R1,4,,9.81719349872,13.2510385045,9.81719349872,13.2510385045,DERIVED_SAME_MASS_FIT_ZERO,DERIVED_FROM_SAME_MASS_FIT,UNIQUE_POSITIVE_IN_SUPPORT,PASS,EXACT_WITHIN_1E-12_S,CUMULATIVE_MEASURED_VIAL_MASS_BOUNDARY,PASS,,P24-MAT-PRED;P24-MASS-PRED;P24-M-PREP-PRED,CC-BY-NC-3.0; source-derived numeric data are not relicensed as repository code,TARGET_EXPOSED;SOURCE_INTERNAL
PRED-C05,PRED-E05-R1,5,4,13.2510385045,16.5319719002,13.2510385045,16.5319719002,DERIVED_SAME_MASS_FIT_ZERO,DERIVED_FROM_SAME_MASS_FIT,UNIQUE_POSITIVE_IN_SUPPORT,PASS,EXACT_WITHIN_1E-12_S,CUMULATIVE_MEASURED_VIAL_MASS_BOUNDARY,PASS,,P24-MAT-PRED;P24-MASS-PRED;P24-M-PREP-PRED,CC-BY-NC-3.0; source-derived numeric data are not relicensed as repository code,TARGET_EXPOSED;SOURCE_INTERNAL
PRED-C05,PRED-E05-R1,6,,16.5319719002,19.92965939,16.5319719002,19.92965939,DERIVED_SAME_MASS_FIT_ZERO,DERIVED_FROM_SAME_MASS_FIT,UNIQUE_POSITIVE_IN_SUPPORT,PASS,EXACT_WITHIN_1E-12_S,CUMULATIVE_MEASURED_VIAL_MASS_BOUNDARY,PASS,,P24-MAT-PRED;P24-MASS-PRED;P24-M-PREP-PRED,CC-BY-NC-3.0; source-derived numeric data are not relicensed as repository code,TARGET_EXPOSED;SOURCE_INTERNAL
PRED-C05,PRED-E05-R1,7,5,19.92965939,23.2334710992,19.92965939,23.2334710992,DERIVED_SAME_MASS_FIT_ZERO,DERIVED_FROM_SAME_MASS_FIT,UNIQUE_POSITIVE_IN_SUPPORT,PASS,EXACT_WITHIN_1E-12_S,CUMULATIVE_MEASURED_VIAL_MASS_BOUNDARY,PASS,,P24-MAT-PRED;P24-MASS-PRED;P24-M-PREP-PRED,CC-BY-NC-3.0; source-derived numeric data are not relicensed as repository code,TARGET_EXPOSED;SOURCE_INTERNAL
PRED-C05,PRED-E05-R1,8,,23.2334710992,26.7052375327,23.2334710992,26.7052375327,DERIVED_SAME_MASS_FIT_ZERO,DERIVED_FROM_SAME_MASS_FIT,UNIQUE_POSITIVE_IN_SUPPORT,PASS,EXACT_WITHIN_1E-12_S,CUMULATIVE_MEASURED_VIAL_MASS_BOUNDARY,PASS,,P24-MAT-PRED;P24-MASS-PRED;P24-M-PREP-PRED,CC-BY-NC-3.0; source-derived numeric data are not relicensed as repository code,TARGET_EXPOSED;SOURCE_INTERNAL
PRED-C05,PRED-E05-R1,9,,26.7052375327,30.0813714368,26.7052375327,30.0813714368,DERIVED_SAME_MASS_FIT_ZERO,DERIVED_FROM_SAME_MASS_FIT,UNIQUE_POSITIVE_IN_SUPPORT,PASS,EXACT_WITHIN_1E-12_S,CUMULATIVE_MEASURED_VIAL_MASS_BOUNDARY,PASS,,P24-MAT-PRED;P24-MASS-PRED;P24-M-PREP-PRED,CC-BY-NC-3.0; source-derived numeric data are not relicensed as repository code,TARGET_EXPOSED;SOURCE_INTERNAL
PRED-C05,PRED-E05-R1,10,6,30.0813714368,33.5598715936,30.0813714368,33.5598715936,DERIVED_SAME_MASS_FIT_ZERO,DERIVED_FROM_SAME_MASS_FIT,UNIQUE_POSITIVE_IN_SUPPORT,PASS,EXACT_WITHIN_1E-12_S,CUMULATIVE_MEASURED_VIAL_MASS_BOUNDARY,PASS,,P24-MAT-PRED;P24-MASS-PRED;P24-M-PREP-PRED,CC-BY-NC-3.0; source-derived numeric data are not relicensed as repository code,TARGET_EXPOSED;SOURCE_INTERNAL
PRED-C05,PRED-E05-R2,1,1,0,5.59714740908,0,5.59714740908,DERIVED_SAME_MASS_FIT_ZERO,DERIVED_FROM_SAME_MASS_FIT,UNIQUE_POSITIVE_IN_SUPPORT,PASS,EXACT_WITHIN_1E-12_S,CUMULATIVE_MEASURED_VIAL_MASS_BOUNDARY,PASS,,P24-MAT-PRED;P24-MASS-PRED;P24-M-PREP-PRED,CC-BY-NC-3.0; source-derived numeric data are not relicensed as repository code,TARGET_EXPOSED;SOURCE_INTERNAL
PRED-C05,PRED-E05-R2,2,2,5.59714740908,9.16701573605,5.59714740908,9.16701573605,DERIVED_SAME_MASS_FIT_ZERO,DERIVED_FROM_SAME_MASS_FIT,UNIQUE_POSITIVE_IN_SUPPORT,PASS,EXACT_WITHIN_1E-12_S,CUMULATIVE_MEASURED_VIAL_MASS_BOUNDARY,PASS,,P24-MAT-PRED;P24-MASS-PRED;P24-M-PREP-PRED,CC-BY-NC-3.0; source-derived numeric data are not relicensed as repository code,TARGET_EXPOSED;SOURCE_INTERNAL
PRED-C05,PRED-E05-R2,3,3,9.16701573605,12.8168216652,9.16701573605,12.8168216652,DERIVED_SAME_MASS_FIT_ZERO,DERIVED_FROM_SAME_MASS_FIT,UNIQUE_POSITIVE_IN_SUPPORT,PASS,EXACT_WITHIN_1E-12_S,CUMULATIVE_MEASURED_VIAL_MASS_BOUNDARY,PASS,,P24-MAT-PRED;P24-MASS-PRED;P24-M-PREP-PRED,CC-BY-NC-3.0; source-derived numeric data are not relicensed as repository code,TARGET_EXPOSED;SOURCE_INTERNAL
PRED-C05,PRED-E05-R2,4,,12.8168216652,16.4528698321,12.8168216652,16.4528698321,DERIVED_SAME_MASS_FIT_ZERO,DERIVED_FROM_SAME_MASS_FIT,UNIQUE_POSITIVE_IN_SUPPORT,PASS,EXACT_WITHIN_1E-12_S,CUMULATIVE_MEASURED_VIAL_MASS_BOUNDARY,PASS,,P24-MAT-PRED;P24-MASS-PRED;P24-M-PREP-PRED,CC-BY-NC-3.0; source-derived numeric data are not relicensed as repository code,TARGET_EXPOSED;SOURCE_INTERNAL
PRED-C05,PRED-E05-R2,5,4,16.4528698321,20.0215345885,16.4528698321,20.0215345885,DERIVED_SAME_MASS_FIT_ZERO,DERIVED_FROM_SAME_MASS_FIT,UNIQUE_POSITIVE_IN_SUPPORT,PASS,EXACT_WITHIN_1E-12_S,CUMULATIVE_MEASURED_VIAL_MASS_BOUNDARY,PASS,,P24-MAT-PRED;P24-MASS-PRED;P24-M-PREP-PRED,CC-BY-NC-3.0; source-derived numeric data are not relicensed as repository code,TARGET_EXPOSED;SOURCE_INTERNAL
PRED-C05,PRED-E05-R2,6,,20.0215345885,23.4582885474,20.0215345885,23.4582885474,DERIVED_SAME_MASS_FIT_ZERO,DERIVED_FROM_SAME_MASS_FIT,UNIQUE_POSITIVE_IN_SUPPORT,PASS,EXACT_WITHIN_1E-12_S,CUMULATIVE_MEASURED_VIAL_MASS_BOUNDARY,PASS,,P24-MAT-PRED;P24-MASS-PRED;P24-M-PREP-PRED,CC-BY-NC-3.0; source-derived numeric data are not relicensed as repository code,TARGET_EXPOSED;SOURCE_INTERNAL
PRED-C05,PRED-E05-R2,7,5,23.4582885474,26.9220496968,23.4582885474,26.9220496968,DERIVED_SAME_MASS_FIT_ZERO,DERIVED_FROM_SAME_MASS_FIT,UNIQUE_POSITIVE_IN_SUPPORT,PASS,EXACT_WITHIN_1E-12_S,CUMULATIVE_MEASURED_VIAL_MASS_BOUNDARY,PASS,,P24-MAT-PRED;P24-MASS-PRED;P24-M-PREP-PRED,CC-BY-NC-3.0; source-derived numeric data are not relicensed as repository code,TARGET_EXPOSED;SOURCE_INTERNAL
PRED-C05,PRED-E05-R2,8,,26.9220496968,30.7860739094,26.9220496968,30.7860739094,DERIVED_SAME_MASS_FIT_ZERO,DERIVED_FROM_SAME_MASS_FIT,UNIQUE_POSITIVE_IN_SUPPORT,PASS,EXACT_WITHIN_1E-12_S,CUMULATIVE_MEASURED_VIAL_MASS_BOUNDARY,PASS,,P24-MAT-PRED;P24-MASS-PRED;P24-M-PREP-PRED,CC-BY-NC-3.0; source-derived numeric data are not relicensed as repository code,TARGET_EXPOSED;SOURCE_INTERNAL
PRED-C05,PRED-E05-R2,9,,30.7860739094,34.4696361075,30.7860739094,34.4696361075,DERIVED_SAME_MASS_FIT_ZERO,DERIVED_FROM_SAME_MASS_FIT,UNIQUE_POSITIVE_IN_SUPPORT,PASS,EXACT_WITHIN_1E-12_S,CUMULATIVE_MEASURED_VIAL_MASS_BOUNDARY,PASS,,P24-MAT-PRED;P24-MASS-PRED;P24-M-PREP-PRED,CC-BY-NC-3.0; source-derived numeric data are not relicensed as repository code,TARGET_EXPOSED;SOURCE_INTERNAL
PRED-C05,PRED-E05-R2,10,6,34.4696361075,38.2263844143,34.4696361075,38.2263844143,DERIVED_SAME_MASS_FIT_ZERO,DERIVED_FROM_SAME_MASS_FIT,UNIQUE_POSITIVE_IN_SUPPORT,PASS,EXACT_WITHIN_1E-12_S,CUMULATIVE_MEASURED_VIAL_MASS_BOUNDARY,PASS,,P24-MAT-PRED;P24-MASS-PRED;P24-M-PREP-PRED,CC-BY-NC-3.0; source-derived numeric data are not relicensed as repository code,TARGET_EXPOSED;SOURCE_INTERNAL
PRED-C05,PRED-E05-R3,1,1,0,3.27882564594,0,3.27882564594,DERIVED_SAME_MASS_FIT_ZERO,DERIVED_FROM_SAME_MASS_FIT,UNIQUE_POSITIVE_IN_SUPPORT,PASS,EXACT_WITHIN_1E-12_S,CUMULATIVE_MEASURED_VIAL_MASS_BOUNDARY,PASS,,P24-MAT-PRED;P24-MASS-PRED;P24-M-PREP-PRED,CC-BY-NC-3.0; source-derived numeric data are not relicensed as repository code,TARGET_EXPOSED;SOURCE_INTERNAL
PRED-C05,PRED-E05-R3,2,2,3.27882564594,7.06400361559,3.27882564594,7.06400361559,DERIVED_SAME_MASS_FIT_ZERO,DERIVED_FROM_SAME_MASS_FIT,UNIQUE_POSITIVE_IN_SUPPORT,PASS,EXACT_WITHIN_1E-12_S,CUMULATIVE_MEASURED_VIAL_MASS_BOUNDARY,PASS,,P24-MAT-PRED;P24-MASS-PRED;P24-M-PREP-PRED,CC-BY-NC-3.0; source-derived numeric data are not relicensed as repository code,TARGET_EXPOSED;SOURCE_INTERNAL
PRED-C05,PRED-E05-R3,3,3,7.06400361559,10.574836196,7.06400361559,10.574836196,DERIVED_SAME_MASS_FIT_ZERO,DERIVED_FROM_SAME_MASS_FIT,UNIQUE_POSITIVE_IN_SUPPORT,PASS,EXACT_WITHIN_1E-12_S,CUMULATIVE_MEASURED_VIAL_MASS_BOUNDARY,PASS,,P24-MAT-PRED;P24-MASS-PRED;P24-M-PREP-PRED,CC-BY-NC-3.0; source-derived numeric data are not relicensed as repository code,TARGET_EXPOSED;SOURCE_INTERNAL
PRED-C05,PRED-E05-R3,4,,10.574836196,14.1906577093,10.574836196,14.1906577093,DERIVED_SAME_MASS_FIT_ZERO,DERIVED_FROM_SAME_MASS_FIT,UNIQUE_POSITIVE_IN_SUPPORT,PASS,EXACT_WITHIN_1E-12_S,CUMULATIVE_MEASURED_VIAL_MASS_BOUNDARY,PASS,,P24-MAT-PRED;P24-MASS-PRED;P24-M-PREP-PRED,CC-BY-NC-3.0; source-derived numeric data are not relicensed as repository code,TARGET_EXPOSED;SOURCE_INTERNAL
PRED-C05,PRED-E05-R3,5,4,14.1906577093,17.7417681394,14.1906577093,17.7417681394,DERIVED_SAME_MASS_FIT_ZERO,DERIVED_FROM_SAME_MASS_FIT,UNIQUE_POSITIVE_IN_SUPPORT,PASS,EXACT_WITHIN_1E-12_S,CUMULATIVE_MEASURED_VIAL_MASS_BOUNDARY,PASS,,P24-MAT-PRED;P24-MASS-PRED;P24-M-PREP-PRED,CC-BY-NC-3.0; source-derived numeric data are not relicensed as repository code,TARGET_EXPOSED;SOURCE_INTERNAL
PRED-C05,PRED-E05-R3,6,,17.7417681394,21.3482454269,17.7417681394,21.3482454269,DERIVED_SAME_MASS_FIT_ZERO,DERIVED_FROM_SAME_MASS_FIT,UNIQUE_POSITIVE_IN_SUPPORT,PASS,EXACT_WITHIN_1E-12_S,CUMULATIVE_MEASURED_VIAL_MASS_BOUNDARY,PASS,,P24-MAT-PRED;P24-MASS-PRED;P24-M-PREP-PRED,CC-BY-NC-3.0; source-derived numeric data are not relicensed as repository code,TARGET_EXPOSED;SOURCE_INTERNAL
PRED-C05,PRED-E05-R3,7,5,21.3482454269,24.7193234772,21.3482454269,24.7193234772,DERIVED_SAME_MASS_FIT_ZERO,DERIVED_FROM_SAME_MASS_FIT,UNIQUE_POSITIVE_IN_SUPPORT,PASS,EXACT_WITHIN_1E-12_S,CUMULATIVE_MEASURED_VIAL_MASS_BOUNDARY,PASS,,P24-MAT-PRED;P24-MASS-PRED;P24-M-PREP-PRED,CC-BY-NC-3.0; source-derived numeric data are not relicensed as repository code,TARGET_EXPOSED;SOURCE_INTERNAL
PRED-C05,PRED-E05-R3,8,,24.7193234772,28.4592110481,24.7193234772,28.4592110481,DERIVED_SAME_MASS_FIT_ZERO,DERIVED_FROM_SAME_MASS_FIT,UNIQUE_POSITIVE_IN_SUPPORT,PASS,EXACT_WITHIN_1E-12_S,CUMULATIVE_MEASURED_VIAL_MASS_BOUNDARY,PASS,,P24-MAT-PRED;P24-MASS-PRED;P24-M-PREP-PRED,CC-BY-NC-3.0; source-derived numeric data are not relicensed as repository code,TARGET_EXPOSED;SOURCE_INTERNAL
PRED-C05,PRED-E05-R3,9,,28.4592110481,32.1350430847,28.4592110481,32.1350430847,DERIVED_SAME_MASS_FIT_ZERO,DERIVED_FROM_SAME_MASS_FIT,UNIQUE_POSITIVE_IN_SUPPORT,PASS,EXACT_WITHIN_1E-12_S,CUMULATIVE_MEASURED_VIAL_MASS_BOUNDARY,PASS,,P24-MAT-PRED;P24-MASS-PRED;P24-M-PREP-PRED,CC-BY-NC-3.0; source-derived numeric data are not relicensed as repository code,TARGET_EXPOSED;SOURCE_INTERNAL
PRED-C05,PRED-E05-R3,10,6,32.1350430847,35.8528456851,32.1350430847,35.8528456851,DERIVED_SAME_MASS_FIT_ZERO,DERIVED_FROM_SAME_MASS_FIT,UNIQUE_POSITIVE_IN_SUPPORT,PASS,EXACT_WITHIN_1E-12_S,CUMULATIVE_MEASURED_VIAL_MASS_BOUNDARY,PASS,,P24-MAT-PRED;P24-MASS-PRED;P24-M-PREP-PRED,CC-BY-NC-3.0; source-derived numeric data are not relicensed as repository code,TARGET_EXPOSED;SOURCE_INTERNAL
PRED-C06,PRED-E06-R1,1,1,0,2.34528170112,0,2.34528170112,DERIVED_SAME_MASS_FIT_ZERO,DERIVED_FROM_SAME_MASS_FIT,UNIQUE_POSITIVE_IN_SUPPORT,PASS,EXACT_WITHIN_1E-12_S,CUMULATIVE_MEASURED_VIAL_MASS_BOUNDARY,PASS,,P24-MAT-PRED;P24-MASS-PRED;P24-M-PREP-PRED,CC-BY-NC-3.0; source-derived numeric data are not relicensed as repository code,TARGET_EXPOSED;SOURCE_INTERNAL
PRED-C06,PRED-E06-R1,2,2,2.34528170112,5.0255924523,2.34528170112,5.0255924523,DERIVED_SAME_MASS_FIT_ZERO,DERIVED_FROM_SAME_MASS_FIT,UNIQUE_POSITIVE_IN_SUPPORT,PASS,EXACT_WITHIN_1E-12_S,CUMULATIVE_MEASURED_VIAL_MASS_BOUNDARY,PASS,,P24-MAT-PRED;P24-MASS-PRED;P24-M-PREP-PRED,CC-BY-NC-3.0; source-derived numeric data are not relicensed as repository code,TARGET_EXPOSED;SOURCE_INTERNAL
PRED-C06,PRED-E06-R1,3,3,5.0255924523,7.59528262403,5.0255924523,7.59528262403,DERIVED_SAME_MASS_FIT_ZERO,DERIVED_FROM_SAME_MASS_FIT,UNIQUE_POSITIVE_IN_SUPPORT,PASS,EXACT_WITHIN_1E-12_S,CUMULATIVE_MEASURED_VIAL_MASS_BOUNDARY,PASS,,P24-MAT-PRED;P24-MASS-PRED;P24-M-PREP-PRED,CC-BY-NC-3.0; source-derived numeric data are not relicensed as repository code,TARGET_EXPOSED;SOURCE_INTERNAL
PRED-C06,PRED-E06-R1,4,,7.59528262403,10.1238467245,7.59528262403,10.1238467245,DERIVED_SAME_MASS_FIT_ZERO,DERIVED_FROM_SAME_MASS_FIT,UNIQUE_POSITIVE_IN_SUPPORT,PASS,EXACT_WITHIN_1E-12_S,CUMULATIVE_MEASURED_VIAL_MASS_BOUNDARY,PASS,,P24-MAT-PRED;P24-MASS-PRED;P24-M-PREP-PRED,CC-BY-NC-3.0; source-derived numeric data are not relicensed as repository code,TARGET_EXPOSED;SOURCE_INTERNAL
PRED-C06,PRED-E06-R1,5,4,10.1238467245,12.7137754725,10.1238467245,12.7137754725,DERIVED_SAME_MASS_FIT_ZERO,DERIVED_FROM_SAME_MASS_FIT,UNIQUE_POSITIVE_IN_SUPPORT,PASS,EXACT_WITHIN_1E-12_S,CUMULATIVE_MEASURED_VIAL_MASS_BOUNDARY,PASS,,P24-MAT-PRED;P24-MASS-PRED;P24-M-PREP-PRED,CC-BY-NC-3.0; source-derived numeric data are not relicensed as repository code,TARGET_EXPOSED;SOURCE_INTERNAL
PRED-C06,PRED-E06-R1,6,,12.7137754725,15.1613998004,12.7137754725,15.1613998004,DERIVED_SAME_MASS_FIT_ZERO,DERIVED_FROM_SAME_MASS_FIT,UNIQUE_POSITIVE_IN_SUPPORT,PASS,EXACT_WITHIN_1E-12_S,CUMULATIVE_MEASURED_VIAL_MASS_BOUNDARY,PASS,,P24-MAT-PRED;P24-MASS-PRED;P24-M-PREP-PRED,CC-BY-NC-3.0; source-derived numeric data are not relicensed as repository code,TARGET_EXPOSED;SOURCE_INTERNAL
PRED-C06,PRED-E06-R1,7,5,15.1613998004,17.8800374644,15.1613998004,17.8800374644,DERIVED_SAME_MASS_FIT_ZERO,DERIVED_FROM_SAME_MASS_FIT,UNIQUE_POSITIVE_IN_SUPPORT,PASS,EXACT_WITHIN_1E-12_S,CUMULATIVE_MEASURED_VIAL_MASS_BOUNDARY,PASS,,P24-MAT-PRED;P24-MASS-PRED;P24-M-PREP-PRED,CC-BY-NC-3.0; source-derived numeric data are not relicensed as repository code,TARGET_EXPOSED;SOURCE_INTERNAL
PRED-C06,PRED-E06-R1,8,,17.8800374644,20.5129089166,17.8800374644,20.5129089166,DERIVED_SAME_MASS_FIT_ZERO,DERIVED_FROM_SAME_MASS_FIT,UNIQUE_POSITIVE_IN_SUPPORT,PASS,EXACT_WITHIN_1E-12_S,CUMULATIVE_MEASURED_VIAL_MASS_BOUNDARY,PASS,,P24-MAT-PRED;P24-MASS-PRED;P24-M-PREP-PRED,CC-BY-NC-3.0; source-derived numeric data are not relicensed as repository code,TARGET_EXPOSED;SOURCE_INTERNAL
PRED-C06,PRED-E06-R1,9,,20.5129089166,23.1885282895,20.5129089166,23.1885282895,DERIVED_SAME_MASS_FIT_ZERO,DERIVED_FROM_SAME_MASS_FIT,UNIQUE_POSITIVE_IN_SUPPORT,PASS,EXACT_WITHIN_1E-12_S,CUMULATIVE_MEASURED_VIAL_MASS_BOUNDARY,PASS,,P24-MAT-PRED;P24-MASS-PRED;P24-M-PREP-PRED,CC-BY-NC-3.0; source-derived numeric data are not relicensed as repository code,TARGET_EXPOSED;SOURCE_INTERNAL
PRED-C06,PRED-E06-R1,10,6,23.1885282895,25.8786590925,23.1885282895,25.8786590925,DERIVED_SAME_MASS_FIT_ZERO,DERIVED_FROM_SAME_MASS_FIT,UNIQUE_POSITIVE_IN_SUPPORT,PASS,EXACT_WITHIN_1E-12_S,CUMULATIVE_MEASURED_VIAL_MASS_BOUNDARY,PASS,,P24-MAT-PRED;P24-MASS-PRED;P24-M-PREP-PRED,CC-BY-NC-3.0; source-derived numeric data are not relicensed as repository code,TARGET_EXPOSED;SOURCE_INTERNAL
PRED-C06,PRED-E06-R2,1,1,0,3.21004010752,0,3.21004010752,DERIVED_SAME_MASS_FIT_ZERO,DERIVED_FROM_SAME_MASS_FIT,UNIQUE_POSITIVE_IN_SUPPORT,PASS,EXACT_WITHIN_1E-12_S,CUMULATIVE_MEASURED_VIAL_MASS_BOUNDARY,PASS,,P24-MAT-PRED;P24-MASS-PRED;P24-M-PREP-PRED,CC-BY-NC-3.0; source-derived numeric data are not relicensed as repository code,TARGET_EXPOSED;SOURCE_INTERNAL
PRED-C06,PRED-E06-R2,2,2,3.21004010752,5.87296666181,3.21004010752,5.87296666181,DERIVED_SAME_MASS_FIT_ZERO,DERIVED_FROM_SAME_MASS_FIT,UNIQUE_POSITIVE_IN_SUPPORT,PASS,EXACT_WITHIN_1E-12_S,CUMULATIVE_MEASURED_VIAL_MASS_BOUNDARY,PASS,,P24-MAT-PRED;P24-MASS-PRED;P24-M-PREP-PRED,CC-BY-NC-3.0; source-derived numeric data are not relicensed as repository code,TARGET_EXPOSED;SOURCE_INTERNAL
PRED-C06,PRED-E06-R2,3,3,5.87296666181,8.43243697993,5.87296666181,8.43243697993,DERIVED_SAME_MASS_FIT_ZERO,DERIVED_FROM_SAME_MASS_FIT,UNIQUE_POSITIVE_IN_SUPPORT,PASS,EXACT_WITHIN_1E-12_S,CUMULATIVE_MEASURED_VIAL_MASS_BOUNDARY,PASS,,P24-MAT-PRED;P24-MASS-PRED;P24-M-PREP-PRED,CC-BY-NC-3.0; source-derived numeric data are not relicensed as repository code,TARGET_EXPOSED;SOURCE_INTERNAL
PRED-C06,PRED-E06-R2,4,,8.43243697993,11.03977875,8.43243697993,11.03977875,DERIVED_SAME_MASS_FIT_ZERO,DERIVED_FROM_SAME_MASS_FIT,UNIQUE_POSITIVE_IN_SUPPORT,PASS,EXACT_WITHIN_1E-12_S,CUMULATIVE_MEASURED_VIAL_MASS_BOUNDARY,PASS,,P24-MAT-PRED;P24-MASS-PRED;P24-M-PREP-PRED,CC-BY-NC-3.0; source-derived numeric data are not relicensed as repository code,TARGET_EXPOSED;SOURCE_INTERNAL
PRED-C06,PRED-E06-R2,5,4,11.03977875,13.6653818011,11.03977875,13.6653818011,DERIVED_SAME_MASS_FIT_ZERO,DERIVED_FROM_SAME_MASS_FIT,UNIQUE_POSITIVE_IN_SUPPORT,PASS,EXACT_WITHIN_1E-12_S,CUMULATIVE_MEASURED_VIAL_MASS_BOUNDARY,PASS,,P24-MAT-PRED;P24-MASS-PRED;P24-M-PREP-PRED,CC-BY-NC-3.0; source-derived numeric data are not relicensed as repository code,TARGET_EXPOSED;SOURCE_INTERNAL
PRED-C06,PRED-E06-R2,6,,13.6653818011,16.2713127063,13.6653818011,16.2713127063,DERIVED_SAME_MASS_FIT_ZERO,DERIVED_FROM_SAME_MASS_FIT,UNIQUE_POSITIVE_IN_SUPPORT,PASS,EXACT_WITHIN_1E-12_S,CUMULATIVE_MEASURED_VIAL_MASS_BOUNDARY,PASS,,P24-MAT-PRED;P24-MASS-PRED;P24-M-PREP-PRED,CC-BY-NC-3.0; source-derived numeric data are not relicensed as repository code,TARGET_EXPOSED;SOURCE_INTERNAL
PRED-C06,PRED-E06-R2,7,5,16.2713127063,18.9731632651,16.2713127063,18.9731632651,DERIVED_SAME_MASS_FIT_ZERO,DERIVED_FROM_SAME_MASS_FIT,UNIQUE_POSITIVE_IN_SUPPORT,PASS,EXACT_WITHIN_1E-12_S,CUMULATIVE_MEASURED_VIAL_MASS_BOUNDARY,PASS,,P24-MAT-PRED;P24-MASS-PRED;P24-M-PREP-PRED,CC-BY-NC-3.0; source-derived numeric data are not relicensed as repository code,TARGET_EXPOSED;SOURCE_INTERNAL
PRED-C06,PRED-E06-R2,8,,18.9731632651,21.7562700733,18.9731632651,21.7562700733,DERIVED_SAME_MASS_FIT_ZERO,DERIVED_FROM_SAME_MASS_FIT,UNIQUE_POSITIVE_IN_SUPPORT,PASS,EXACT_WITHIN_1E-12_S,CUMULATIVE_MEASURED_VIAL_MASS_BOUNDARY,PASS,,P24-MAT-PRED;P24-MASS-PRED;P24-M-PREP-PRED,CC-BY-NC-3.0; source-derived numeric data are not relicensed as repository code,TARGET_EXPOSED;SOURCE_INTERNAL
PRED-C06,PRED-E06-R2,9,,21.7562700733,24.3381080608,21.7562700733,24.3381080608,DERIVED_SAME_MASS_FIT_ZERO,DERIVED_FROM_SAME_MASS_FIT,UNIQUE_POSITIVE_IN_SUPPORT,PASS,EXACT_WITHIN_1E-12_S,CUMULATIVE_MEASURED_VIAL_MASS_BOUNDARY,PASS,,P24-MAT-PRED;P24-MASS-PRED;P24-M-PREP-PRED,CC-BY-NC-3.0; source-derived numeric data are not relicensed as repository code,TARGET_EXPOSED;SOURCE_INTERNAL
PRED-C06,PRED-E06-R2,10,6,24.3381080608,27.1405229668,24.3381080608,27.1405229668,DERIVED_SAME_MASS_FIT_ZERO,DERIVED_FROM_SAME_MASS_FIT,UNIQUE_POSITIVE_IN_SUPPORT,PASS,EXACT_WITHIN_1E-12_S,CUMULATIVE_MEASURED_VIAL_MASS_BOUNDARY,PASS,,P24-MAT-PRED;P24-MASS-PRED;P24-M-PREP-PRED,CC-BY-NC-3.0; source-derived numeric data are not relicensed as repository code,TARGET_EXPOSED;SOURCE_INTERNAL
PRED-C06,PRED-E06-R3,1,1,0,3.05380747543,0,3.05380747543,DERIVED_SAME_MASS_FIT_ZERO,DERIVED_FROM_SAME_MASS_FIT,UNIQUE_POSITIVE_IN_SUPPORT,PASS,EXACT_WITHIN_1E-12_S,CUMULATIVE_MEASURED_VIAL_MASS_BOUNDARY,PASS,,P24-MAT-PRED;P24-MASS-PRED;P24-M-PREP-PRED,CC-BY-NC-3.0; source-derived numeric data are not relicensed as repository code,TARGET_EXPOSED;SOURCE_INTERNAL
PRED-C06,PRED-E06-R3,2,2,3.05380747543,5.75327537189,3.05380747543,5.75327537189,DERIVED_SAME_MASS_FIT_ZERO,DERIVED_FROM_SAME_MASS_FIT,UNIQUE_POSITIVE_IN_SUPPORT,PASS,EXACT_WITHIN_1E-12_S,CUMULATIVE_MEASURED_VIAL_MASS_BOUNDARY,PASS,,P24-MAT-PRED;P24-MASS-PRED;P24-M-PREP-PRED,CC-BY-NC-3.0; source-derived numeric data are not relicensed as repository code,TARGET_EXPOSED;SOURCE_INTERNAL
PRED-C06,PRED-E06-R3,3,3,5.75327537189,8.52173457746,5.75327537189,8.52173457746,DERIVED_SAME_MASS_FIT_ZERO,DERIVED_FROM_SAME_MASS_FIT,UNIQUE_POSITIVE_IN_SUPPORT,PASS,EXACT_WITHIN_1E-12_S,CUMULATIVE_MEASURED_VIAL_MASS_BOUNDARY,PASS,,P24-MAT-PRED;P24-MASS-PRED;P24-M-PREP-PRED,CC-BY-NC-3.0; source-derived numeric data are not relicensed as repository code,TARGET_EXPOSED;SOURCE_INTERNAL
PRED-C06,PRED-E06-R3,4,,8.52173457746,11.1300320101,8.52173457746,11.1300320101,DERIVED_SAME_MASS_FIT_ZERO,DERIVED_FROM_SAME_MASS_FIT,UNIQUE_POSITIVE_IN_SUPPORT,PASS,EXACT_WITHIN_1E-12_S,CUMULATIVE_MEASURED_VIAL_MASS_BOUNDARY,PASS,,P24-MAT-PRED;P24-MASS-PRED;P24-M-PREP-PRED,CC-BY-NC-3.0; source-derived numeric data are not relicensed as repository code,TARGET_EXPOSED;SOURCE_INTERNAL
PRED-C06,PRED-E06-R3,5,4,11.1300320101,13.6916918551,11.1300320101,13.6916918551,DERIVED_SAME_MASS_FIT_ZERO,DERIVED_FROM_SAME_MASS_FIT,UNIQUE_POSITIVE_IN_SUPPORT,PASS,EXACT_WITHIN_1E-12_S,CUMULATIVE_MEASURED_VIAL_MASS_BOUNDARY,PASS,,P24-MAT-PRED;P24-MASS-PRED;P24-M-PREP-PRED,CC-BY-NC-3.0; source-derived numeric data are not relicensed as repository code,TARGET_EXPOSED;SOURCE_INTERNAL
PRED-C06,PRED-E06-R3,6,,13.6916918551,16.2347617722,13.6916918551,16.2347617722,DERIVED_SAME_MASS_FIT_ZERO,DERIVED_FROM_SAME_MASS_FIT,UNIQUE_POSITIVE_IN_SUPPORT,PASS,EXACT_WITHIN_1E-12_S,CUMULATIVE_MEASURED_VIAL_MASS_BOUNDARY,PASS,,P24-MAT-PRED;P24-MASS-PRED;P24-M-PREP-PRED,CC-BY-NC-3.0; source-derived numeric data are not relicensed as repository code,TARGET_EXPOSED;SOURCE_INTERNAL
PRED-C06,PRED-E06-R3,7,5,16.2347617722,18.8318871423,16.2347617722,18.8318871423,DERIVED_SAME_MASS_FIT_ZERO,DERIVED_FROM_SAME_MASS_FIT,UNIQUE_POSITIVE_IN_SUPPORT,PASS,EXACT_WITHIN_1E-12_S,CUMULATIVE_MEASURED_VIAL_MASS_BOUNDARY,PASS,,P24-MAT-PRED;P24-MASS-PRED;P24-M-PREP-PRED,CC-BY-NC-3.0; source-derived numeric data are not relicensed as repository code,TARGET_EXPOSED;SOURCE_INTERNAL
PRED-C06,PRED-E06-R3,8,,18.8318871423,21.4792992291,18.8318871423,21.4792992291,DERIVED_SAME_MASS_FIT_ZERO,DERIVED_FROM_SAME_MASS_FIT,UNIQUE_POSITIVE_IN_SUPPORT,PASS,EXACT_WITHIN_1E-12_S,CUMULATIVE_MEASURED_VIAL_MASS_BOUNDARY,PASS,,P24-MAT-PRED;P24-MASS-PRED;P24-M-PREP-PRED,CC-BY-NC-3.0; source-derived numeric data are not relicensed as repository code,TARGET_EXPOSED;SOURCE_INTERNAL
PRED-C06,PRED-E06-R3,9,,21.4792992291,24.1287156076,21.4792992291,24.1287156076,DERIVED_SAME_MASS_FIT_ZERO,DERIVED_FROM_SAME_MASS_FIT,UNIQUE_POSITIVE_IN_SUPPORT,PASS,EXACT_WITHIN_1E-12_S,CUMULATIVE_MEASURED_VIAL_MASS_BOUNDARY,PASS,,P24-MAT-PRED;P24-MASS-PRED;P24-M-PREP-PRED,CC-BY-NC-3.0; source-derived numeric data are not relicensed as repository code,TARGET_EXPOSED;SOURCE_INTERNAL
PRED-C06,PRED-E06-R3,10,6,24.1287156076,26.7446303414,24.1287156076,26.7446303414,DERIVED_SAME_MASS_FIT_ZERO,DERIVED_FROM_SAME_MASS_FIT,UNIQUE_POSITIVE_IN_SUPPORT,PASS,EXACT_WITHIN_1E-12_S,CUMULATIVE_MEASURED_VIAL_MASS_BOUNDARY,PASS,,P24-MAT-PRED;P24-MASS-PRED;P24-M-PREP-PRED,CC-BY-NC-3.0; source-derived numeric data are not relicensed as repository code,TARGET_EXPOSED;SOURCE_INTERNAL
PRED-C07,PRED-E07-R1,1,1,0,4.78123013985,0,4.78123013985,DERIVED_SAME_MASS_FIT_ZERO,DERIVED_FROM_SAME_MASS_FIT,UNIQUE_POSITIVE_IN_SUPPORT,PASS,EXACT_WITHIN_1E-12_S,CUMULATIVE_MEASURED_VIAL_MASS_BOUNDARY,PASS,,P24-MAT-PRED;P24-MASS-PRED;P24-M-PREP-PRED,CC-BY-NC-3.0; source-derived numeric data are not relicensed as repository code,TARGET_EXPOSED;SOURCE_INTERNAL
PRED-C07,PRED-E07-R1,2,2,4.78123013985,8.22116087599,4.78123013985,8.22116087599,DERIVED_SAME_MASS_FIT_ZERO,DERIVED_FROM_SAME_MASS_FIT,UNIQUE_POSITIVE_IN_SUPPORT,PASS,EXACT_WITHIN_1E-12_S,CUMULATIVE_MEASURED_VIAL_MASS_BOUNDARY,PASS,,P24-MAT-PRED;P24-MASS-PRED;P24-M-PREP-PRED,CC-BY-NC-3.0; source-derived numeric data are not relicensed as repository code,TARGET_EXPOSED;SOURCE_INTERNAL
PRED-C07,PRED-E07-R1,3,3,8.22116087599,11.5094031616,8.22116087599,11.5094031616,DERIVED_SAME_MASS_FIT_ZERO,DERIVED_FROM_SAME_MASS_FIT,UNIQUE_POSITIVE_IN_SUPPORT,PASS,EXACT_WITHIN_1E-12_S,CUMULATIVE_MEASURED_VIAL_MASS_BOUNDARY,PASS,,P24-MAT-PRED;P24-MASS-PRED;P24-M-PREP-PRED,CC-BY-NC-3.0; source-derived numeric data are not relicensed as repository code,TARGET_EXPOSED;SOURCE_INTERNAL
PRED-C07,PRED-E07-R1,4,,11.5094031616,14.4620224565,11.5094031616,14.4620224565,DERIVED_SAME_MASS_FIT_ZERO,DERIVED_FROM_SAME_MASS_FIT,UNIQUE_POSITIVE_IN_SUPPORT,PASS,EXACT_WITHIN_1E-12_S,CUMULATIVE_MEASURED_VIAL_MASS_BOUNDARY,PASS,,P24-MAT-PRED;P24-MASS-PRED;P24-M-PREP-PRED,CC-BY-NC-3.0; source-derived numeric data are not relicensed as repository code,TARGET_EXPOSED;SOURCE_INTERNAL
PRED-C07,PRED-E07-R1,5,4,14.4620224565,17.65417597,14.4620224565,17.65417597,DERIVED_SAME_MASS_FIT_ZERO,DERIVED_FROM_SAME_MASS_FIT,UNIQUE_POSITIVE_IN_SUPPORT,PASS,EXACT_WITHIN_1E-12_S,CUMULATIVE_MEASURED_VIAL_MASS_BOUNDARY,PASS,,P24-MAT-PRED;P24-MASS-PRED;P24-M-PREP-PRED,CC-BY-NC-3.0; source-derived numeric data are not relicensed as repository code,TARGET_EXPOSED;SOURCE_INTERNAL
PRED-C07,PRED-E07-R1,6,,17.65417597,21.1939731698,17.65417597,21.1939731698,DERIVED_SAME_MASS_FIT_ZERO,DERIVED_FROM_SAME_MASS_FIT,UNIQUE_POSITIVE_IN_SUPPORT,PASS,EXACT_WITHIN_1E-12_S,CUMULATIVE_MEASURED_VIAL_MASS_BOUNDARY,PASS,,P24-MAT-PRED;P24-MASS-PRED;P24-M-PREP-PRED,CC-BY-NC-3.0; source-derived numeric data are not relicensed as repository code,TARGET_EXPOSED;SOURCE_INTERNAL
PRED-C07,PRED-E07-R1,7,5,21.1939731698,24.7308435112,21.1939731698,24.7308435112,DERIVED_SAME_MASS_FIT_ZERO,DERIVED_FROM_SAME_MASS_FIT,UNIQUE_POSITIVE_IN_SUPPORT,PASS,EXACT_WITHIN_1E-12_S,CUMULATIVE_MEASURED_VIAL_MASS_BOUNDARY,PASS,,P24-MAT-PRED;P24-MASS-PRED;P24-M-PREP-PRED,CC-BY-NC-3.0; source-derived numeric data are not relicensed as repository code,TARGET_EXPOSED;SOURCE_INTERNAL
PRED-C07,PRED-E07-R1,8,,24.7308435112,28.6986559192,24.7308435112,28.6986559192,DERIVED_SAME_MASS_FIT_ZERO,DERIVED_FROM_SAME_MASS_FIT,UNIQUE_POSITIVE_IN_SUPPORT,PASS,EXACT_WITHIN_1E-12_S,CUMULATIVE_MEASURED_VIAL_MASS_BOUNDARY,PASS,,P24-MAT-PRED;P24-MASS-PRED;P24-M-PREP-PRED,CC-BY-NC-3.0; source-derived numeric data are not relicensed as repository code,TARGET_EXPOSED;SOURCE_INTERNAL
PRED-C07,PRED-E07-R1,9,,28.6986559192,33.1301997475,28.6986559192,33.1301997475,DERIVED_SAME_MASS_FIT_ZERO,DERIVED_FROM_SAME_MASS_FIT,UNIQUE_POSITIVE_IN_SUPPORT,PASS,EXACT_WITHIN_1E-12_S,CUMULATIVE_MEASURED_VIAL_MASS_BOUNDARY,PASS,,P24-MAT-PRED;P24-MASS-PRED;P24-M-PREP-PRED,CC-BY-NC-3.0; source-derived numeric data are not relicensed as repository code,TARGET_EXPOSED;SOURCE_INTERNAL
PRED-C07,PRED-E07-R1,10,6,33.1301997475,37.4309572228,33.1301997475,37.4309572228,DERIVED_SAME_MASS_FIT_ZERO,DERIVED_FROM_SAME_MASS_FIT,UNIQUE_POSITIVE_IN_SUPPORT,PASS,EXACT_WITHIN_1E-12_S,CUMULATIVE_MEASURED_VIAL_MASS_BOUNDARY,PASS,,P24-MAT-PRED;P24-MASS-PRED;P24-M-PREP-PRED,CC-BY-NC-3.0; source-derived numeric data are not relicensed as repository code,TARGET_EXPOSED;SOURCE_INTERNAL
PRED-C07,PRED-E07-R2,1,1,0,2.67642568881,0,2.67642568881,DERIVED_SAME_MASS_FIT_ZERO,DERIVED_FROM_SAME_MASS_FIT,UNIQUE_POSITIVE_IN_SUPPORT,PASS,EXACT_WITHIN_1E-12_S,CUMULATIVE_MEASURED_VIAL_MASS_BOUNDARY,PASS,,P24-MAT-PRED;P24-MASS-PRED;P24-M-PREP-PRED,CC-BY-NC-3.0; source-derived numeric data are not relicensed as repository code,TARGET_EXPOSED;SOURCE_INTERNAL
PRED-C07,PRED-E07-R2,2,2,2.67642568881,6.25370964927,2.67642568881,6.25370964927,DERIVED_SAME_MASS_FIT_ZERO,DERIVED_FROM_SAME_MASS_FIT,UNIQUE_POSITIVE_IN_SUPPORT,PASS,EXACT_WITHIN_1E-12_S,CUMULATIVE_MEASURED_VIAL_MASS_BOUNDARY,PASS,,P24-MAT-PRED;P24-MASS-PRED;P24-M-PREP-PRED,CC-BY-NC-3.0; source-derived numeric data are not relicensed as repository code,TARGET_EXPOSED;SOURCE_INTERNAL
PRED-C07,PRED-E07-R2,3,3,6.25370964927,9.58994836407,6.25370964927,9.58994836407,DERIVED_SAME_MASS_FIT_ZERO,DERIVED_FROM_SAME_MASS_FIT,UNIQUE_POSITIVE_IN_SUPPORT,PASS,EXACT_WITHIN_1E-12_S,CUMULATIVE_MEASURED_VIAL_MASS_BOUNDARY,PASS,,P24-MAT-PRED;P24-MASS-PRED;P24-M-PREP-PRED,CC-BY-NC-3.0; source-derived numeric data are not relicensed as repository code,TARGET_EXPOSED;SOURCE_INTERNAL
PRED-C07,PRED-E07-R2,4,,9.58994836407,12.7145522811,9.58994836407,12.7145522811,DERIVED_SAME_MASS_FIT_ZERO,DERIVED_FROM_SAME_MASS_FIT,UNIQUE_POSITIVE_IN_SUPPORT,PASS,EXACT_WITHIN_1E-12_S,CUMULATIVE_MEASURED_VIAL_MASS_BOUNDARY,PASS,,P24-MAT-PRED;P24-MASS-PRED;P24-M-PREP-PRED,CC-BY-NC-3.0; source-derived numeric data are not relicensed as repository code,TARGET_EXPOSED;SOURCE_INTERNAL
PRED-C07,PRED-E07-R2,5,4,12.7145522811,15.9426988172,12.7145522811,15.9426988172,DERIVED_SAME_MASS_FIT_ZERO,DERIVED_FROM_SAME_MASS_FIT,UNIQUE_POSITIVE_IN_SUPPORT,PASS,EXACT_WITHIN_1E-12_S,CUMULATIVE_MEASURED_VIAL_MASS_BOUNDARY,PASS,,P24-MAT-PRED;P24-MASS-PRED;P24-M-PREP-PRED,CC-BY-NC-3.0; source-derived numeric data are not relicensed as repository code,TARGET_EXPOSED;SOURCE_INTERNAL
PRED-C07,PRED-E07-R2,6,,15.9426988172,18.9375223877,15.9426988172,18.9375223877,DERIVED_SAME_MASS_FIT_ZERO,DERIVED_FROM_SAME_MASS_FIT,UNIQUE_POSITIVE_IN_SUPPORT,PASS,EXACT_WITHIN_1E-12_S,CUMULATIVE_MEASURED_VIAL_MASS_BOUNDARY,PASS,,P24-MAT-PRED;P24-MASS-PRED;P24-M-PREP-PRED,CC-BY-NC-3.0; source-derived numeric data are not relicensed as repository code,TARGET_EXPOSED;SOURCE_INTERNAL
PRED-C07,PRED-E07-R2,7,5,18.9375223877,22.6692187768,18.9375223877,22.6692187768,DERIVED_SAME_MASS_FIT_ZERO,DERIVED_FROM_SAME_MASS_FIT,UNIQUE_POSITIVE_IN_SUPPORT,PASS,EXACT_WITHIN_1E-12_S,CUMULATIVE_MEASURED_VIAL_MASS_BOUNDARY,PASS,,P24-MAT-PRED;P24-MASS-PRED;P24-M-PREP-PRED,CC-BY-NC-3.0; source-derived numeric data are not relicensed as repository code,TARGET_EXPOSED;SOURCE_INTERNAL
PRED-C07,PRED-E07-R2,8,,22.6692187768,26.1398354121,22.6692187768,26.1398354121,DERIVED_SAME_MASS_FIT_ZERO,DERIVED_FROM_SAME_MASS_FIT,UNIQUE_POSITIVE_IN_SUPPORT,PASS,EXACT_WITHIN_1E-12_S,CUMULATIVE_MEASURED_VIAL_MASS_BOUNDARY,PASS,,P24-MAT-PRED;P24-MASS-PRED;P24-M-PREP-PRED,CC-BY-NC-3.0; source-derived numeric data are not relicensed as repository code,TARGET_EXPOSED;SOURCE_INTERNAL
PRED-C07,PRED-E07-R2,9,,26.1398354121,29.3451078665,26.1398354121,29.3451078665,DERIVED_SAME_MASS_FIT_ZERO,DERIVED_FROM_SAME_MASS_FIT,UNIQUE_POSITIVE_IN_SUPPORT,PASS,EXACT_WITHIN_1E-12_S,CUMULATIVE_MEASURED_VIAL_MASS_BOUNDARY,PASS,,P24-MAT-PRED;P24-MASS-PRED;P24-M-PREP-PRED,CC-BY-NC-3.0; source-derived numeric data are not relicensed as repository code,TARGET_EXPOSED;SOURCE_INTERNAL
PRED-C07,PRED-E07-R2,10,6,29.3451078665,32.4588973194,29.3451078665,32.4588973194,DERIVED_SAME_MASS_FIT_ZERO,DERIVED_FROM_SAME_MASS_FIT,UNIQUE_POSITIVE_IN_SUPPORT,PASS,EXACT_WITHIN_1E-12_S,CUMULATIVE_MEASURED_VIAL_MASS_BOUNDARY,PASS,,P24-MAT-PRED;P24-MASS-PRED;P24-M-PREP-PRED,CC-BY-NC-3.0; source-derived numeric data are not relicensed as repository code,TARGET_EXPOSED;SOURCE_INTERNAL
PRED-C07,PRED-E07-R3,1,1,0,3.68237653428,0,3.68237653428,DERIVED_SAME_MASS_FIT_ZERO,DERIVED_FROM_SAME_MASS_FIT,UNIQUE_POSITIVE_IN_SUPPORT,PASS,EXACT_WITHIN_1E-12_S,CUMULATIVE_MEASURED_VIAL_MASS_BOUNDARY,PASS,,P24-MAT-PRED;P24-MASS-PRED;P24-M-PREP-PRED,CC-BY-NC-3.0; source-derived numeric data are not relicensed as repository code,TARGET_EXPOSED;SOURCE_INTERNAL
PRED-C07,PRED-E07-R3,2,2,3.68237653428,6.94445200673,3.68237653428,6.94445200673,DERIVED_SAME_MASS_FIT_ZERO,DERIVED_FROM_SAME_MASS_FIT,UNIQUE_POSITIVE_IN_SUPPORT,PASS,EXACT_WITHIN_1E-12_S,CUMULATIVE_MEASURED_VIAL_MASS_BOUNDARY,PASS,,P24-MAT-PRED;P24-MASS-PRED;P24-M-PREP-PRED,CC-BY-NC-3.0; source-derived numeric data are not relicensed as repository code,TARGET_EXPOSED;SOURCE_INTERNAL
PRED-C07,PRED-E07-R3,3,3,6.94445200673,10.1075854142,6.94445200673,10.1075854142,DERIVED_SAME_MASS_FIT_ZERO,DERIVED_FROM_SAME_MASS_FIT,UNIQUE_POSITIVE_IN_SUPPORT,PASS,EXACT_WITHIN_1E-12_S,CUMULATIVE_MEASURED_VIAL_MASS_BOUNDARY,PASS,,P24-MAT-PRED;P24-MASS-PRED;P24-M-PREP-PRED,CC-BY-NC-3.0; source-derived numeric data are not relicensed as repository code,TARGET_EXPOSED;SOURCE_INTERNAL
PRED-C07,PRED-E07-R3,4,,10.1075854142,12.9758591299,10.1075854142,12.9758591299,DERIVED_SAME_MASS_FIT_ZERO,DERIVED_FROM_SAME_MASS_FIT,UNIQUE_POSITIVE_IN_SUPPORT,PASS,EXACT_WITHIN_1E-12_S,CUMULATIVE_MEASURED_VIAL_MASS_BOUNDARY,PASS,,P24-MAT-PRED;P24-MASS-PRED;P24-M-PREP-PRED,CC-BY-NC-3.0; source-derived numeric data are not relicensed as repository code,TARGET_EXPOSED;SOURCE_INTERNAL
PRED-C07,PRED-E07-R3,5,4,12.9758591299,15.9887858296,12.9758591299,15.9887858296,DERIVED_SAME_MASS_FIT_ZERO,DERIVED_FROM_SAME_MASS_FIT,UNIQUE_POSITIVE_IN_SUPPORT,PASS,EXACT_WITHIN_1E-12_S,CUMULATIVE_MEASURED_VIAL_MASS_BOUNDARY,PASS,,P24-MAT-PRED;P24-MASS-PRED;P24-M-PREP-PRED,CC-BY-NC-3.0; source-derived numeric data are not relicensed as repository code,TARGET_EXPOSED;SOURCE_INTERNAL
PRED-C07,PRED-E07-R3,6,,15.9887858296,19.0513553295,15.9887858296,19.0513553295,DERIVED_SAME_MASS_FIT_ZERO,DERIVED_FROM_SAME_MASS_FIT,UNIQUE_POSITIVE_IN_SUPPORT,PASS,EXACT_WITHIN_1E-12_S,CUMULATIVE_MEASURED_VIAL_MASS_BOUNDARY,PASS,,P24-MAT-PRED;P24-MASS-PRED;P24-M-PREP-PRED,CC-BY-NC-3.0; source-derived numeric data are not relicensed as repository code,TARGET_EXPOSED;SOURCE_INTERNAL
PRED-C07,PRED-E07-R3,7,5,19.0513553295,22.5789248751,19.0513553295,22.5789248751,DERIVED_SAME_MASS_FIT_ZERO,DERIVED_FROM_SAME_MASS_FIT,UNIQUE_POSITIVE_IN_SUPPORT,PASS,EXACT_WITHIN_1E-12_S,CUMULATIVE_MEASURED_VIAL_MASS_BOUNDARY,PASS,,P24-MAT-PRED;P24-MASS-PRED;P24-M-PREP-PRED,CC-BY-NC-3.0; source-derived numeric data are not relicensed as repository code,TARGET_EXPOSED;SOURCE_INTERNAL
PRED-C07,PRED-E07-R3,8,,22.5789248751,25.6779078947,22.5789248751,25.6779078947,DERIVED_SAME_MASS_FIT_ZERO,DERIVED_FROM_SAME_MASS_FIT,UNIQUE_POSITIVE_IN_SUPPORT,PASS,EXACT_WITHIN_1E-12_S,CUMULATIVE_MEASURED_VIAL_MASS_BOUNDARY,PASS,,P24-MAT-PRED;P24-MASS-PRED;P24-M-PREP-PRED,CC-BY-NC-3.0; source-derived numeric data are not relicensed as repository code,TARGET_EXPOSED;SOURCE_INTERNAL
PRED-C07,PRED-E07-R3,9,,25.6779078947,28.7627896943,25.6779078947,28.7627896943,DERIVED_SAME_MASS_FIT_ZERO,DERIVED_FROM_SAME_MASS_FIT,UNIQUE_POSITIVE_IN_SUPPORT,PASS,EXACT_WITHIN_1E-12_S,CUMULATIVE_MEASURED_VIAL_MASS_BOUNDARY,PASS,,P24-MAT-PRED;P24-MASS-PRED;P24-M-PREP-PRED,CC-BY-NC-3.0; source-derived numeric data are not relicensed as repository code,TARGET_EXPOSED;SOURCE_INTERNAL
PRED-C07,PRED-E07-R3,10,6,28.7627896943,32.2526375215,28.7627896943,32.2526375215,DERIVED_SAME_MASS_FIT_ZERO,DERIVED_FROM_SAME_MASS_FIT,UNIQUE_POSITIVE_IN_SUPPORT,PASS,EXACT_WITHIN_1E-12_S,CUMULATIVE_MEASURED_VIAL_MASS_BOUNDARY,PASS,,P24-MAT-PRED;P24-MASS-PRED;P24-M-PREP-PRED,CC-BY-NC-3.0; source-derived numeric data are not relicensed as repository code,TARGET_EXPOSED;SOURCE_INTERNAL
PRED-C08,PRED-E08-R1,1,1,0,2.72124804164,0,2.72124804164,DERIVED_SAME_MASS_FIT_ZERO,DERIVED_FROM_SAME_MASS_FIT,UNIQUE_POSITIVE_IN_SUPPORT,PASS,EXACT_WITHIN_1E-12_S,CUMULATIVE_MEASURED_VIAL_MASS_BOUNDARY,PASS,,P24-MAT-PRED;P24-MASS-PRED;P24-M-PREP-PRED,CC-BY-NC-3.0; source-derived numeric data are not relicensed as repository code,TARGET_EXPOSED;SOURCE_INTERNAL
PRED-C08,PRED-E08-R1,2,2,2.72124804164,6.16719158422,2.72124804164,6.16719158422,DERIVED_SAME_MASS_FIT_ZERO,DERIVED_FROM_SAME_MASS_FIT,UNIQUE_POSITIVE_IN_SUPPORT,PASS,EXACT_WITHIN_1E-12_S,CUMULATIVE_MEASURED_VIAL_MASS_BOUNDARY,PASS,,P24-MAT-PRED;P24-MASS-PRED;P24-M-PREP-PRED,CC-BY-NC-3.0; source-derived numeric data are not relicensed as repository code,TARGET_EXPOSED;SOURCE_INTERNAL
PRED-C08,PRED-E08-R1,3,3,6.16719158422,9.34437665408,6.16719158422,9.34437665408,DERIVED_SAME_MASS_FIT_ZERO,DERIVED_FROM_SAME_MASS_FIT,UNIQUE_POSITIVE_IN_SUPPORT,PASS,EXACT_WITHIN_1E-12_S,CUMULATIVE_MEASURED_VIAL_MASS_BOUNDARY,PASS,,P24-MAT-PRED;P24-MASS-PRED;P24-M-PREP-PRED,CC-BY-NC-3.0; source-derived numeric data are not relicensed as repository code,TARGET_EXPOSED;SOURCE_INTERNAL
PRED-C08,PRED-E08-R1,4,,9.34437665408,12.3953592323,9.34437665408,12.3953592323,DERIVED_SAME_MASS_FIT_ZERO,DERIVED_FROM_SAME_MASS_FIT,UNIQUE_POSITIVE_IN_SUPPORT,PASS,EXACT_WITHIN_1E-12_S,CUMULATIVE_MEASURED_VIAL_MASS_BOUNDARY,PASS,,P24-MAT-PRED;P24-MASS-PRED;P24-M-PREP-PRED,CC-BY-NC-3.0; source-derived numeric data are not relicensed as repository code,TARGET_EXPOSED;SOURCE_INTERNAL
PRED-C08,PRED-E08-R1,5,4,12.3953592323,15.6450662548,12.3953592323,15.6450662548,DERIVED_SAME_MASS_FIT_ZERO,DERIVED_FROM_SAME_MASS_FIT,UNIQUE_POSITIVE_IN_SUPPORT,PASS,EXACT_WITHIN_1E-12_S,CUMULATIVE_MEASURED_VIAL_MASS_BOUNDARY,PASS,,P24-MAT-PRED;P24-MASS-PRED;P24-M-PREP-PRED,CC-BY-NC-3.0; source-derived numeric data are not relicensed as repository code,TARGET_EXPOSED;SOURCE_INTERNAL
PRED-C08,PRED-E08-R1,6,,15.6450662548,18.8804707254,15.6450662548,18.8804707254,DERIVED_SAME_MASS_FIT_ZERO,DERIVED_FROM_SAME_MASS_FIT,UNIQUE_POSITIVE_IN_SUPPORT,PASS,EXACT_WITHIN_1E-12_S,CUMULATIVE_MEASURED_VIAL_MASS_BOUNDARY,PASS,,P24-MAT-PRED;P24-MASS-PRED;P24-M-PREP-PRED,CC-BY-NC-3.0; source-derived numeric data are not relicensed as repository code,TARGET_EXPOSED;SOURCE_INTERNAL
PRED-C08,PRED-E08-R1,7,5,18.8804707254,22.2463532318,18.8804707254,22.2463532318,DERIVED_SAME_MASS_FIT_ZERO,DERIVED_FROM_SAME_MASS_FIT,UNIQUE_POSITIVE_IN_SUPPORT,PASS,EXACT_WITHIN_1E-12_S,CUMULATIVE_MEASURED_VIAL_MASS_BOUNDARY,PASS,,P24-MAT-PRED;P24-MASS-PRED;P24-M-PREP-PRED,CC-BY-NC-3.0; source-derived numeric data are not relicensed as repository code,TARGET_EXPOSED;SOURCE_INTERNAL
PRED-C08,PRED-E08-R1,8,,22.2463532318,25.4172379788,22.2463532318,25.4172379788,DERIVED_SAME_MASS_FIT_ZERO,DERIVED_FROM_SAME_MASS_FIT,UNIQUE_POSITIVE_IN_SUPPORT,PASS,EXACT_WITHIN_1E-12_S,CUMULATIVE_MEASURED_VIAL_MASS_BOUNDARY,PASS,,P24-MAT-PRED;P24-MASS-PRED;P24-M-PREP-PRED,CC-BY-NC-3.0; source-derived numeric data are not relicensed as repository code,TARGET_EXPOSED;SOURCE_INTERNAL
PRED-C08,PRED-E08-R1,9,,25.4172379788,28.4249820093,25.4172379788,28.4249820093,DERIVED_SAME_MASS_FIT_ZERO,DERIVED_FROM_SAME_MASS_FIT,UNIQUE_POSITIVE_IN_SUPPORT,PASS,EXACT_WITHIN_1E-12_S,CUMULATIVE_MEASURED_VIAL_MASS_BOUNDARY,PASS,,P24-MAT-PRED;P24-MASS-PRED;P24-M-PREP-PRED,CC-BY-NC-3.0; source-derived numeric data are not relicensed as repository code,TARGET_EXPOSED;SOURCE_INTERNAL
PRED-C08,PRED-E08-R1,10,6,28.4249820093,31.7755638393,28.4249820093,31.7755638393,DERIVED_SAME_MASS_FIT_ZERO,DERIVED_FROM_SAME_MASS_FIT,UNIQUE_POSITIVE_IN_SUPPORT,PASS,EXACT_WITHIN_1E-12_S,CUMULATIVE_MEASURED_VIAL_MASS_BOUNDARY,PASS,,P24-MAT-PRED;P24-MASS-PRED;P24-M-PREP-PRED,CC-BY-NC-3.0; source-derived numeric data are not relicensed as repository code,TARGET_EXPOSED;SOURCE_INTERNAL
PRED-C08,PRED-E08-R2,1,1,0,3.39854417411,0,3.39854417411,DERIVED_SAME_MASS_FIT_ZERO,DERIVED_FROM_SAME_MASS_FIT,UNIQUE_POSITIVE_IN_SUPPORT,PASS,EXACT_WITHIN_1E-12_S,CUMULATIVE_MEASURED_VIAL_MASS_BOUNDARY,PASS,,P24-MAT-PRED;P24-MASS-PRED;P24-M-PREP-PRED,CC-BY-NC-3.0; source-derived numeric data are not relicensed as repository code,TARGET_EXPOSED;SOURCE_INTERNAL
PRED-C08,PRED-E08-R2,2,2,3.39854417411,6.59704000308,3.39854417411,6.59704000308,DERIVED_SAME_MASS_FIT_ZERO,DERIVED_FROM_SAME_MASS_FIT,UNIQUE_POSITIVE_IN_SUPPORT,PASS,EXACT_WITHIN_1E-12_S,CUMULATIVE_MEASURED_VIAL_MASS_BOUNDARY,PASS,,P24-MAT-PRED;P24-MASS-PRED;P24-M-PREP-PRED,CC-BY-NC-3.0; source-derived numeric data are not relicensed as repository code,TARGET_EXPOSED;SOURCE_INTERNAL
PRED-C08,PRED-E08-R2,3,3,6.59704000308,9.83834536168,6.59704000308,9.83834536168,DERIVED_SAME_MASS_FIT_ZERO,DERIVED_FROM_SAME_MASS_FIT,UNIQUE_POSITIVE_IN_SUPPORT,PASS,EXACT_WITHIN_1E-12_S,CUMULATIVE_MEASURED_VIAL_MASS_BOUNDARY,PASS,,P24-MAT-PRED;P24-MASS-PRED;P24-M-PREP-PRED,CC-BY-NC-3.0; source-derived numeric data are not relicensed as repository code,TARGET_EXPOSED;SOURCE_INTERNAL
PRED-C08,PRED-E08-R2,4,,9.83834536168,12.8703161643,9.83834536168,12.8703161643,DERIVED_SAME_MASS_FIT_ZERO,DERIVED_FROM_SAME_MASS_FIT,UNIQUE_POSITIVE_IN_SUPPORT,PASS,EXACT_WITHIN_1E-12_S,CUMULATIVE_MEASURED_VIAL_MASS_BOUNDARY,PASS,,P24-MAT-PRED;P24-MASS-PRED;P24-M-PREP-PRED,CC-BY-NC-3.0; source-derived numeric data are not relicensed as repository code,TARGET_EXPOSED;SOURCE_INTERNAL
PRED-C08,PRED-E08-R2,5,4,12.8703161643,15.8943505512,12.8703161643,15.8943505512,DERIVED_SAME_MASS_FIT_ZERO,DERIVED_FROM_SAME_MASS_FIT,UNIQUE_POSITIVE_IN_SUPPORT,PASS,EXACT_WITHIN_1E-12_S,CUMULATIVE_MEASURED_VIAL_MASS_BOUNDARY,PASS,,P24-MAT-PRED;P24-MASS-PRED;P24-M-PREP-PRED,CC-BY-NC-3.0; source-derived numeric data are not relicensed as repository code,TARGET_EXPOSED;SOURCE_INTERNAL
PRED-C08,PRED-E08-R2,6,,15.8943505512,19.1534218045,15.8943505512,19.1534218045,DERIVED_SAME_MASS_FIT_ZERO,DERIVED_FROM_SAME_MASS_FIT,UNIQUE_POSITIVE_IN_SUPPORT,PASS,EXACT_WITHIN_1E-12_S,CUMULATIVE_MEASURED_VIAL_MASS_BOUNDARY,PASS,,P24-MAT-PRED;P24-MASS-PRED;P24-M-PREP-PRED,CC-BY-NC-3.0; source-derived numeric data are not relicensed as repository code,TARGET_EXPOSED;SOURCE_INTERNAL
PRED-C08,PRED-E08-R2,7,5,19.1534218045,22.3966055192,19.1534218045,22.3966055192,DERIVED_SAME_MASS_FIT_ZERO,DERIVED_FROM_SAME_MASS_FIT,UNIQUE_POSITIVE_IN_SUPPORT,PASS,EXACT_WITHIN_1E-12_S,CUMULATIVE_MEASURED_VIAL_MASS_BOUNDARY,PASS,,P24-MAT-PRED;P24-MASS-PRED;P24-M-PREP-PRED,CC-BY-NC-3.0; source-derived numeric data are not relicensed as repository code,TARGET_EXPOSED;SOURCE_INTERNAL
PRED-C08,PRED-E08-R2,8,,22.3966055192,25.7372089979,22.3966055192,25.7372089979,DERIVED_SAME_MASS_FIT_ZERO,DERIVED_FROM_SAME_MASS_FIT,UNIQUE_POSITIVE_IN_SUPPORT,PASS,EXACT_WITHIN_1E-12_S,CUMULATIVE_MEASURED_VIAL_MASS_BOUNDARY,PASS,,P24-MAT-PRED;P24-MASS-PRED;P24-M-PREP-PRED,CC-BY-NC-3.0; source-derived numeric data are not relicensed as repository code,TARGET_EXPOSED;SOURCE_INTERNAL
PRED-C08,PRED-E08-R2,9,,25.7372089979,28.7286792953,25.7372089979,28.7286792953,DERIVED_SAME_MASS_FIT_ZERO,DERIVED_FROM_SAME_MASS_FIT,UNIQUE_POSITIVE_IN_SUPPORT,PASS,EXACT_WITHIN_1E-12_S,CUMULATIVE_MEASURED_VIAL_MASS_BOUNDARY,PASS,,P24-MAT-PRED;P24-MASS-PRED;P24-M-PREP-PRED,CC-BY-NC-3.0; source-derived numeric data are not relicensed as repository code,TARGET_EXPOSED;SOURCE_INTERNAL
PRED-C08,PRED-E08-R2,10,6,28.7286792953,31.9212977889,28.7286792953,31.9212977889,DERIVED_SAME_MASS_FIT_ZERO,DERIVED_FROM_SAME_MASS_FIT,UNIQUE_POSITIVE_IN_SUPPORT,PASS,EXACT_WITHIN_1E-12_S,CUMULATIVE_MEASURED_VIAL_MASS_BOUNDARY,PASS,,P24-MAT-PRED;P24-MASS-PRED;P24-M-PREP-PRED,CC-BY-NC-3.0; source-derived numeric data are not relicensed as repository code,TARGET_EXPOSED;SOURCE_INTERNAL
PRED-C08,PRED-E08-R3,1,1,0,2.60362183558,0,2.60362183558,DERIVED_SAME_MASS_FIT_ZERO,DERIVED_FROM_SAME_MASS_FIT,UNIQUE_POSITIVE_IN_SUPPORT,PASS,EXACT_WITHIN_1E-12_S,CUMULATIVE_MEASURED_VIAL_MASS_BOUNDARY,PASS,,P24-MAT-PRED;P24-MASS-PRED;P24-M-PREP-PRED,CC-BY-NC-3.0; source-derived numeric data are not relicensed as repository code,TARGET_EXPOSED;SOURCE_INTERNAL
PRED-C08,PRED-E08-R3,2,2,2.60362183558,5.70925436545,2.60362183558,5.70925436545,DERIVED_SAME_MASS_FIT_ZERO,DERIVED_FROM_SAME_MASS_FIT,UNIQUE_POSITIVE_IN_SUPPORT,PASS,EXACT_WITHIN_1E-12_S,CUMULATIVE_MEASURED_VIAL_MASS_BOUNDARY,PASS,,P24-MAT-PRED;P24-MASS-PRED;P24-M-PREP-PRED,CC-BY-NC-3.0; source-derived numeric data are not relicensed as repository code,TARGET_EXPOSED;SOURCE_INTERNAL
PRED-C08,PRED-E08-R3,3,3,5.70925436545,8.87705057779,5.70925436545,8.87705057779,DERIVED_SAME_MASS_FIT_ZERO,DERIVED_FROM_SAME_MASS_FIT,UNIQUE_POSITIVE_IN_SUPPORT,PASS,EXACT_WITHIN_1E-12_S,CUMULATIVE_MEASURED_VIAL_MASS_BOUNDARY,PASS,,P24-MAT-PRED;P24-MASS-PRED;P24-M-PREP-PRED,CC-BY-NC-3.0; source-derived numeric data are not relicensed as repository code,TARGET_EXPOSED;SOURCE_INTERNAL
PRED-C08,PRED-E08-R3,4,,8.87705057779,11.9206308357,8.87705057779,11.9206308357,DERIVED_SAME_MASS_FIT_ZERO,DERIVED_FROM_SAME_MASS_FIT,UNIQUE_POSITIVE_IN_SUPPORT,PASS,EXACT_WITHIN_1E-12_S,CUMULATIVE_MEASURED_VIAL_MASS_BOUNDARY,PASS,,P24-MAT-PRED;P24-MASS-PRED;P24-M-PREP-PRED,CC-BY-NC-3.0; source-derived numeric data are not relicensed as repository code,TARGET_EXPOSED;SOURCE_INTERNAL
PRED-C08,PRED-E08-R3,5,4,11.9206308357,15.2515881904,11.9206308357,15.2515881904,DERIVED_SAME_MASS_FIT_ZERO,DERIVED_FROM_SAME_MASS_FIT,UNIQUE_POSITIVE_IN_SUPPORT,PASS,EXACT_WITHIN_1E-12_S,CUMULATIVE_MEASURED_VIAL_MASS_BOUNDARY,PASS,,P24-MAT-PRED;P24-MASS-PRED;P24-M-PREP-PRED,CC-BY-NC-3.0; source-derived numeric data are not relicensed as repository code,TARGET_EXPOSED;SOURCE_INTERNAL
PRED-C08,PRED-E08-R3,6,,15.2515881904,18.4333293408,15.2515881904,18.4333293408,DERIVED_SAME_MASS_FIT_ZERO,DERIVED_FROM_SAME_MASS_FIT,UNIQUE_POSITIVE_IN_SUPPORT,PASS,EXACT_WITHIN_1E-12_S,CUMULATIVE_MEASURED_VIAL_MASS_BOUNDARY,PASS,,P24-MAT-PRED;P24-MASS-PRED;P24-M-PREP-PRED,CC-BY-NC-3.0; source-derived numeric data are not relicensed as repository code,TARGET_EXPOSED;SOURCE_INTERNAL
PRED-C08,PRED-E08-R3,7,5,18.4333293408,21.5534590146,18.4333293408,21.5534590146,DERIVED_SAME_MASS_FIT_ZERO,DERIVED_FROM_SAME_MASS_FIT,UNIQUE_POSITIVE_IN_SUPPORT,PASS,EXACT_WITHIN_1E-12_S,CUMULATIVE_MEASURED_VIAL_MASS_BOUNDARY,PASS,,P24-MAT-PRED;P24-MASS-PRED;P24-M-PREP-PRED,CC-BY-NC-3.0; source-derived numeric data are not relicensed as repository code,TARGET_EXPOSED;SOURCE_INTERNAL
PRED-C08,PRED-E08-R3,8,,21.5534590146,24.650746692,21.5534590146,24.650746692,DERIVED_SAME_MASS_FIT_ZERO,DERIVED_FROM_SAME_MASS_FIT,UNIQUE_POSITIVE_IN_SUPPORT,PASS,EXACT_WITHIN_1E-12_S,CUMULATIVE_MEASURED_VIAL_MASS_BOUNDARY,PASS,,P24-MAT-PRED;P24-MASS-PRED;P24-M-PREP-PRED,CC-BY-NC-3.0; source-derived numeric data are not relicensed as repository code,TARGET_EXPOSED;SOURCE_INTERNAL
PRED-C08,PRED-E08-R3,9,,24.650746692,27.9164333538,24.650746692,27.9164333538,DERIVED_SAME_MASS_FIT_ZERO,DERIVED_FROM_SAME_MASS_FIT,UNIQUE_POSITIVE_IN_SUPPORT,PASS,EXACT_WITHIN_1E-12_S,CUMULATIVE_MEASURED_VIAL_MASS_BOUNDARY,PASS,,P24-MAT-PRED;P24-MASS-PRED;P24-M-PREP-PRED,CC-BY-NC-3.0; source-derived numeric data are not relicensed as repository code,TARGET_EXPOSED;SOURCE_INTERNAL
PRED-C08,PRED-E08-R3,10,6,27.9164333538,31.0172378656,27.9164333538,31.0172378656,DERIVED_SAME_MASS_FIT_ZERO,DERIVED_FROM_SAME_MASS_FIT,UNIQUE_POSITIVE_IN_SUPPORT,PASS,EXACT_WITHIN_1E-12_S,CUMULATIVE_MEASURED_VIAL_MASS_BOUNDARY,PASS,,P24-MAT-PRED;P24-MASS-PRED;P24-M-PREP-PRED,CC-BY-NC-3.0; source-derived numeric data are not relicensed as repository code,TARGET_EXPOSED;SOURCE_INTERNAL
