model_id,evaluation_class,fold_id,brew_id,condition_id,invalid_reason,invalid_intervals,invalid_duration_s,invalid_fraction,legacy_zero_substitutions,inside_primary_LOCO,inside_blocked_time,coverage_fraction,failure
W-H0A,LOBO,1-1,1-1,1,NONE,0,0.0,0.0,0,False,False,1.0,False
W-H1,LOBO,1-1,1-1,1,NONE,0,0.0,0.0,0,False,False,1.0,False
W-H2,LOBO,1-1,1-1,1,NONE,0,0.0,0.0,0,False,False,1.0,False
W-H3,LOBO,1-1,1-1,1,NONE,0,0.0,0.0,0,False,False,1.0,False
W-H5,LOBO,1-1,1-1,1,NONE,0,0.0,0.0,0,False,False,1.0,False
W-H0A,LOBO,1-2,1-2,1,NONE,0,0.0,0.0,0,False,False,1.0,False
W-H1,LOBO,1-2,1-2,1,NONE,0,0.0,0.0,0,False,False,1.0,False
W-H2,LOBO,1-2,1-2,1,NONE,0,0.0,0.0,0,False,False,1.0,False
W-H3,LOBO,1-2,1-2,1,NONE,0,0.0,0.0,0,False,False,1.0,False
W-H5,LOBO,1-2,1-2,1,NONE,0,0.0,0.0,0,False,False,1.0,False
W-H0A,LOBO,1-3,1-3,1,NONE,0,0.0,0.0,0,False,False,1.0,False
W-H1,LOBO,1-3,1-3,1,NONE,0,0.0,0.0,0,False,False,1.0,False
W-H2,LOBO,1-3,1-3,1,NONE,0,0.0,0.0,0,False,False,1.0,False
W-H3,LOBO,1-3,1-3,1,NONE,0,0.0,0.0,0,False,False,1.0,False
W-H5,LOBO,1-3,1-3,1,NONE,0,0.0,0.0,0,False,False,1.0,False
W-H0A,LOBO,1-4,1-4,1,NONE,0,0.0,0.0,0,False,False,1.0,False
W-H1,LOBO,1-4,1-4,1,NONE,0,0.0,0.0,0,False,False,1.0,False
W-H2,LOBO,1-4,1-4,1,NONE,0,0.0,0.0,0,False,False,1.0,False
W-H3,LOBO,1-4,1-4,1,NONE,0,0.0,0.0,0,False,False,1.0,False
W-H5,LOBO,1-4,1-4,1,NONE,0,0.0,0.0,0,False,False,1.0,False
W-H0A,LOBO,1-5b,1-5b,1,NONE,0,0.0,0.0,0,False,False,1.0,False
W-H1,LOBO,1-5b,1-5b,1,NONE,0,0.0,0.0,0,False,False,1.0,False
W-H2,LOBO,1-5b,1-5b,1,NONE,0,0.0,0.0,0,False,False,1.0,False
W-H3,LOBO,1-5b,1-5b,1,NONE,0,0.0,0.0,0,False,False,1.0,False
W-H5,LOBO,1-5b,1-5b,1,NONE,0,0.0,0.0,0,False,False,1.0,False
W-H0A,LOBO,10-2,10-2,11,NONE,0,0.0,0.0,0,False,False,1.0,False
W-H1,LOBO,10-2,10-2,11,NONE,0,0.0,0.0,0,False,False,1.0,False
W-H2,LOBO,10-2,10-2,11,NONE,0,0.0,0.0,0,False,False,1.0,False
W-H3,LOBO,10-2,10-2,11,NONE,0,0.0,0.0,0,False,False,1.0,False
W-H5,LOBO,10-2,10-2,11,NONE,0,0.0,0.0,0,False,False,1.0,False
W-H0A,LOBO,10-3,10-3,11,NONE,0,0.0,0.0,0,False,False,1.0,False
W-H1,LOBO,10-3,10-3,11,NONE,0,0.0,0.0,0,False,False,1.0,False
W-H2,LOBO,10-3,10-3,11,NONE,0,0.0,0.0,0,False,False,1.0,False
W-H3,LOBO,10-3,10-3,11,NONE,0,0.0,0.0,0,False,False,1.0,False
W-H5,LOBO,10-3,10-3,11,NONE,0,0.0,0.0,0,False,False,1.0,False
W-H0A,LOBO,10-4,10-4,11,NONE,0,0.0,0.0,0,False,False,1.0,False
W-H1,LOBO,10-4,10-4,11,NONE,0,0.0,0.0,0,False,False,1.0,False
W-H2,LOBO,10-4,10-4,11,NONE,0,0.0,0.0,0,False,False,1.0,False
W-H3,LOBO,10-4,10-4,11,NONE,0,0.0,0.0,0,False,False,1.0,False
W-H5,LOBO,10-4,10-4,11,NONE,0,0.0,0.0,0,False,False,1.0,False
W-H0A,LOBO,10-5,10-5,11,NONE,0,0.0,0.0,0,False,False,1.0,False
W-H1,LOBO,10-5,10-5,11,NONE,0,0.0,0.0,0,False,False,1.0,False
W-H2,LOBO,10-5,10-5,11,NONE,0,0.0,0.0,0,False,False,1.0,False
W-H3,LOBO,10-5,10-5,11,NONE,0,0.0,0.0,0,False,False,1.0,False
W-H5,LOBO,10-5,10-5,11,NONE,0,0.0,0.0,0,False,False,1.0,False
W-H0A,LOBO,12-8-2,12-8-2,13,NONE,0,0.0,0.0,0,False,False,1.0,False
W-H1,LOBO,12-8-2,12-8-2,13,NONE,0,0.0,0.0,0,False,False,1.0,False
W-H2,LOBO,12-8-2,12-8-2,13,NONE,0,0.0,0.0,0,False,False,1.0,False
W-H3,LOBO,12-8-2,12-8-2,13,NONE,0,0.0,0.0,0,False,False,1.0,False
W-H5,LOBO,12-8-2,12-8-2,13,NONE,0,0.0,0.0,0,False,False,1.0,False
W-H0A,LOBO,12-8-3,12-8-3,13,NONE,0,0.0,0.0,0,False,False,1.0,False
W-H1,LOBO,12-8-3,12-8-3,13,NONE,0,0.0,0.0,0,False,False,1.0,False
W-H2,LOBO,12-8-3,12-8-3,13,NONE,0,0.0,0.0,0,False,False,1.0,False
W-H3,LOBO,12-8-3,12-8-3,13,NONE,0,0.0,0.0,0,False,False,1.0,False
W-H5,LOBO,12-8-3,12-8-3,13,NONE,0,0.0,0.0,0,False,False,1.0,False
W-H0A,LOBO,12-8-4,12-8-4,13,NONE,0,0.0,0.0,0,False,False,1.0,False
W-H1,LOBO,12-8-4,12-8-4,13,NONE,0,0.0,0.0,0,False,False,1.0,False
W-H2,LOBO,12-8-4,12-8-4,13,NONE,0,0.0,0.0,0,False,False,1.0,False
W-H3,LOBO,12-8-4,12-8-4,13,NONE,0,0.0,0.0,0,False,False,1.0,False
W-H5,LOBO,12-8-4,12-8-4,13,NONE,0,0.0,0.0,0,False,False,1.0,False
W-H0A,LOBO,12-8-5,12-8-5,13,NONE,0,0.0,0.0,0,False,False,1.0,False
W-H1,LOBO,12-8-5,12-8-5,13,NONE,0,0.0,0.0,0,False,False,1.0,False
W-H2,LOBO,12-8-5,12-8-5,13,NONE,0,0.0,0.0,0,False,False,1.0,False
W-H3,LOBO,12-8-5,12-8-5,13,NONE,0,0.0,0.0,0,False,False,1.0,False
W-H5,LOBO,12-8-5,12-8-5,13,NONE,0,0.0,0.0,0,False,False,1.0,False
W-H0A,LOBO,12-8-6,12-8-6,13,NONE,0,0.0,0.0,0,False,False,1.0,False
W-H1,LOBO,12-8-6,12-8-6,13,NONE,0,0.0,0.0,0,False,False,1.0,False
W-H2,LOBO,12-8-6,12-8-6,13,NONE,0,0.0,0.0,0,False,False,1.0,False
W-H3,LOBO,12-8-6,12-8-6,13,NONE,0,0.0,0.0,0,False,False,1.0,False
W-H5,LOBO,12-8-6,12-8-6,13,NONE,0,0.0,0.0,0,False,False,1.0,False
W-H0A,LOBO,12-8-7,12-8-7,13,NONE,0,0.0,0.0,0,False,False,1.0,False
W-H1,LOBO,12-8-7,12-8-7,13,NONE,0,0.0,0.0,0,False,False,1.0,False
W-H2,LOBO,12-8-7,12-8-7,13,NONE,0,0.0,0.0,0,False,False,1.0,False
W-H3,LOBO,12-8-7,12-8-7,13,NONE,0,0.0,0.0,0,False,False,1.0,False
W-H5,LOBO,12-8-7,12-8-7,13,NONE,0,0.0,0.0,0,False,False,1.0,False
W-H0A,LOBO,2-2,2-2,2,NONE,0,0.0,0.0,0,False,False,1.0,False
W-H1,LOBO,2-2,2-2,2,NONE,0,0.0,0.0,0,False,False,1.0,False
W-H2,LOBO,2-2,2-2,2,NONE,0,0.0,0.0,0,False,False,1.0,False
W-H3,LOBO,2-2,2-2,2,NONE,0,0.0,0.0,0,False,False,1.0,False
W-H5,LOBO,2-2,2-2,2,NONE,0,0.0,0.0,0,False,False,1.0,False
W-H0A,LOBO,2-3,2-3,2,NONE,0,0.0,0.0,0,False,False,1.0,False
W-H1,LOBO,2-3,2-3,2,NONE,0,0.0,0.0,0,False,False,1.0,False
W-H2,LOBO,2-3,2-3,2,NONE,0,0.0,0.0,0,False,False,1.0,False
W-H3,LOBO,2-3,2-3,2,NONE,0,0.0,0.0,0,False,False,1.0,False
W-H5,LOBO,2-3,2-3,2,NONE,0,0.0,0.0,0,False,False,1.0,False
W-H0A,LOBO,2-4,2-4,2,NONE,0,0.0,0.0,0,False,False,1.0,False
W-H1,LOBO,2-4,2-4,2,NONE,0,0.0,0.0,0,False,False,1.0,False
W-H2,LOBO,2-4,2-4,2,NONE,0,0.0,0.0,0,False,False,1.0,False
W-H3,LOBO,2-4,2-4,2,NONE,0,0.0,0.0,0,False,False,1.0,False
W-H5,LOBO,2-4,2-4,2,NONE,0,0.0,0.0,0,False,False,1.0,False
W-H0A,LOBO,2-5,2-5,2,NONE,0,0.0,0.0,0,False,False,1.0,False
W-H1,LOBO,2-5,2-5,2,NONE,0,0.0,0.0,0,False,False,1.0,False
W-H2,LOBO,2-5,2-5,2,NONE,0,0.0,0.0,0,False,False,1.0,False
W-H3,LOBO,2-5,2-5,2,NONE,0,0.0,0.0,0,False,False,1.0,False
W-H5,LOBO,2-5,2-5,2,NONE,0,0.0,0.0,0,False,False,1.0,False
W-H0A,LOBO,3-5-3,3-5-3,3.5,NONE,0,0.0,0.0,0,False,False,1.0,False
W-H1,LOBO,3-5-3,3-5-3,3.5,NONE,0,0.0,0.0,0,False,False,1.0,False
W-H2,LOBO,3-5-3,3-5-3,3.5,NONE,0,0.0,0.0,0,False,False,1.0,False
W-H3,LOBO,3-5-3,3-5-3,3.5,NONE,0,0.0,0.0,0,False,False,1.0,False
W-H5,LOBO,3-5-3,3-5-3,3.5,NONE,0,0.0,0.0,0,False,False,1.0,False
W-H0A,LOBO,3-5-4,3-5-4,3.5,NONE,0,0.0,0.0,0,False,False,1.0,False
W-H1,LOBO,3-5-4,3-5-4,3.5,NONE,0,0.0,0.0,0,False,False,1.0,False
W-H2,LOBO,3-5-4,3-5-4,3.5,NONE,0,0.0,0.0,0,False,False,1.0,False
W-H3,LOBO,3-5-4,3-5-4,3.5,NONE,0,0.0,0.0,0,False,False,1.0,False
W-H5,LOBO,3-5-4,3-5-4,3.5,NONE,0,0.0,0.0,0,False,False,1.0,False
W-H0A,LOBO,3-5-5,3-5-5,3.5,NONE,0,0.0,0.0,0,False,False,1.0,False
W-H1,LOBO,3-5-5,3-5-5,3.5,NONE,0,0.0,0.0,0,False,False,1.0,False
W-H2,LOBO,3-5-5,3-5-5,3.5,NONE,0,0.0,0.0,0,False,False,1.0,False
W-H3,LOBO,3-5-5,3-5-5,3.5,NONE,0,0.0,0.0,0,False,False,1.0,False
W-H5,LOBO,3-5-5,3-5-5,3.5,NONE,0,0.0,0.0,0,False,False,1.0,False
W-H0A,LOBO,4-1,4-1,4,NONE,0,0.0,0.0,0,False,False,1.0,False
W-H1,LOBO,4-1,4-1,4,NONE,0,0.0,0.0,0,False,False,1.0,False
W-H2,LOBO,4-1,4-1,4,NONE,0,0.0,0.0,0,False,False,1.0,False
W-H3,LOBO,4-1,4-1,4,NONE,0,0.0,0.0,0,False,False,1.0,False
W-H5,LOBO,4-1,4-1,4,NONE,0,0.0,0.0,0,False,False,1.0,False
W-H0A,LOBO,4-1b,4-1b,4,NONE,0,0.0,0.0,0,False,False,1.0,False
W-H1,LOBO,4-1b,4-1b,4,NONE,0,0.0,0.0,0,False,False,1.0,False
W-H2,LOBO,4-1b,4-1b,4,NONE,0,0.0,0.0,0,False,False,1.0,False
W-H3,LOBO,4-1b,4-1b,4,NONE,0,0.0,0.0,0,False,False,1.0,False
W-H5,LOBO,4-1b,4-1b,4,NONE,0,0.0,0.0,0,False,False,1.0,False
W-H0A,LOBO,4-2,4-2,4,NONE,0,0.0,0.0,0,False,False,1.0,False
W-H1,LOBO,4-2,4-2,4,NONE,0,0.0,0.0,0,False,False,1.0,False
W-H2,LOBO,4-2,4-2,4,NONE,0,0.0,0.0,0,False,False,1.0,False
W-H3,LOBO,4-2,4-2,4,NONE,0,0.0,0.0,0,False,False,1.0,False
W-H5,LOBO,4-2,4-2,4,NONE,0,0.0,0.0,0,False,False,1.0,False
W-H0A,LOBO,4-2b,4-2b,4,NONE,0,0.0,0.0,0,False,False,1.0,False
W-H1,LOBO,4-2b,4-2b,4,NONE,0,0.0,0.0,0,False,False,1.0,False
W-H2,LOBO,4-2b,4-2b,4,NONE,0,0.0,0.0,0,False,False,1.0,False
W-H3,LOBO,4-2b,4-2b,4,NONE,0,0.0,0.0,0,False,False,1.0,False
W-H5,LOBO,4-2b,4-2b,4,NONE,0,0.0,0.0,0,False,False,1.0,False
W-H0A,LOBO,4-3,4-3,4,NONE,0,0.0,0.0,0,False,False,1.0,False
W-H1,LOBO,4-3,4-3,4,NONE,0,0.0,0.0,0,False,False,1.0,False
W-H2,LOBO,4-3,4-3,4,NONE,0,0.0,0.0,0,False,False,1.0,False
W-H3,LOBO,4-3,4-3,4,NONE,0,0.0,0.0,0,False,False,1.0,False
W-H5,LOBO,4-3,4-3,4,NONE,0,0.0,0.0,0,False,False,1.0,False
W-H0A,LOBO,4-3b,4-3b,4,NONE,0,0.0,0.0,0,False,False,1.0,False
W-H1,LOBO,4-3b,4-3b,4,NONE,0,0.0,0.0,0,False,False,1.0,False
W-H2,LOBO,4-3b,4-3b,4,NONE,0,0.0,0.0,0,False,False,1.0,False
W-H3,LOBO,4-3b,4-3b,4,NONE,0,0.0,0.0,0,False,False,1.0,False
W-H5,LOBO,4-3b,4-3b,4,NONE,0,0.0,0.0,0,False,False,1.0,False
W-H0A,LOBO,4-4,4-4,4,NONE,0,0.0,0.0,0,False,False,1.0,False
W-H1,LOBO,4-4,4-4,4,NONE,0,0.0,0.0,0,False,False,1.0,False
W-H2,LOBO,4-4,4-4,4,NONE,0,0.0,0.0,0,False,False,1.0,False
W-H3,LOBO,4-4,4-4,4,NONE,0,0.0,0.0,0,False,False,1.0,False
W-H5,LOBO,4-4,4-4,4,NONE,0,0.0,0.0,0,False,False,1.0,False
W-H0A,LOBO,4-4b,4-4b,4,NONE,0,0.0,0.0,0,False,False,1.0,False
W-H1,LOBO,4-4b,4-4b,4,NONE,0,0.0,0.0,0,False,False,1.0,False
W-H2,LOBO,4-4b,4-4b,4,NONE,0,0.0,0.0,0,False,False,1.0,False
W-H3,LOBO,4-4b,4-4b,4,NONE,0,0.0,0.0,0,False,False,1.0,False
W-H5,LOBO,4-4b,4-4b,4,NONE,0,0.0,0.0,0,False,False,1.0,False
W-H0A,LOBO,4-5,4-5,4,NONE,0,0.0,0.0,0,False,False,1.0,False
W-H1,LOBO,4-5,4-5,4,NONE,0,0.0,0.0,0,False,False,1.0,False
W-H2,LOBO,4-5,4-5,4,NONE,0,0.0,0.0,0,False,False,1.0,False
W-H3,LOBO,4-5,4-5,4,NONE,0,0.0,0.0,0,False,False,1.0,False
W-H5,LOBO,4-5,4-5,4,NONE,0,0.0,0.0,0,False,False,1.0,False
W-H0A,LOBO,4-5b,4-5b,4,NONE,0,0.0,0.0,0,False,False,1.0,False
W-H1,LOBO,4-5b,4-5b,4,NONE,0,0.0,0.0,0,False,False,1.0,False
W-H2,LOBO,4-5b,4-5b,4,NONE,0,0.0,0.0,0,False,False,1.0,False
W-H3,LOBO,4-5b,4-5b,4,NONE,0,0.0,0.0,0,False,False,1.0,False
W-H5,LOBO,4-5b,4-5b,4,NONE,0,0.0,0.0,0,False,False,1.0,False
W-H0A,LOBO,5-1,5-1,5,NONE,0,0.0,0.0,0,False,False,1.0,False
W-H1,LOBO,5-1,5-1,5,NONE,0,0.0,0.0,0,False,False,1.0,False
W-H2,LOBO,5-1,5-1,5,NONE,0,0.0,0.0,0,False,False,1.0,False
W-H3,LOBO,5-1,5-1,5,NONE,0,0.0,0.0,0,False,False,1.0,False
W-H5,LOBO,5-1,5-1,5,NONE,0,0.0,0.0,0,False,False,1.0,False
W-H0A,LOBO,5-2,5-2,5,NONE,0,0.0,0.0,0,False,False,1.0,False
W-H1,LOBO,5-2,5-2,5,NONE,0,0.0,0.0,0,False,False,1.0,False
W-H2,LOBO,5-2,5-2,5,NONE,0,0.0,0.0,0,False,False,1.0,False
W-H3,LOBO,5-2,5-2,5,NONE,0,0.0,0.0,0,False,False,1.0,False
W-H5,LOBO,5-2,5-2,5,NONE,0,0.0,0.0,0,False,False,1.0,False
W-H0A,LOBO,5-3,5-3,5,NONE,0,0.0,0.0,0,False,False,1.0,False
W-H1,LOBO,5-3,5-3,5,NONE,0,0.0,0.0,0,False,False,1.0,False
W-H2,LOBO,5-3,5-3,5,NONE,0,0.0,0.0,0,False,False,1.0,False
W-H3,LOBO,5-3,5-3,5,NONE,0,0.0,0.0,0,False,False,1.0,False
W-H5,LOBO,5-3,5-3,5,NONE,0,0.0,0.0,0,False,False,1.0,False
W-H0A,LOBO,5-4,5-4,5,NONE,0,0.0,0.0,0,False,False,1.0,False
W-H1,LOBO,5-4,5-4,5,NONE,0,0.0,0.0,0,False,False,1.0,False
W-H2,LOBO,5-4,5-4,5,NONE,0,0.0,0.0,0,False,False,1.0,False
W-H3,LOBO,5-4,5-4,5,NONE,0,0.0,0.0,0,False,False,1.0,False
W-H5,LOBO,5-4,5-4,5,NONE,0,0.0,0.0,0,False,False,1.0,False
W-H0A,LOBO,5-5,5-5,5,NONE,0,0.0,0.0,0,False,False,1.0,False
W-H1,LOBO,5-5,5-5,5,NONE,0,0.0,0.0,0,False,False,1.0,False
W-H2,LOBO,5-5,5-5,5,NONE,0,0.0,0.0,0,False,False,1.0,False
W-H3,LOBO,5-5,5-5,5,NONE,0,0.0,0.0,0,False,False,1.0,False
W-H5,LOBO,5-5,5-5,5,NONE,0,0.0,0.0,0,False,False,1.0,False
W-H0A,LOBO,6-1,6-1,6,NONE,0,0.0,0.0,0,False,False,1.0,False
W-H1,LOBO,6-1,6-1,6,NONE,0,0.0,0.0,0,False,False,1.0,False
W-H2,LOBO,6-1,6-1,6,NONE,0,0.0,0.0,0,False,False,1.0,False
W-H3,LOBO,6-1,6-1,6,NONE,0,0.0,0.0,0,False,False,1.0,False
W-H5,LOBO,6-1,6-1,6,NONE,0,0.0,0.0,0,False,False,1.0,False
W-H0A,LOBO,6-2,6-2,6,NONE,0,0.0,0.0,0,False,False,1.0,False
W-H1,LOBO,6-2,6-2,6,NONE,0,0.0,0.0,0,False,False,1.0,False
W-H2,LOBO,6-2,6-2,6,NONE,0,0.0,0.0,0,False,False,1.0,False
W-H3,LOBO,6-2,6-2,6,NONE,0,0.0,0.0,0,False,False,1.0,False
W-H5,LOBO,6-2,6-2,6,NONE,0,0.0,0.0,0,False,False,1.0,False
W-H0A,LOBO,6-3,6-3,6,NONE,0,0.0,0.0,0,False,False,1.0,False
W-H1,LOBO,6-3,6-3,6,NONE,0,0.0,0.0,0,False,False,1.0,False
W-H2,LOBO,6-3,6-3,6,NONE,0,0.0,0.0,0,False,False,1.0,False
W-H3,LOBO,6-3,6-3,6,NONE,0,0.0,0.0,0,False,False,1.0,False
W-H5,LOBO,6-3,6-3,6,NONE,0,0.0,0.0,0,False,False,1.0,False
W-H0A,LOBO,6-4,6-4,6,NONE,0,0.0,0.0,0,False,False,1.0,False
W-H1,LOBO,6-4,6-4,6,NONE,0,0.0,0.0,0,False,False,1.0,False
W-H2,LOBO,6-4,6-4,6,NONE,0,0.0,0.0,0,False,False,1.0,False
W-H3,LOBO,6-4,6-4,6,NONE,0,0.0,0.0,0,False,False,1.0,False
W-H5,LOBO,6-4,6-4,6,NONE,0,0.0,0.0,0,False,False,1.0,False
W-H0A,LOBO,6-5,6-5,6,NONE,0,0.0,0.0,0,False,False,1.0,False
W-H1,LOBO,6-5,6-5,6,NONE,0,0.0,0.0,0,False,False,1.0,False
W-H2,LOBO,6-5,6-5,6,NONE,0,0.0,0.0,0,False,False,1.0,False
W-H3,LOBO,6-5,6-5,6,NONE,0,0.0,0.0,0,False,False,1.0,False
W-H5,LOBO,6-5,6-5,6,NONE,0,0.0,0.0,0,False,False,1.0,False
W-H0A,LOBO,6-6,6-6,6,NONE,0,0.0,0.0,0,False,False,1.0,False
W-H1,LOBO,6-6,6-6,6,NONE,0,0.0,0.0,0,False,False,1.0,False
W-H2,LOBO,6-6,6-6,6,NONE,0,0.0,0.0,0,False,False,1.0,False
W-H3,LOBO,6-6,6-6,6,NONE,0,0.0,0.0,0,False,False,1.0,False
W-H5,LOBO,6-6,6-6,6,NONE,0,0.0,0.0,0,False,False,1.0,False
W-H0A,LOBO,7-1,7-1,7,NONE,0,0.0,0.0,0,False,False,1.0,False
W-H1,LOBO,7-1,7-1,7,NONE,0,0.0,0.0,0,False,False,1.0,False
W-H2,LOBO,7-1,7-1,7,NONE,0,0.0,0.0,0,False,False,1.0,False
W-H3,LOBO,7-1,7-1,7,NONE,0,0.0,0.0,0,False,False,1.0,False
W-H5,LOBO,7-1,7-1,7,NONE,0,0.0,0.0,0,False,False,1.0,False
W-H0A,LOBO,7-2,7-2,7,NONE,0,0.0,0.0,0,False,False,1.0,False
W-H1,LOBO,7-2,7-2,7,NONE,0,0.0,0.0,0,False,False,1.0,False
W-H2,LOBO,7-2,7-2,7,NONE,0,0.0,0.0,0,False,False,1.0,False
W-H3,LOBO,7-2,7-2,7,NONE,0,0.0,0.0,0,False,False,1.0,False
W-H5,LOBO,7-2,7-2,7,NONE,0,0.0,0.0,0,False,False,1.0,False
W-H0A,LOBO,7-3,7-3,7,NONE,0,0.0,0.0,0,False,False,1.0,False
W-H1,LOBO,7-3,7-3,7,NONE,0,0.0,0.0,0,False,False,1.0,False
W-H2,LOBO,7-3,7-3,7,NONE,0,0.0,0.0,0,False,False,1.0,False
W-H3,LOBO,7-3,7-3,7,NONE,0,0.0,0.0,0,False,False,1.0,False
W-H5,LOBO,7-3,7-3,7,NONE,0,0.0,0.0,0,False,False,1.0,False
W-H0A,LOBO,7-4,7-4,7,NONE,0,0.0,0.0,0,False,False,1.0,False
W-H1,LOBO,7-4,7-4,7,NONE,0,0.0,0.0,0,False,False,1.0,False
W-H2,LOBO,7-4,7-4,7,NONE,0,0.0,0.0,0,False,False,1.0,False
W-H3,LOBO,7-4,7-4,7,NONE,0,0.0,0.0,0,False,False,1.0,False
W-H5,LOBO,7-4,7-4,7,NONE,0,0.0,0.0,0,False,False,1.0,False
W-H0A,LOBO,8-1,8-1,8,NONE,0,0.0,0.0,0,False,False,1.0,False
W-H1,LOBO,8-1,8-1,8,NONE,0,0.0,0.0,0,False,False,1.0,False
W-H2,LOBO,8-1,8-1,8,NONE,0,0.0,0.0,0,False,False,1.0,False
W-H3,LOBO,8-1,8-1,8,NONE,0,0.0,0.0,0,False,False,1.0,False
W-H5,LOBO,8-1,8-1,8,NONE,0,0.0,0.0,0,False,False,1.0,False
W-H0A,LOBO,8-1b,8-1b,8,NONE,0,0.0,0.0,0,False,False,1.0,False
W-H1,LOBO,8-1b,8-1b,8,NONE,0,0.0,0.0,0,False,False,1.0,False
W-H2,LOBO,8-1b,8-1b,8,NONE,0,0.0,0.0,0,False,False,1.0,False
W-H3,LOBO,8-1b,8-1b,8,NONE,0,0.0,0.0,0,False,False,1.0,False
W-H5,LOBO,8-1b,8-1b,8,NONE,0,0.0,0.0,0,False,False,1.0,False
W-H0A,LOBO,8-2,8-2,8,NONE,0,0.0,0.0,0,False,False,1.0,False
W-H1,LOBO,8-2,8-2,8,NONE,0,0.0,0.0,0,False,False,1.0,False
W-H2,LOBO,8-2,8-2,8,NONE,0,0.0,0.0,0,False,False,1.0,False
W-H3,LOBO,8-2,8-2,8,NONE,0,0.0,0.0,0,False,False,1.0,False
W-H5,LOBO,8-2,8-2,8,NONE,0,0.0,0.0,0,False,False,1.0,False
W-H0A,LOBO,8-3,8-3,8,NONE,0,0.0,0.0,0,False,False,1.0,False
W-H1,LOBO,8-3,8-3,8,NONE,0,0.0,0.0,0,False,False,1.0,False
W-H2,LOBO,8-3,8-3,8,NONE,0,0.0,0.0,0,False,False,1.0,False
W-H3,LOBO,8-3,8-3,8,NONE,0,0.0,0.0,0,False,False,1.0,False
W-H5,LOBO,8-3,8-3,8,NONE,0,0.0,0.0,0,False,False,1.0,False
W-H0A,LOBO,9-1,9-1,9,NONE,0,0.0,0.0,0,False,False,1.0,False
W-H1,LOBO,9-1,9-1,9,NONE,0,0.0,0.0,0,False,False,1.0,False
W-H2,LOBO,9-1,9-1,9,NONE,0,0.0,0.0,0,False,False,1.0,False
W-H3,LOBO,9-1,9-1,9,NONE,0,0.0,0.0,0,False,False,1.0,False
W-H5,LOBO,9-1,9-1,9,NONE,0,0.0,0.0,0,False,False,1.0,False
W-H0A,LOBO,9-2,9-2,9,NONE,0,0.0,0.0,0,False,False,1.0,False
W-H1,LOBO,9-2,9-2,9,NONE,0,0.0,0.0,0,False,False,1.0,False
W-H2,LOBO,9-2,9-2,9,NONE,0,0.0,0.0,0,False,False,1.0,False
W-H3,LOBO,9-2,9-2,9,NONE,0,0.0,0.0,0,False,False,1.0,False
W-H5,LOBO,9-2,9-2,9,NONE,0,0.0,0.0,0,False,False,1.0,False
W-H0A,LOBO,9-3,9-3,9,NONE,0,0.0,0.0,0,False,False,1.0,False
W-H1,LOBO,9-3,9-3,9,NONE,0,0.0,0.0,0,False,False,1.0,False
W-H2,LOBO,9-3,9-3,9,NONE,0,0.0,0.0,0,False,False,1.0,False
W-H3,LOBO,9-3,9-3,9,NONE,0,0.0,0.0,0,False,False,1.0,False
W-H5,LOBO,9-3,9-3,9,NONE,0,0.0,0.0,0,False,False,1.0,False
W-H0A,LOBO,9-4,9-4,9,NONE,0,0.0,0.0,0,False,False,1.0,False
W-H1,LOBO,9-4,9-4,9,NONE,0,0.0,0.0,0,False,False,1.0,False
W-H2,LOBO,9-4,9-4,9,NONE,0,0.0,0.0,0,False,False,1.0,False
W-H3,LOBO,9-4,9-4,9,NONE,0,0.0,0.0,0,False,False,1.0,False
W-H5,LOBO,9-4,9-4,9,NONE,0,0.0,0.0,0,False,False,1.0,False
W-H0A,LOBO,9-5,9-5,9,NONE,0,0.0,0.0,0,False,False,1.0,False
W-H1,LOBO,9-5,9-5,9,NONE,0,0.0,0.0,0,False,False,1.0,False
W-H2,LOBO,9-5,9-5,9,NONE,0,0.0,0.0,0,False,False,1.0,False
W-H3,LOBO,9-5,9-5,9,NONE,0,0.0,0.0,0,False,False,1.0,False
W-H5,LOBO,9-5,9-5,9,NONE,0,0.0,0.0,0,False,False,1.0,False
W-H0A,LOCO,LOCO-1,1-1,1,NONE,0,0.0,0.0,0,True,False,1.0,False
W-H0A,LOCO,LOCO-1,1-2,1,NONE,0,0.0,0.0,0,True,False,1.0,False
W-H0A,LOCO,LOCO-1,1-3,1,NONE,0,0.0,0.0,0,True,False,1.0,False
W-H0A,LOCO,LOCO-1,1-4,1,NONE,0,0.0,0.0,0,True,False,1.0,False
W-H0A,LOCO,LOCO-1,1-5b,1,NONE,0,0.0,0.0,0,True,False,1.0,False
W-H1,LOCO,LOCO-1,1-1,1,NONE,0,0.0,0.0,0,True,False,1.0,False
W-H1,LOCO,LOCO-1,1-2,1,NONE,0,0.0,0.0,0,True,False,1.0,False
W-H1,LOCO,LOCO-1,1-3,1,NONE,0,0.0,0.0,0,True,False,1.0,False
W-H1,LOCO,LOCO-1,1-4,1,NONE,0,0.0,0.0,0,True,False,1.0,False
W-H1,LOCO,LOCO-1,1-5b,1,NONE,0,0.0,0.0,0,True,False,1.0,False
W-H2,LOCO,LOCO-1,1-1,1,NONE,0,0.0,0.0,0,True,False,1.0,False
W-H2,LOCO,LOCO-1,1-2,1,NONE,0,0.0,0.0,0,True,False,1.0,False
W-H2,LOCO,LOCO-1,1-3,1,NONE,0,0.0,0.0,0,True,False,1.0,False
W-H2,LOCO,LOCO-1,1-4,1,NONE,0,0.0,0.0,0,True,False,1.0,False
W-H2,LOCO,LOCO-1,1-5b,1,NONE,0,0.0,0.0,0,True,False,1.0,False
W-H3,LOCO,LOCO-1,1-1,1,NONE,0,0.0,0.0,0,True,False,1.0,False
W-H3,LOCO,LOCO-1,1-2,1,NONE,0,0.0,0.0,0,True,False,1.0,False
W-H3,LOCO,LOCO-1,1-3,1,NONE,0,0.0,0.0,0,True,False,1.0,False
W-H3,LOCO,LOCO-1,1-4,1,NONE,0,0.0,0.0,0,True,False,1.0,False
W-H3,LOCO,LOCO-1,1-5b,1,NONE,0,0.0,0.0,0,True,False,1.0,False
W-H5,LOCO,LOCO-1,1-1,1,NONE,0,0.0,0.0,0,True,False,1.0,False
W-H5,LOCO,LOCO-1,1-2,1,NONE,0,0.0,0.0,0,True,False,1.0,False
W-H5,LOCO,LOCO-1,1-3,1,NONE,0,0.0,0.0,0,True,False,1.0,False
W-H5,LOCO,LOCO-1,1-4,1,NONE,0,0.0,0.0,0,True,False,1.0,False
W-H5,LOCO,LOCO-1,1-5b,1,NONE,0,0.0,0.0,0,True,False,1.0,False
W-H0A,LOCO,LOCO-2,2-2,2,NONE,0,0.0,0.0,0,True,False,1.0,False
W-H0A,LOCO,LOCO-2,2-3,2,NONE,0,0.0,0.0,0,True,False,1.0,False
W-H0A,LOCO,LOCO-2,2-4,2,NONE,0,0.0,0.0,0,True,False,1.0,False
W-H0A,LOCO,LOCO-2,2-5,2,NONE,0,0.0,0.0,0,True,False,1.0,False
W-H1,LOCO,LOCO-2,2-2,2,NONE,0,0.0,0.0,0,True,False,1.0,False
W-H1,LOCO,LOCO-2,2-3,2,NONE,0,0.0,0.0,0,True,False,1.0,False
W-H1,LOCO,LOCO-2,2-4,2,NONE,0,0.0,0.0,0,True,False,1.0,False
W-H1,LOCO,LOCO-2,2-5,2,NONE,0,0.0,0.0,0,True,False,1.0,False
W-H2,LOCO,LOCO-2,2-2,2,NONE,0,0.0,0.0,0,True,False,1.0,False
W-H2,LOCO,LOCO-2,2-3,2,NONE,0,0.0,0.0,0,True,False,1.0,False
W-H2,LOCO,LOCO-2,2-4,2,NONE,0,0.0,0.0,0,True,False,1.0,False
W-H2,LOCO,LOCO-2,2-5,2,NONE,0,0.0,0.0,0,True,False,1.0,False
W-H3,LOCO,LOCO-2,2-2,2,NONE,0,0.0,0.0,0,True,False,1.0,False
W-H3,LOCO,LOCO-2,2-3,2,NONE,0,0.0,0.0,0,True,False,1.0,False
W-H3,LOCO,LOCO-2,2-4,2,NONE,0,0.0,0.0,0,True,False,1.0,False
W-H3,LOCO,LOCO-2,2-5,2,NONE,0,0.0,0.0,0,True,False,1.0,False
W-H5,LOCO,LOCO-2,2-2,2,NONE,0,0.0,0.0,0,True,False,1.0,False
W-H5,LOCO,LOCO-2,2-3,2,NONE,0,0.0,0.0,0,True,False,1.0,False
W-H5,LOCO,LOCO-2,2-4,2,NONE,0,0.0,0.0,0,True,False,1.0,False
W-H5,LOCO,LOCO-2,2-5,2,NONE,0,0.0,0.0,0,True,False,1.0,False
W-H0A,LOCO,LOCO-3.5,3-5-3,3.5,NONE,0,0.0,0.0,0,True,False,1.0,False
W-H0A,LOCO,LOCO-3.5,3-5-4,3.5,NONE,0,0.0,0.0,0,True,False,1.0,False
W-H0A,LOCO,LOCO-3.5,3-5-5,3.5,NONE,0,0.0,0.0,0,True,False,1.0,False
W-H1,LOCO,LOCO-3.5,3-5-3,3.5,NONE,0,0.0,0.0,0,True,False,1.0,False
W-H1,LOCO,LOCO-3.5,3-5-4,3.5,NONE,0,0.0,0.0,0,True,False,1.0,False
W-H1,LOCO,LOCO-3.5,3-5-5,3.5,NONE,0,0.0,0.0,0,True,False,1.0,False
W-H2,LOCO,LOCO-3.5,3-5-3,3.5,NONE,0,0.0,0.0,0,True,False,1.0,False
W-H2,LOCO,LOCO-3.5,3-5-4,3.5,NONE,0,0.0,0.0,0,True,False,1.0,False
W-H2,LOCO,LOCO-3.5,3-5-5,3.5,NONE,0,0.0,0.0,0,True,False,1.0,False
W-H3,LOCO,LOCO-3.5,3-5-3,3.5,NONE,0,0.0,0.0,0,True,False,1.0,False
W-H3,LOCO,LOCO-3.5,3-5-4,3.5,NONE,0,0.0,0.0,0,True,False,1.0,False
W-H3,LOCO,LOCO-3.5,3-5-5,3.5,NONE,0,0.0,0.0,0,True,False,1.0,False
W-H5,LOCO,LOCO-3.5,3-5-3,3.5,NONE,0,0.0,0.0,0,True,False,1.0,False
W-H5,LOCO,LOCO-3.5,3-5-4,3.5,NONE,0,0.0,0.0,0,True,False,1.0,False
W-H5,LOCO,LOCO-3.5,3-5-5,3.5,NONE,0,0.0,0.0,0,True,False,1.0,False
W-H0A,LOCO,LOCO-4,4-1,4,NONE,0,0.0,0.0,0,True,False,1.0,False
W-H0A,LOCO,LOCO-4,4-1b,4,NONE,0,0.0,0.0,0,True,False,1.0,False
W-H0A,LOCO,LOCO-4,4-2,4,NONE,0,0.0,0.0,0,True,False,1.0,False
W-H0A,LOCO,LOCO-4,4-2b,4,NONE,0,0.0,0.0,0,True,False,1.0,False
W-H0A,LOCO,LOCO-4,4-3,4,NONE,0,0.0,0.0,0,True,False,1.0,False
W-H0A,LOCO,LOCO-4,4-3b,4,NONE,0,0.0,0.0,0,True,False,1.0,False
W-H0A,LOCO,LOCO-4,4-4,4,NONE,0,0.0,0.0,0,True,False,1.0,False
W-H0A,LOCO,LOCO-4,4-4b,4,NONE,0,0.0,0.0,0,True,False,1.0,False
W-H0A,LOCO,LOCO-4,4-5,4,NONE,0,0.0,0.0,0,True,False,1.0,False
W-H0A,LOCO,LOCO-4,4-5b,4,NONE,0,0.0,0.0,0,True,False,1.0,False
W-H1,LOCO,LOCO-4,4-1,4,NONE,0,0.0,0.0,0,True,False,1.0,False
W-H1,LOCO,LOCO-4,4-1b,4,NONE,0,0.0,0.0,0,True,False,1.0,False
W-H1,LOCO,LOCO-4,4-2,4,NONE,0,0.0,0.0,0,True,False,1.0,False
W-H1,LOCO,LOCO-4,4-2b,4,NONE,0,0.0,0.0,0,True,False,1.0,False
W-H1,LOCO,LOCO-4,4-3,4,NONE,0,0.0,0.0,0,True,False,1.0,False
W-H1,LOCO,LOCO-4,4-3b,4,NONE,0,0.0,0.0,0,True,False,1.0,False
W-H1,LOCO,LOCO-4,4-4,4,NONE,0,0.0,0.0,0,True,False,1.0,False
W-H1,LOCO,LOCO-4,4-4b,4,NONE,0,0.0,0.0,0,True,False,1.0,False
W-H1,LOCO,LOCO-4,4-5,4,NONE,0,0.0,0.0,0,True,False,1.0,False
W-H1,LOCO,LOCO-4,4-5b,4,NONE,0,0.0,0.0,0,True,False,1.0,False
W-H2,LOCO,LOCO-4,4-1,4,NONE,0,0.0,0.0,0,True,False,1.0,False
W-H2,LOCO,LOCO-4,4-1b,4,NONE,0,0.0,0.0,0,True,False,1.0,False
W-H2,LOCO,LOCO-4,4-2,4,NONE,0,0.0,0.0,0,True,False,1.0,False
W-H2,LOCO,LOCO-4,4-2b,4,NONE,0,0.0,0.0,0,True,False,1.0,False
W-H2,LOCO,LOCO-4,4-3,4,NONE,0,0.0,0.0,0,True,False,1.0,False
W-H2,LOCO,LOCO-4,4-3b,4,NONE,0,0.0,0.0,0,True,False,1.0,False
W-H2,LOCO,LOCO-4,4-4,4,NONE,0,0.0,0.0,0,True,False,1.0,False
W-H2,LOCO,LOCO-4,4-4b,4,NONE,0,0.0,0.0,0,True,False,1.0,False
W-H2,LOCO,LOCO-4,4-5,4,NONE,0,0.0,0.0,0,True,False,1.0,False
W-H2,LOCO,LOCO-4,4-5b,4,NONE,0,0.0,0.0,0,True,False,1.0,False
W-H3,LOCO,LOCO-4,4-1,4,NONE,0,0.0,0.0,0,True,False,1.0,False
W-H3,LOCO,LOCO-4,4-1b,4,NONE,0,0.0,0.0,0,True,False,1.0,False
W-H3,LOCO,LOCO-4,4-2,4,NONE,0,0.0,0.0,0,True,False,1.0,False
W-H3,LOCO,LOCO-4,4-2b,4,NONE,0,0.0,0.0,0,True,False,1.0,False
W-H3,LOCO,LOCO-4,4-3,4,NONE,0,0.0,0.0,0,True,False,1.0,False
W-H3,LOCO,LOCO-4,4-3b,4,NONE,0,0.0,0.0,0,True,False,1.0,False
W-H3,LOCO,LOCO-4,4-4,4,NONE,0,0.0,0.0,0,True,False,1.0,False
W-H3,LOCO,LOCO-4,4-4b,4,NONE,0,0.0,0.0,0,True,False,1.0,False
W-H3,LOCO,LOCO-4,4-5,4,NONE,0,0.0,0.0,0,True,False,1.0,False
W-H3,LOCO,LOCO-4,4-5b,4,NONE,0,0.0,0.0,0,True,False,1.0,False
W-H5,LOCO,LOCO-4,4-1,4,NONE,0,0.0,0.0,0,True,False,1.0,False
W-H5,LOCO,LOCO-4,4-1b,4,NONE,0,0.0,0.0,0,True,False,1.0,False
W-H5,LOCO,LOCO-4,4-2,4,NONE,0,0.0,0.0,0,True,False,1.0,False
W-H5,LOCO,LOCO-4,4-2b,4,NONE,0,0.0,0.0,0,True,False,1.0,False
W-H5,LOCO,LOCO-4,4-3,4,NONE,0,0.0,0.0,0,True,False,1.0,False
W-H5,LOCO,LOCO-4,4-3b,4,NONE,0,0.0,0.0,0,True,False,1.0,False
W-H5,LOCO,LOCO-4,4-4,4,NONE,0,0.0,0.0,0,True,False,1.0,False
W-H5,LOCO,LOCO-4,4-4b,4,NONE,0,0.0,0.0,0,True,False,1.0,False
W-H5,LOCO,LOCO-4,4-5,4,NONE,0,0.0,0.0,0,True,False,1.0,False
W-H5,LOCO,LOCO-4,4-5b,4,NONE,0,0.0,0.0,0,True,False,1.0,False
W-H0A,LOCO,LOCO-5,5-1,5,NONE,0,0.0,0.0,0,True,False,1.0,False
W-H0A,LOCO,LOCO-5,5-2,5,NONE,0,0.0,0.0,0,True,False,1.0,False
W-H0A,LOCO,LOCO-5,5-3,5,NONE,0,0.0,0.0,0,True,False,1.0,False
W-H0A,LOCO,LOCO-5,5-4,5,NONE,0,0.0,0.0,0,True,False,1.0,False
W-H0A,LOCO,LOCO-5,5-5,5,NONE,0,0.0,0.0,0,True,False,1.0,False
W-H1,LOCO,LOCO-5,5-1,5,NONE,0,0.0,0.0,0,True,False,1.0,False
W-H1,LOCO,LOCO-5,5-2,5,NONE,0,0.0,0.0,0,True,False,1.0,False
W-H1,LOCO,LOCO-5,5-3,5,NONE,0,0.0,0.0,0,True,False,1.0,False
W-H1,LOCO,LOCO-5,5-4,5,NONE,0,0.0,0.0,0,True,False,1.0,False
W-H1,LOCO,LOCO-5,5-5,5,NONE,0,0.0,0.0,0,True,False,1.0,False
W-H2,LOCO,LOCO-5,5-1,5,NONE,0,0.0,0.0,0,True,False,1.0,False
W-H2,LOCO,LOCO-5,5-2,5,NONE,0,0.0,0.0,0,True,False,1.0,False
W-H2,LOCO,LOCO-5,5-3,5,NONE,0,0.0,0.0,0,True,False,1.0,False
W-H2,LOCO,LOCO-5,5-4,5,NONE,0,0.0,0.0,0,True,False,1.0,False
W-H2,LOCO,LOCO-5,5-5,5,NONE,0,0.0,0.0,0,True,False,1.0,False
W-H3,LOCO,LOCO-5,5-1,5,NONE,0,0.0,0.0,0,True,False,1.0,False
W-H3,LOCO,LOCO-5,5-2,5,NONE,0,0.0,0.0,0,True,False,1.0,False
W-H3,LOCO,LOCO-5,5-3,5,NONE,0,0.0,0.0,0,True,False,1.0,False
W-H3,LOCO,LOCO-5,5-4,5,NONE,0,0.0,0.0,0,True,False,1.0,False
W-H3,LOCO,LOCO-5,5-5,5,NONE,0,0.0,0.0,0,True,False,1.0,False
W-H5,LOCO,LOCO-5,5-1,5,NONE,0,0.0,0.0,0,True,False,1.0,False
W-H5,LOCO,LOCO-5,5-2,5,NONE,0,0.0,0.0,0,True,False,1.0,False
W-H5,LOCO,LOCO-5,5-3,5,NONE,0,0.0,0.0,0,True,False,1.0,False
W-H5,LOCO,LOCO-5,5-4,5,NONE,0,0.0,0.0,0,True,False,1.0,False
W-H5,LOCO,LOCO-5,5-5,5,NONE,0,0.0,0.0,0,True,False,1.0,False
W-H0A,LOCO,LOCO-6,6-1,6,NONE,0,0.0,0.0,0,True,False,1.0,False
W-H0A,LOCO,LOCO-6,6-2,6,NONE,0,0.0,0.0,0,True,False,1.0,False
W-H0A,LOCO,LOCO-6,6-3,6,NONE,0,0.0,0.0,0,True,False,1.0,False
W-H0A,LOCO,LOCO-6,6-4,6,NONE,0,0.0,0.0,0,True,False,1.0,False
W-H0A,LOCO,LOCO-6,6-5,6,NONE,0,0.0,0.0,0,True,False,1.0,False
W-H0A,LOCO,LOCO-6,6-6,6,NONE,0,0.0,0.0,0,True,False,1.0,False
W-H1,LOCO,LOCO-6,6-1,6,NONE,0,0.0,0.0,0,True,False,1.0,False
W-H1,LOCO,LOCO-6,6-2,6,NONE,0,0.0,0.0,0,True,False,1.0,False
W-H1,LOCO,LOCO-6,6-3,6,NONE,0,0.0,0.0,0,True,False,1.0,False
W-H1,LOCO,LOCO-6,6-4,6,NONE,0,0.0,0.0,0,True,False,1.0,False
W-H1,LOCO,LOCO-6,6-5,6,NONE,0,0.0,0.0,0,True,False,1.0,False
W-H1,LOCO,LOCO-6,6-6,6,NONE,0,0.0,0.0,0,True,False,1.0,False
W-H2,LOCO,LOCO-6,6-1,6,NONE,0,0.0,0.0,0,True,False,1.0,False
W-H2,LOCO,LOCO-6,6-2,6,NONE,0,0.0,0.0,0,True,False,1.0,False
W-H2,LOCO,LOCO-6,6-3,6,NONE,0,0.0,0.0,0,True,False,1.0,False
W-H2,LOCO,LOCO-6,6-4,6,NONE,0,0.0,0.0,0,True,False,1.0,False
W-H2,LOCO,LOCO-6,6-5,6,NONE,0,0.0,0.0,0,True,False,1.0,False
W-H2,LOCO,LOCO-6,6-6,6,NONE,0,0.0,0.0,0,True,False,1.0,False
W-H3,LOCO,LOCO-6,6-1,6,NONE,0,0.0,0.0,0,True,False,1.0,False
W-H3,LOCO,LOCO-6,6-2,6,NONE,0,0.0,0.0,0,True,False,1.0,False
W-H3,LOCO,LOCO-6,6-3,6,NONE,0,0.0,0.0,0,True,False,1.0,False
W-H3,LOCO,LOCO-6,6-4,6,NONE,0,0.0,0.0,0,True,False,1.0,False
W-H3,LOCO,LOCO-6,6-5,6,NONE,0,0.0,0.0,0,True,False,1.0,False
W-H3,LOCO,LOCO-6,6-6,6,NONE,0,0.0,0.0,0,True,False,1.0,False
W-H5,LOCO,LOCO-6,6-1,6,NONE,0,0.0,0.0,0,True,False,1.0,False
W-H5,LOCO,LOCO-6,6-2,6,NONE,0,0.0,0.0,0,True,False,1.0,False
W-H5,LOCO,LOCO-6,6-3,6,NONE,0,0.0,0.0,0,True,False,1.0,False
W-H5,LOCO,LOCO-6,6-4,6,NONE,0,0.0,0.0,0,True,False,1.0,False
W-H5,LOCO,LOCO-6,6-5,6,NONE,0,0.0,0.0,0,True,False,1.0,False
W-H5,LOCO,LOCO-6,6-6,6,NONE,0,0.0,0.0,0,True,False,1.0,False
W-H0A,LOCO,LOCO-7,7-1,7,NONE,0,0.0,0.0,0,True,False,1.0,False
W-H0A,LOCO,LOCO-7,7-2,7,NONE,0,0.0,0.0,0,True,False,1.0,False
W-H0A,LOCO,LOCO-7,7-3,7,NONE,0,0.0,0.0,0,True,False,1.0,False
W-H0A,LOCO,LOCO-7,7-4,7,NONE,0,0.0,0.0,0,True,False,1.0,False
W-H1,LOCO,LOCO-7,7-1,7,NONE,0,0.0,0.0,0,True,False,1.0,False
W-H1,LOCO,LOCO-7,7-2,7,NONE,0,0.0,0.0,0,True,False,1.0,False
W-H1,LOCO,LOCO-7,7-3,7,NONE,0,0.0,0.0,0,True,False,1.0,False
W-H1,LOCO,LOCO-7,7-4,7,NONE,0,0.0,0.0,0,True,False,1.0,False
W-H2,LOCO,LOCO-7,7-1,7,NONE,0,0.0,0.0,0,True,False,1.0,False
W-H2,LOCO,LOCO-7,7-2,7,NONE,0,0.0,0.0,0,True,False,1.0,False
W-H2,LOCO,LOCO-7,7-3,7,NONE,0,0.0,0.0,0,True,False,1.0,False
W-H2,LOCO,LOCO-7,7-4,7,NONE,0,0.0,0.0,0,True,False,1.0,False
W-H3,LOCO,LOCO-7,7-1,7,NONE,0,0.0,0.0,0,True,False,1.0,False
W-H3,LOCO,LOCO-7,7-2,7,NONE,0,0.0,0.0,0,True,False,1.0,False
W-H3,LOCO,LOCO-7,7-3,7,NONE,0,0.0,0.0,0,True,False,1.0,False
W-H3,LOCO,LOCO-7,7-4,7,NONE,0,0.0,0.0,0,True,False,1.0,False
W-H5,LOCO,LOCO-7,7-1,7,NONE,0,0.0,0.0,0,True,False,1.0,False
W-H5,LOCO,LOCO-7,7-2,7,NONE,0,0.0,0.0,0,True,False,1.0,False
W-H5,LOCO,LOCO-7,7-3,7,NONE,0,0.0,0.0,0,True,False,1.0,False
W-H5,LOCO,LOCO-7,7-4,7,NONE,0,0.0,0.0,0,True,False,1.0,False
W-H0A,LOCO,LOCO-8,8-1,8,NONE,0,0.0,0.0,0,True,False,1.0,False
W-H0A,LOCO,LOCO-8,8-1b,8,NONE,0,0.0,0.0,0,True,False,1.0,False
W-H0A,LOCO,LOCO-8,8-2,8,NONE,0,0.0,0.0,0,True,False,1.0,False
W-H0A,LOCO,LOCO-8,8-3,8,NONE,0,0.0,0.0,0,True,False,1.0,False
W-H1,LOCO,LOCO-8,8-1,8,NONE,0,0.0,0.0,0,True,False,1.0,False
W-H1,LOCO,LOCO-8,8-1b,8,NONE,0,0.0,0.0,0,True,False,1.0,False
W-H1,LOCO,LOCO-8,8-2,8,NONE,0,0.0,0.0,0,True,False,1.0,False
W-H1,LOCO,LOCO-8,8-3,8,NONE,0,0.0,0.0,0,True,False,1.0,False
W-H2,LOCO,LOCO-8,8-1,8,NONE,0,0.0,0.0,0,True,False,1.0,False
W-H2,LOCO,LOCO-8,8-1b,8,NONE,0,0.0,0.0,0,True,False,1.0,False
W-H2,LOCO,LOCO-8,8-2,8,NONE,0,0.0,0.0,0,True,False,1.0,False
W-H2,LOCO,LOCO-8,8-3,8,NONE,0,0.0,0.0,0,True,False,1.0,False
W-H3,LOCO,LOCO-8,8-1,8,NONE,0,0.0,0.0,0,True,False,1.0,False
W-H3,LOCO,LOCO-8,8-1b,8,NONE,0,0.0,0.0,0,True,False,1.0,False
W-H3,LOCO,LOCO-8,8-2,8,NONE,0,0.0,0.0,0,True,False,1.0,False
W-H3,LOCO,LOCO-8,8-3,8,NONE,0,0.0,0.0,0,True,False,1.0,False
W-H5,LOCO,LOCO-8,8-1,8,NONE,0,0.0,0.0,0,True,False,1.0,False
W-H5,LOCO,LOCO-8,8-1b,8,NONE,0,0.0,0.0,0,True,False,1.0,False
W-H5,LOCO,LOCO-8,8-2,8,NONE,0,0.0,0.0,0,True,False,1.0,False
W-H5,LOCO,LOCO-8,8-3,8,NONE,0,0.0,0.0,0,True,False,1.0,False
W-H0A,LOCO,LOCO-9,9-1,9,NONE,0,0.0,0.0,0,True,False,1.0,False
W-H0A,LOCO,LOCO-9,9-2,9,NONE,0,0.0,0.0,0,True,False,1.0,False
W-H0A,LOCO,LOCO-9,9-3,9,NONE,0,0.0,0.0,0,True,False,1.0,False
W-H0A,LOCO,LOCO-9,9-4,9,NONE,0,0.0,0.0,0,True,False,1.0,False
W-H0A,LOCO,LOCO-9,9-5,9,NONE,0,0.0,0.0,0,True,False,1.0,False
W-H1,LOCO,LOCO-9,9-1,9,NONE,0,0.0,0.0,0,True,False,1.0,False
W-H1,LOCO,LOCO-9,9-2,9,NONE,0,0.0,0.0,0,True,False,1.0,False
W-H1,LOCO,LOCO-9,9-3,9,NONE,0,0.0,0.0,0,True,False,1.0,False
W-H1,LOCO,LOCO-9,9-4,9,NONE,0,0.0,0.0,0,True,False,1.0,False
W-H1,LOCO,LOCO-9,9-5,9,NONE,0,0.0,0.0,0,True,False,1.0,False
W-H2,LOCO,LOCO-9,9-1,9,NONE,0,0.0,0.0,0,True,False,1.0,False
W-H2,LOCO,LOCO-9,9-2,9,NONE,0,0.0,0.0,0,True,False,1.0,False
W-H2,LOCO,LOCO-9,9-3,9,NONE,0,0.0,0.0,0,True,False,1.0,False
W-H2,LOCO,LOCO-9,9-4,9,NONE,0,0.0,0.0,0,True,False,1.0,False
W-H2,LOCO,LOCO-9,9-5,9,NONE,0,0.0,0.0,0,True,False,1.0,False
W-H3,LOCO,LOCO-9,9-1,9,NONE,0,0.0,0.0,0,True,False,1.0,False
W-H3,LOCO,LOCO-9,9-2,9,NONE,0,0.0,0.0,0,True,False,1.0,False
W-H3,LOCO,LOCO-9,9-3,9,NONE,0,0.0,0.0,0,True,False,1.0,False
W-H3,LOCO,LOCO-9,9-4,9,NONE,0,0.0,0.0,0,True,False,1.0,False
W-H3,LOCO,LOCO-9,9-5,9,NONE,0,0.0,0.0,0,True,False,1.0,False
W-H5,LOCO,LOCO-9,9-1,9,NONE,0,0.0,0.0,0,True,False,1.0,False
W-H5,LOCO,LOCO-9,9-2,9,NONE,0,0.0,0.0,0,True,False,1.0,False
W-H5,LOCO,LOCO-9,9-3,9,NONE,0,0.0,0.0,0,True,False,1.0,False
W-H5,LOCO,LOCO-9,9-4,9,NONE,0,0.0,0.0,0,True,False,1.0,False
W-H5,LOCO,LOCO-9,9-5,9,NONE,0,0.0,0.0,0,True,False,1.0,False
W-H0A,LOCO,LOCO-11,10-2,11,NONE,0,0.0,0.0,0,True,False,1.0,False
W-H0A,LOCO,LOCO-11,10-3,11,NONE,0,0.0,0.0,0,True,False,1.0,False
W-H0A,LOCO,LOCO-11,10-4,11,NONE,0,0.0,0.0,0,True,False,1.0,False
W-H0A,LOCO,LOCO-11,10-5,11,NONE,0,0.0,0.0,0,True,False,1.0,False
W-H1,LOCO,LOCO-11,10-2,11,NONE,0,0.0,0.0,0,True,False,1.0,False
W-H1,LOCO,LOCO-11,10-3,11,NONE,0,0.0,0.0,0,True,False,1.0,False
W-H1,LOCO,LOCO-11,10-4,11,NONE,0,0.0,0.0,0,True,False,1.0,False
W-H1,LOCO,LOCO-11,10-5,11,NONE,0,0.0,0.0,0,True,False,1.0,False
W-H2,LOCO,LOCO-11,10-2,11,NONE,0,0.0,0.0,0,True,False,1.0,False
W-H2,LOCO,LOCO-11,10-3,11,NONE,0,0.0,0.0,0,True,False,1.0,False
W-H2,LOCO,LOCO-11,10-4,11,NONE,0,0.0,0.0,0,True,False,1.0,False
W-H2,LOCO,LOCO-11,10-5,11,NONE,0,0.0,0.0,0,True,False,1.0,False
W-H3,LOCO,LOCO-11,10-2,11,NONE,0,0.0,0.0,0,True,False,1.0,False
W-H3,LOCO,LOCO-11,10-3,11,NONE,0,0.0,0.0,0,True,False,1.0,False
W-H3,LOCO,LOCO-11,10-4,11,NONE,0,0.0,0.0,0,True,False,1.0,False
W-H3,LOCO,LOCO-11,10-5,11,NONE,0,0.0,0.0,0,True,False,1.0,False
W-H5,LOCO,LOCO-11,10-2,11,NONE,0,0.0,0.0,0,True,False,1.0,False
W-H5,LOCO,LOCO-11,10-3,11,NONE,0,0.0,0.0,0,True,False,1.0,False
W-H5,LOCO,LOCO-11,10-4,11,NONE,0,0.0,0.0,0,True,False,1.0,False
W-H5,LOCO,LOCO-11,10-5,11,NONE,0,0.0,0.0,0,True,False,1.0,False
W-H0A,LOCO,LOCO-13,12-8-2,13,NONE,0,0.0,0.0,0,True,False,1.0,False
W-H0A,LOCO,LOCO-13,12-8-3,13,NONE,0,0.0,0.0,0,True,False,1.0,False
W-H0A,LOCO,LOCO-13,12-8-4,13,NONE,0,0.0,0.0,0,True,False,1.0,False
W-H0A,LOCO,LOCO-13,12-8-5,13,NONE,0,0.0,0.0,0,True,False,1.0,False
W-H0A,LOCO,LOCO-13,12-8-6,13,NONE,0,0.0,0.0,0,True,False,1.0,False
W-H0A,LOCO,LOCO-13,12-8-7,13,NONE,0,0.0,0.0,0,True,False,1.0,False
W-H1,LOCO,LOCO-13,12-8-2,13,NONE,0,0.0,0.0,0,True,False,1.0,False
W-H1,LOCO,LOCO-13,12-8-3,13,NONE,0,0.0,0.0,0,True,False,1.0,False
W-H1,LOCO,LOCO-13,12-8-4,13,NONE,0,0.0,0.0,0,True,False,1.0,False
W-H1,LOCO,LOCO-13,12-8-5,13,NONE,0,0.0,0.0,0,True,False,1.0,False
W-H1,LOCO,LOCO-13,12-8-6,13,NONE,0,0.0,0.0,0,True,False,1.0,False
W-H1,LOCO,LOCO-13,12-8-7,13,NONE,0,0.0,0.0,0,True,False,1.0,False
W-H2,LOCO,LOCO-13,12-8-2,13,NONE,0,0.0,0.0,0,True,False,1.0,False
W-H2,LOCO,LOCO-13,12-8-3,13,NONE,0,0.0,0.0,0,True,False,1.0,False
W-H2,LOCO,LOCO-13,12-8-4,13,NONE,0,0.0,0.0,0,True,False,1.0,False
W-H2,LOCO,LOCO-13,12-8-5,13,NONE,0,0.0,0.0,0,True,False,1.0,False
W-H2,LOCO,LOCO-13,12-8-6,13,NONE,0,0.0,0.0,0,True,False,1.0,False
W-H2,LOCO,LOCO-13,12-8-7,13,NONE,0,0.0,0.0,0,True,False,1.0,False
W-H3,LOCO,LOCO-13,12-8-2,13,NONE,0,0.0,0.0,0,True,False,1.0,False
W-H3,LOCO,LOCO-13,12-8-3,13,NONE,0,0.0,0.0,0,True,False,1.0,False
W-H3,LOCO,LOCO-13,12-8-4,13,NONE,0,0.0,0.0,0,True,False,1.0,False
W-H3,LOCO,LOCO-13,12-8-5,13,NONE,0,0.0,0.0,0,True,False,1.0,False
W-H3,LOCO,LOCO-13,12-8-6,13,NONE,0,0.0,0.0,0,True,False,1.0,False
W-H3,LOCO,LOCO-13,12-8-7,13,NONE,0,0.0,0.0,0,True,False,1.0,False
W-H5,LOCO,LOCO-13,12-8-2,13,NONE,0,0.0,0.0,0,True,False,1.0,False
W-H5,LOCO,LOCO-13,12-8-3,13,NONE,0,0.0,0.0,0,True,False,1.0,False
W-H5,LOCO,LOCO-13,12-8-4,13,NONE,0,0.0,0.0,0,True,False,1.0,False
W-H5,LOCO,LOCO-13,12-8-5,13,NONE,0,0.0,0.0,0,True,False,1.0,False
W-H5,LOCO,LOCO-13,12-8-6,13,NONE,0,0.0,0.0,0,True,False,1.0,False
W-H5,LOCO,LOCO-13,12-8-7,13,NONE,0,0.0,0.0,0,True,False,1.0,False
W-H0A,BLOCKED_TIME,1-1,1-1,1,NONE,0,0.0,0.0,0,False,True,1.0,False
W-H1,BLOCKED_TIME,1-1,1-1,1,NONE,0,0.0,0.0,0,False,True,1.0,False
W-H2,BLOCKED_TIME,1-1,1-1,1,NONE,0,0.0,0.0,0,False,True,1.0,False
W-H3,BLOCKED_TIME,1-1,1-1,1,NONE,0,0.0,0.0,0,False,True,1.0,False
W-H5,BLOCKED_TIME,1-1,1-1,1,NONE,0,0.0,0.0,0,False,True,1.0,False
W-H0A,BLOCKED_TIME,1-2,1-2,1,NONE,0,0.0,0.0,0,False,True,1.0,False
W-H1,BLOCKED_TIME,1-2,1-2,1,NONE,0,0.0,0.0,0,False,True,1.0,False
W-H2,BLOCKED_TIME,1-2,1-2,1,NONE,0,0.0,0.0,0,False,True,1.0,False
W-H3,BLOCKED_TIME,1-2,1-2,1,NONE,0,0.0,0.0,0,False,True,1.0,False
W-H5,BLOCKED_TIME,1-2,1-2,1,NONE,0,0.0,0.0,0,False,True,1.0,False
W-H0A,BLOCKED_TIME,1-3,1-3,1,NONE,0,0.0,0.0,0,False,True,1.0,False
W-H1,BLOCKED_TIME,1-3,1-3,1,NONE,0,0.0,0.0,0,False,True,1.0,False
W-H2,BLOCKED_TIME,1-3,1-3,1,NONE,0,0.0,0.0,0,False,True,1.0,False
W-H3,BLOCKED_TIME,1-3,1-3,1,NONE,0,0.0,0.0,0,False,True,1.0,False
W-H5,BLOCKED_TIME,1-3,1-3,1,NONE,0,0.0,0.0,0,False,True,1.0,False
W-H0A,BLOCKED_TIME,1-4,1-4,1,NONE,0,0.0,0.0,0,False,True,1.0,False
W-H1,BLOCKED_TIME,1-4,1-4,1,NONE,0,0.0,0.0,0,False,True,1.0,False
W-H2,BLOCKED_TIME,1-4,1-4,1,NONE,0,0.0,0.0,0,False,True,1.0,False
W-H3,BLOCKED_TIME,1-4,1-4,1,NONE,0,0.0,0.0,0,False,True,1.0,False
W-H5,BLOCKED_TIME,1-4,1-4,1,NONE,0,0.0,0.0,0,False,True,1.0,False
W-H0A,BLOCKED_TIME,1-5b,1-5b,1,NONE,0,0.0,0.0,0,False,True,1.0,False
W-H1,BLOCKED_TIME,1-5b,1-5b,1,NONE,0,0.0,0.0,0,False,True,1.0,False
W-H2,BLOCKED_TIME,1-5b,1-5b,1,NONE,0,0.0,0.0,0,False,True,1.0,False
W-H3,BLOCKED_TIME,1-5b,1-5b,1,NONE,0,0.0,0.0,0,False,True,1.0,False
W-H5,BLOCKED_TIME,1-5b,1-5b,1,NONE,0,0.0,0.0,0,False,True,1.0,False
W-H0A,BLOCKED_TIME,10-2,10-2,11,NONE,0,0.0,0.0,0,False,True,1.0,False
W-H1,BLOCKED_TIME,10-2,10-2,11,NONE,0,0.0,0.0,0,False,True,1.0,False
W-H2,BLOCKED_TIME,10-2,10-2,11,NONE,0,0.0,0.0,0,False,True,1.0,False
W-H3,BLOCKED_TIME,10-2,10-2,11,NONE,0,0.0,0.0,0,False,True,1.0,False
W-H5,BLOCKED_TIME,10-2,10-2,11,NONE,0,0.0,0.0,0,False,True,1.0,False
W-H0A,BLOCKED_TIME,10-3,10-3,11,NONE,0,0.0,0.0,0,False,True,1.0,False
W-H1,BLOCKED_TIME,10-3,10-3,11,NONE,0,0.0,0.0,0,False,True,1.0,False
W-H2,BLOCKED_TIME,10-3,10-3,11,NONE,0,0.0,0.0,0,False,True,1.0,False
W-H3,BLOCKED_TIME,10-3,10-3,11,NONE,0,0.0,0.0,0,False,True,1.0,False
W-H5,BLOCKED_TIME,10-3,10-3,11,NONE,0,0.0,0.0,0,False,True,1.0,False
W-H0A,BLOCKED_TIME,10-4,10-4,11,NONE,0,0.0,0.0,0,False,True,1.0,False
W-H1,BLOCKED_TIME,10-4,10-4,11,NONE,0,0.0,0.0,0,False,True,1.0,False
W-H2,BLOCKED_TIME,10-4,10-4,11,NONE,0,0.0,0.0,0,False,True,1.0,False
W-H3,BLOCKED_TIME,10-4,10-4,11,NONE,0,0.0,0.0,0,False,True,1.0,False
W-H5,BLOCKED_TIME,10-4,10-4,11,NONE,0,0.0,0.0,0,False,True,1.0,False
W-H0A,BLOCKED_TIME,10-5,10-5,11,NONE,0,0.0,0.0,0,False,True,1.0,False
W-H1,BLOCKED_TIME,10-5,10-5,11,NONE,0,0.0,0.0,0,False,True,1.0,False
W-H2,BLOCKED_TIME,10-5,10-5,11,NONE,0,0.0,0.0,0,False,True,1.0,False
W-H3,BLOCKED_TIME,10-5,10-5,11,NONE,0,0.0,0.0,0,False,True,1.0,False
W-H5,BLOCKED_TIME,10-5,10-5,11,NONE,0,0.0,0.0,0,False,True,1.0,False
W-H0A,BLOCKED_TIME,12-8-2,12-8-2,13,NONE,0,0.0,0.0,0,False,True,1.0,False
W-H1,BLOCKED_TIME,12-8-2,12-8-2,13,NONE,0,0.0,0.0,0,False,True,1.0,False
W-H2,BLOCKED_TIME,12-8-2,12-8-2,13,NONE,0,0.0,0.0,0,False,True,1.0,False
W-H3,BLOCKED_TIME,12-8-2,12-8-2,13,NONE,0,0.0,0.0,0,False,True,1.0,False
W-H5,BLOCKED_TIME,12-8-2,12-8-2,13,NONE,0,0.0,0.0,0,False,True,1.0,False
W-H0A,BLOCKED_TIME,12-8-3,12-8-3,13,NONE,0,0.0,0.0,0,False,True,1.0,False
W-H1,BLOCKED_TIME,12-8-3,12-8-3,13,NONE,0,0.0,0.0,0,False,True,1.0,False
W-H2,BLOCKED_TIME,12-8-3,12-8-3,13,NONE,0,0.0,0.0,0,False,True,1.0,False
W-H3,BLOCKED_TIME,12-8-3,12-8-3,13,NONE,0,0.0,0.0,0,False,True,1.0,False
W-H5,BLOCKED_TIME,12-8-3,12-8-3,13,NONE,0,0.0,0.0,0,False,True,1.0,False
W-H0A,BLOCKED_TIME,12-8-4,12-8-4,13,NONE,0,0.0,0.0,0,False,True,1.0,False
W-H1,BLOCKED_TIME,12-8-4,12-8-4,13,NONE,0,0.0,0.0,0,False,True,1.0,False
W-H2,BLOCKED_TIME,12-8-4,12-8-4,13,NONE,0,0.0,0.0,0,False,True,1.0,False
W-H3,BLOCKED_TIME,12-8-4,12-8-4,13,NONE,0,0.0,0.0,0,False,True,1.0,False
W-H5,BLOCKED_TIME,12-8-4,12-8-4,13,NONE,0,0.0,0.0,0,False,True,1.0,False
W-H0A,BLOCKED_TIME,12-8-5,12-8-5,13,NONE,0,0.0,0.0,0,False,True,1.0,False
W-H1,BLOCKED_TIME,12-8-5,12-8-5,13,NONE,0,0.0,0.0,0,False,True,1.0,False
W-H2,BLOCKED_TIME,12-8-5,12-8-5,13,NONE,0,0.0,0.0,0,False,True,1.0,False
W-H3,BLOCKED_TIME,12-8-5,12-8-5,13,NONE,0,0.0,0.0,0,False,True,1.0,False
W-H5,BLOCKED_TIME,12-8-5,12-8-5,13,NONE,0,0.0,0.0,0,False,True,1.0,False
W-H0A,BLOCKED_TIME,12-8-6,12-8-6,13,NONE,0,0.0,0.0,0,False,True,1.0,False
W-H1,BLOCKED_TIME,12-8-6,12-8-6,13,NONE,0,0.0,0.0,0,False,True,1.0,False
W-H2,BLOCKED_TIME,12-8-6,12-8-6,13,NONE,0,0.0,0.0,0,False,True,1.0,False
W-H3,BLOCKED_TIME,12-8-6,12-8-6,13,NONE,0,0.0,0.0,0,False,True,1.0,False
W-H5,BLOCKED_TIME,12-8-6,12-8-6,13,NONE,0,0.0,0.0,0,False,True,1.0,False
W-H0A,BLOCKED_TIME,12-8-7,12-8-7,13,NONE,0,0.0,0.0,0,False,True,1.0,False
W-H1,BLOCKED_TIME,12-8-7,12-8-7,13,NONE,0,0.0,0.0,0,False,True,1.0,False
W-H2,BLOCKED_TIME,12-8-7,12-8-7,13,NONE,0,0.0,0.0,0,False,True,1.0,False
W-H3,BLOCKED_TIME,12-8-7,12-8-7,13,NONE,0,0.0,0.0,0,False,True,1.0,False
W-H5,BLOCKED_TIME,12-8-7,12-8-7,13,NONE,0,0.0,0.0,0,False,True,1.0,False
W-H0A,BLOCKED_TIME,2-2,2-2,2,NONE,0,0.0,0.0,0,False,True,1.0,False
W-H1,BLOCKED_TIME,2-2,2-2,2,NONE,0,0.0,0.0,0,False,True,1.0,False
W-H2,BLOCKED_TIME,2-2,2-2,2,NONE,0,0.0,0.0,0,False,True,1.0,False
W-H3,BLOCKED_TIME,2-2,2-2,2,NONE,0,0.0,0.0,0,False,True,1.0,False
W-H5,BLOCKED_TIME,2-2,2-2,2,NONE,0,0.0,0.0,0,False,True,1.0,False
W-H0A,BLOCKED_TIME,2-3,2-3,2,NONE,0,0.0,0.0,0,False,True,1.0,False
W-H1,BLOCKED_TIME,2-3,2-3,2,NONE,0,0.0,0.0,0,False,True,1.0,False
W-H2,BLOCKED_TIME,2-3,2-3,2,NONE,0,0.0,0.0,0,False,True,1.0,False
W-H3,BLOCKED_TIME,2-3,2-3,2,NONE,0,0.0,0.0,0,False,True,1.0,False
W-H5,BLOCKED_TIME,2-3,2-3,2,NONE,0,0.0,0.0,0,False,True,1.0,False
W-H0A,BLOCKED_TIME,2-4,2-4,2,NONE,0,0.0,0.0,0,False,True,1.0,False
W-H1,BLOCKED_TIME,2-4,2-4,2,NONE,0,0.0,0.0,0,False,True,1.0,False
W-H2,BLOCKED_TIME,2-4,2-4,2,NONE,0,0.0,0.0,0,False,True,1.0,False
W-H3,BLOCKED_TIME,2-4,2-4,2,NONE,0,0.0,0.0,0,False,True,1.0,False
W-H5,BLOCKED_TIME,2-4,2-4,2,NONE,0,0.0,0.0,0,False,True,1.0,False
W-H0A,BLOCKED_TIME,2-5,2-5,2,NONE,0,0.0,0.0,0,False,True,1.0,False
W-H1,BLOCKED_TIME,2-5,2-5,2,NONE,0,0.0,0.0,0,False,True,1.0,False
W-H2,BLOCKED_TIME,2-5,2-5,2,NONE,0,0.0,0.0,0,False,True,1.0,False
W-H3,BLOCKED_TIME,2-5,2-5,2,NONE,0,0.0,0.0,0,False,True,1.0,False
W-H5,BLOCKED_TIME,2-5,2-5,2,NONE,0,0.0,0.0,0,False,True,1.0,False
W-H0A,BLOCKED_TIME,3-5-3,3-5-3,3.5,NONE,0,0.0,0.0,0,False,True,1.0,False
W-H1,BLOCKED_TIME,3-5-3,3-5-3,3.5,NONE,0,0.0,0.0,0,False,True,1.0,False
W-H2,BLOCKED_TIME,3-5-3,3-5-3,3.5,NONE,0,0.0,0.0,0,False,True,1.0,False
W-H3,BLOCKED_TIME,3-5-3,3-5-3,3.5,NONE,0,0.0,0.0,0,False,True,1.0,False
W-H5,BLOCKED_TIME,3-5-3,3-5-3,3.5,NONE,0,0.0,0.0,0,False,True,1.0,False
W-H0A,BLOCKED_TIME,3-5-4,3-5-4,3.5,NONE,0,0.0,0.0,0,False,True,1.0,False
W-H1,BLOCKED_TIME,3-5-4,3-5-4,3.5,NONE,0,0.0,0.0,0,False,True,1.0,False
W-H2,BLOCKED_TIME,3-5-4,3-5-4,3.5,NONE,0,0.0,0.0,0,False,True,1.0,False
W-H3,BLOCKED_TIME,3-5-4,3-5-4,3.5,NONE,0,0.0,0.0,0,False,True,1.0,False
W-H5,BLOCKED_TIME,3-5-4,3-5-4,3.5,NONE,0,0.0,0.0,0,False,True,1.0,False
W-H0A,BLOCKED_TIME,3-5-5,3-5-5,3.5,NONE,0,0.0,0.0,0,False,True,1.0,False
W-H1,BLOCKED_TIME,3-5-5,3-5-5,3.5,NONE,0,0.0,0.0,0,False,True,1.0,False
W-H2,BLOCKED_TIME,3-5-5,3-5-5,3.5,NONE,0,0.0,0.0,0,False,True,1.0,False
W-H3,BLOCKED_TIME,3-5-5,3-5-5,3.5,NONE,0,0.0,0.0,0,False,True,1.0,False
W-H5,BLOCKED_TIME,3-5-5,3-5-5,3.5,NONE,0,0.0,0.0,0,False,True,1.0,False
W-H0A,BLOCKED_TIME,4-1,4-1,4,NONE,0,0.0,0.0,0,False,True,1.0,False
W-H1,BLOCKED_TIME,4-1,4-1,4,NONE,0,0.0,0.0,0,False,True,1.0,False
W-H2,BLOCKED_TIME,4-1,4-1,4,NONE,0,0.0,0.0,0,False,True,1.0,False
W-H3,BLOCKED_TIME,4-1,4-1,4,NONE,0,0.0,0.0,0,False,True,1.0,False
W-H5,BLOCKED_TIME,4-1,4-1,4,NONE,0,0.0,0.0,0,False,True,1.0,False
W-H0A,BLOCKED_TIME,4-1b,4-1b,4,NONE,0,0.0,0.0,0,False,True,1.0,False
W-H1,BLOCKED_TIME,4-1b,4-1b,4,NONE,0,0.0,0.0,0,False,True,1.0,False
W-H2,BLOCKED_TIME,4-1b,4-1b,4,NONE,0,0.0,0.0,0,False,True,1.0,False
W-H3,BLOCKED_TIME,4-1b,4-1b,4,NONE,0,0.0,0.0,0,False,True,1.0,False
W-H5,BLOCKED_TIME,4-1b,4-1b,4,NONE,0,0.0,0.0,0,False,True,1.0,False
W-H0A,BLOCKED_TIME,4-2,4-2,4,NONE,0,0.0,0.0,0,False,True,1.0,False
W-H1,BLOCKED_TIME,4-2,4-2,4,NONE,0,0.0,0.0,0,False,True,1.0,False
W-H2,BLOCKED_TIME,4-2,4-2,4,NONE,0,0.0,0.0,0,False,True,1.0,False
W-H3,BLOCKED_TIME,4-2,4-2,4,NONE,0,0.0,0.0,0,False,True,1.0,False
W-H5,BLOCKED_TIME,4-2,4-2,4,NONE,0,0.0,0.0,0,False,True,1.0,False
W-H0A,BLOCKED_TIME,4-2b,4-2b,4,NONE,0,0.0,0.0,0,False,True,1.0,False
W-H1,BLOCKED_TIME,4-2b,4-2b,4,NONE,0,0.0,0.0,0,False,True,1.0,False
W-H2,BLOCKED_TIME,4-2b,4-2b,4,NONE,0,0.0,0.0,0,False,True,1.0,False
W-H3,BLOCKED_TIME,4-2b,4-2b,4,NONE,0,0.0,0.0,0,False,True,1.0,False
W-H5,BLOCKED_TIME,4-2b,4-2b,4,NONE,0,0.0,0.0,0,False,True,1.0,False
W-H0A,BLOCKED_TIME,4-3,4-3,4,NONE,0,0.0,0.0,0,False,True,1.0,False
W-H1,BLOCKED_TIME,4-3,4-3,4,NONE,0,0.0,0.0,0,False,True,1.0,False
W-H2,BLOCKED_TIME,4-3,4-3,4,NONE,0,0.0,0.0,0,False,True,1.0,False
W-H3,BLOCKED_TIME,4-3,4-3,4,NONE,0,0.0,0.0,0,False,True,1.0,False
W-H5,BLOCKED_TIME,4-3,4-3,4,NONE,0,0.0,0.0,0,False,True,1.0,False
W-H0A,BLOCKED_TIME,4-3b,4-3b,4,NONE,0,0.0,0.0,0,False,True,1.0,False
W-H1,BLOCKED_TIME,4-3b,4-3b,4,NONE,0,0.0,0.0,0,False,True,1.0,False
W-H2,BLOCKED_TIME,4-3b,4-3b,4,NONE,0,0.0,0.0,0,False,True,1.0,False
W-H3,BLOCKED_TIME,4-3b,4-3b,4,NONE,0,0.0,0.0,0,False,True,1.0,False
W-H5,BLOCKED_TIME,4-3b,4-3b,4,NONE,0,0.0,0.0,0,False,True,1.0,False
W-H0A,BLOCKED_TIME,4-4,4-4,4,NONE,0,0.0,0.0,0,False,True,1.0,False
W-H1,BLOCKED_TIME,4-4,4-4,4,NONE,0,0.0,0.0,0,False,True,1.0,False
W-H2,BLOCKED_TIME,4-4,4-4,4,NONE,0,0.0,0.0,0,False,True,1.0,False
W-H3,BLOCKED_TIME,4-4,4-4,4,NONE,0,0.0,0.0,0,False,True,1.0,False
W-H5,BLOCKED_TIME,4-4,4-4,4,NONE,0,0.0,0.0,0,False,True,1.0,False
W-H0A,BLOCKED_TIME,4-4b,4-4b,4,NONE,0,0.0,0.0,0,False,True,1.0,False
W-H1,BLOCKED_TIME,4-4b,4-4b,4,NONE,0,0.0,0.0,0,False,True,1.0,False
W-H2,BLOCKED_TIME,4-4b,4-4b,4,NONE,0,0.0,0.0,0,False,True,1.0,False
W-H3,BLOCKED_TIME,4-4b,4-4b,4,NONE,0,0.0,0.0,0,False,True,1.0,False
W-H5,BLOCKED_TIME,4-4b,4-4b,4,NONE,0,0.0,0.0,0,False,True,1.0,False
W-H0A,BLOCKED_TIME,4-5,4-5,4,NONE,0,0.0,0.0,0,False,True,1.0,False
W-H1,BLOCKED_TIME,4-5,4-5,4,NONE,0,0.0,0.0,0,False,True,1.0,False
W-H2,BLOCKED_TIME,4-5,4-5,4,NONE,0,0.0,0.0,0,False,True,1.0,False
W-H3,BLOCKED_TIME,4-5,4-5,4,NONE,0,0.0,0.0,0,False,True,1.0,False
W-H5,BLOCKED_TIME,4-5,4-5,4,NONE,0,0.0,0.0,0,False,True,1.0,False
W-H0A,BLOCKED_TIME,4-5b,4-5b,4,NONE,0,0.0,0.0,0,False,True,1.0,False
W-H1,BLOCKED_TIME,4-5b,4-5b,4,NONE,0,0.0,0.0,0,False,True,1.0,False
W-H2,BLOCKED_TIME,4-5b,4-5b,4,NONE,0,0.0,0.0,0,False,True,1.0,False
W-H3,BLOCKED_TIME,4-5b,4-5b,4,NONE,0,0.0,0.0,0,False,True,1.0,False
W-H5,BLOCKED_TIME,4-5b,4-5b,4,NONE,0,0.0,0.0,0,False,True,1.0,False
W-H0A,BLOCKED_TIME,5-1,5-1,5,NONE,0,0.0,0.0,0,False,True,1.0,False
W-H1,BLOCKED_TIME,5-1,5-1,5,NONE,0,0.0,0.0,0,False,True,1.0,False
W-H2,BLOCKED_TIME,5-1,5-1,5,NONE,0,0.0,0.0,0,False,True,1.0,False
W-H3,BLOCKED_TIME,5-1,5-1,5,NONE,0,0.0,0.0,0,False,True,1.0,False
W-H5,BLOCKED_TIME,5-1,5-1,5,NONE,0,0.0,0.0,0,False,True,1.0,False
W-H0A,BLOCKED_TIME,5-2,5-2,5,NONE,0,0.0,0.0,0,False,True,1.0,False
W-H1,BLOCKED_TIME,5-2,5-2,5,NONE,0,0.0,0.0,0,False,True,1.0,False
W-H2,BLOCKED_TIME,5-2,5-2,5,NONE,0,0.0,0.0,0,False,True,1.0,False
W-H3,BLOCKED_TIME,5-2,5-2,5,NONE,0,0.0,0.0,0,False,True,1.0,False
W-H5,BLOCKED_TIME,5-2,5-2,5,NONE,0,0.0,0.0,0,False,True,1.0,False
W-H0A,BLOCKED_TIME,5-3,5-3,5,NONE,0,0.0,0.0,0,False,True,1.0,False
W-H1,BLOCKED_TIME,5-3,5-3,5,NONE,0,0.0,0.0,0,False,True,1.0,False
W-H2,BLOCKED_TIME,5-3,5-3,5,NONE,0,0.0,0.0,0,False,True,1.0,False
W-H3,BLOCKED_TIME,5-3,5-3,5,NONE,0,0.0,0.0,0,False,True,1.0,False
W-H5,BLOCKED_TIME,5-3,5-3,5,NONE,0,0.0,0.0,0,False,True,1.0,False
W-H0A,BLOCKED_TIME,5-4,5-4,5,NONE,0,0.0,0.0,0,False,True,1.0,False
W-H1,BLOCKED_TIME,5-4,5-4,5,NONE,0,0.0,0.0,0,False,True,1.0,False
W-H2,BLOCKED_TIME,5-4,5-4,5,NONE,0,0.0,0.0,0,False,True,1.0,False
W-H3,BLOCKED_TIME,5-4,5-4,5,NONE,0,0.0,0.0,0,False,True,1.0,False
W-H5,BLOCKED_TIME,5-4,5-4,5,NONE,0,0.0,0.0,0,False,True,1.0,False
W-H0A,BLOCKED_TIME,5-5,5-5,5,NONE,0,0.0,0.0,0,False,True,1.0,False
W-H1,BLOCKED_TIME,5-5,5-5,5,NONE,0,0.0,0.0,0,False,True,1.0,False
W-H2,BLOCKED_TIME,5-5,5-5,5,NONE,0,0.0,0.0,0,False,True,1.0,False
W-H3,BLOCKED_TIME,5-5,5-5,5,NONE,0,0.0,0.0,0,False,True,1.0,False
W-H5,BLOCKED_TIME,5-5,5-5,5,NONE,0,0.0,0.0,0,False,True,1.0,False
W-H0A,BLOCKED_TIME,6-1,6-1,6,NONE,0,0.0,0.0,0,False,True,1.0,False
W-H1,BLOCKED_TIME,6-1,6-1,6,NONE,0,0.0,0.0,0,False,True,1.0,False
W-H2,BLOCKED_TIME,6-1,6-1,6,NONE,0,0.0,0.0,0,False,True,1.0,False
W-H3,BLOCKED_TIME,6-1,6-1,6,NONE,0,0.0,0.0,0,False,True,1.0,False
W-H5,BLOCKED_TIME,6-1,6-1,6,NONE,0,0.0,0.0,0,False,True,1.0,False
W-H0A,BLOCKED_TIME,6-2,6-2,6,NONE,0,0.0,0.0,0,False,True,1.0,False
W-H1,BLOCKED_TIME,6-2,6-2,6,NONE,0,0.0,0.0,0,False,True,1.0,False
W-H2,BLOCKED_TIME,6-2,6-2,6,NONE,0,0.0,0.0,0,False,True,1.0,False
W-H3,BLOCKED_TIME,6-2,6-2,6,NONE,0,0.0,0.0,0,False,True,1.0,False
W-H5,BLOCKED_TIME,6-2,6-2,6,NONE,0,0.0,0.0,0,False,True,1.0,False
W-H0A,BLOCKED_TIME,6-3,6-3,6,NONE,0,0.0,0.0,0,False,True,1.0,False
W-H1,BLOCKED_TIME,6-3,6-3,6,NONE,0,0.0,0.0,0,False,True,1.0,False
W-H2,BLOCKED_TIME,6-3,6-3,6,NONE,0,0.0,0.0,0,False,True,1.0,False
W-H3,BLOCKED_TIME,6-3,6-3,6,NONE,0,0.0,0.0,0,False,True,1.0,False
W-H5,BLOCKED_TIME,6-3,6-3,6,NONE,0,0.0,0.0,0,False,True,1.0,False
W-H0A,BLOCKED_TIME,6-4,6-4,6,NONE,0,0.0,0.0,0,False,True,1.0,False
W-H1,BLOCKED_TIME,6-4,6-4,6,NONE,0,0.0,0.0,0,False,True,1.0,False
W-H2,BLOCKED_TIME,6-4,6-4,6,NONE,0,0.0,0.0,0,False,True,1.0,False
W-H3,BLOCKED_TIME,6-4,6-4,6,NONE,0,0.0,0.0,0,False,True,1.0,False
W-H5,BLOCKED_TIME,6-4,6-4,6,NONE,0,0.0,0.0,0,False,True,1.0,False
W-H0A,BLOCKED_TIME,6-5,6-5,6,NONE,0,0.0,0.0,0,False,True,1.0,False
W-H1,BLOCKED_TIME,6-5,6-5,6,NONE,0,0.0,0.0,0,False,True,1.0,False
W-H2,BLOCKED_TIME,6-5,6-5,6,NONE,0,0.0,0.0,0,False,True,1.0,False
W-H3,BLOCKED_TIME,6-5,6-5,6,NONE,0,0.0,0.0,0,False,True,1.0,False
W-H5,BLOCKED_TIME,6-5,6-5,6,NONE,0,0.0,0.0,0,False,True,1.0,False
W-H0A,BLOCKED_TIME,6-6,6-6,6,NONE,0,0.0,0.0,0,False,True,1.0,False
W-H1,BLOCKED_TIME,6-6,6-6,6,NONE,0,0.0,0.0,0,False,True,1.0,False
W-H2,BLOCKED_TIME,6-6,6-6,6,NONE,0,0.0,0.0,0,False,True,1.0,False
W-H3,BLOCKED_TIME,6-6,6-6,6,NONE,0,0.0,0.0,0,False,True,1.0,False
W-H5,BLOCKED_TIME,6-6,6-6,6,NONE,0,0.0,0.0,0,False,True,1.0,False
W-H0A,BLOCKED_TIME,7-1,7-1,7,NONE,0,0.0,0.0,0,False,True,1.0,False
W-H1,BLOCKED_TIME,7-1,7-1,7,NONE,0,0.0,0.0,0,False,True,1.0,False
W-H2,BLOCKED_TIME,7-1,7-1,7,NONE,0,0.0,0.0,0,False,True,1.0,False
W-H3,BLOCKED_TIME,7-1,7-1,7,NONE,0,0.0,0.0,0,False,True,1.0,False
W-H5,BLOCKED_TIME,7-1,7-1,7,NONE,0,0.0,0.0,0,False,True,1.0,False
W-H0A,BLOCKED_TIME,7-2,7-2,7,NONE,0,0.0,0.0,0,False,True,1.0,False
W-H1,BLOCKED_TIME,7-2,7-2,7,NONE,0,0.0,0.0,0,False,True,1.0,False
W-H2,BLOCKED_TIME,7-2,7-2,7,NONE,0,0.0,0.0,0,False,True,1.0,False
W-H3,BLOCKED_TIME,7-2,7-2,7,NONE,0,0.0,0.0,0,False,True,1.0,False
W-H5,BLOCKED_TIME,7-2,7-2,7,NONE,0,0.0,0.0,0,False,True,1.0,False
W-H0A,BLOCKED_TIME,7-3,7-3,7,NONE,0,0.0,0.0,0,False,True,1.0,False
W-H1,BLOCKED_TIME,7-3,7-3,7,NONE,0,0.0,0.0,0,False,True,1.0,False
W-H2,BLOCKED_TIME,7-3,7-3,7,NONE,0,0.0,0.0,0,False,True,1.0,False
W-H3,BLOCKED_TIME,7-3,7-3,7,NONE,0,0.0,0.0,0,False,True,1.0,False
W-H5,BLOCKED_TIME,7-3,7-3,7,NONE,0,0.0,0.0,0,False,True,1.0,False
W-H0A,BLOCKED_TIME,7-4,7-4,7,NONE,0,0.0,0.0,0,False,True,1.0,False
W-H1,BLOCKED_TIME,7-4,7-4,7,NONE,0,0.0,0.0,0,False,True,1.0,False
W-H2,BLOCKED_TIME,7-4,7-4,7,NONE,0,0.0,0.0,0,False,True,1.0,False
W-H3,BLOCKED_TIME,7-4,7-4,7,NONE,0,0.0,0.0,0,False,True,1.0,False
W-H5,BLOCKED_TIME,7-4,7-4,7,NONE,0,0.0,0.0,0,False,True,1.0,False
W-H0A,BLOCKED_TIME,8-1,8-1,8,NONE,0,0.0,0.0,0,False,True,1.0,False
W-H1,BLOCKED_TIME,8-1,8-1,8,NONE,0,0.0,0.0,0,False,True,1.0,False
W-H2,BLOCKED_TIME,8-1,8-1,8,NONE,0,0.0,0.0,0,False,True,1.0,False
W-H3,BLOCKED_TIME,8-1,8-1,8,NONE,0,0.0,0.0,0,False,True,1.0,False
W-H5,BLOCKED_TIME,8-1,8-1,8,NONE,0,0.0,0.0,0,False,True,1.0,False
W-H0A,BLOCKED_TIME,8-1b,8-1b,8,NONE,0,0.0,0.0,0,False,True,1.0,False
W-H1,BLOCKED_TIME,8-1b,8-1b,8,NONE,0,0.0,0.0,0,False,True,1.0,False
W-H2,BLOCKED_TIME,8-1b,8-1b,8,NONE,0,0.0,0.0,0,False,True,1.0,False
W-H3,BLOCKED_TIME,8-1b,8-1b,8,NONE,0,0.0,0.0,0,False,True,1.0,False
W-H5,BLOCKED_TIME,8-1b,8-1b,8,NONE,0,0.0,0.0,0,False,True,1.0,False
W-H0A,BLOCKED_TIME,8-2,8-2,8,NONE,0,0.0,0.0,0,False,True,1.0,False
W-H1,BLOCKED_TIME,8-2,8-2,8,NONE,0,0.0,0.0,0,False,True,1.0,False
W-H2,BLOCKED_TIME,8-2,8-2,8,NONE,0,0.0,0.0,0,False,True,1.0,False
W-H3,BLOCKED_TIME,8-2,8-2,8,NONE,0,0.0,0.0,0,False,True,1.0,False
W-H5,BLOCKED_TIME,8-2,8-2,8,NONE,0,0.0,0.0,0,False,True,1.0,False
W-H0A,BLOCKED_TIME,8-3,8-3,8,NONE,0,0.0,0.0,0,False,True,1.0,False
W-H1,BLOCKED_TIME,8-3,8-3,8,NONE,0,0.0,0.0,0,False,True,1.0,False
W-H2,BLOCKED_TIME,8-3,8-3,8,NONE,0,0.0,0.0,0,False,True,1.0,False
W-H3,BLOCKED_TIME,8-3,8-3,8,NONE,0,0.0,0.0,0,False,True,1.0,False
W-H5,BLOCKED_TIME,8-3,8-3,8,NONE,0,0.0,0.0,0,False,True,1.0,False
W-H0A,BLOCKED_TIME,9-1,9-1,9,NONE,0,0.0,0.0,0,False,True,1.0,False
W-H1,BLOCKED_TIME,9-1,9-1,9,NONE,0,0.0,0.0,0,False,True,1.0,False
W-H2,BLOCKED_TIME,9-1,9-1,9,NONE,0,0.0,0.0,0,False,True,1.0,False
W-H3,BLOCKED_TIME,9-1,9-1,9,NONE,0,0.0,0.0,0,False,True,1.0,False
W-H5,BLOCKED_TIME,9-1,9-1,9,NONE,0,0.0,0.0,0,False,True,1.0,False
W-H0A,BLOCKED_TIME,9-2,9-2,9,NONE,0,0.0,0.0,0,False,True,1.0,False
W-H1,BLOCKED_TIME,9-2,9-2,9,NONE,0,0.0,0.0,0,False,True,1.0,False
W-H2,BLOCKED_TIME,9-2,9-2,9,NONE,0,0.0,0.0,0,False,True,1.0,False
W-H3,BLOCKED_TIME,9-2,9-2,9,NONE,0,0.0,0.0,0,False,True,1.0,False
W-H5,BLOCKED_TIME,9-2,9-2,9,NONE,0,0.0,0.0,0,False,True,1.0,False
W-H0A,BLOCKED_TIME,9-3,9-3,9,NONE,0,0.0,0.0,0,False,True,1.0,False
W-H1,BLOCKED_TIME,9-3,9-3,9,NONE,0,0.0,0.0,0,False,True,1.0,False
W-H2,BLOCKED_TIME,9-3,9-3,9,NONE,0,0.0,0.0,0,False,True,1.0,False
W-H3,BLOCKED_TIME,9-3,9-3,9,NONE,0,0.0,0.0,0,False,True,1.0,False
W-H5,BLOCKED_TIME,9-3,9-3,9,NONE,0,0.0,0.0,0,False,True,1.0,False
W-H0A,BLOCKED_TIME,9-4,9-4,9,NONE,0,0.0,0.0,0,False,True,1.0,False
W-H1,BLOCKED_TIME,9-4,9-4,9,NONE,0,0.0,0.0,0,False,True,1.0,False
W-H2,BLOCKED_TIME,9-4,9-4,9,NONE,0,0.0,0.0,0,False,True,1.0,False
W-H3,BLOCKED_TIME,9-4,9-4,9,NONE,0,0.0,0.0,0,False,True,1.0,False
W-H5,BLOCKED_TIME,9-4,9-4,9,NONE,0,0.0,0.0,0,False,True,1.0,False
W-H0A,BLOCKED_TIME,9-5,9-5,9,NONE,0,0.0,0.0,0,False,True,1.0,False
W-H1,BLOCKED_TIME,9-5,9-5,9,NONE,0,0.0,0.0,0,False,True,1.0,False
W-H2,BLOCKED_TIME,9-5,9-5,9,NONE,0,0.0,0.0,0,False,True,1.0,False
W-H3,BLOCKED_TIME,9-5,9-5,9,NONE,0,0.0,0.0,0,False,True,1.0,False
W-H5,BLOCKED_TIME,9-5,9-5,9,NONE,0,0.0,0.0,0,False,True,1.0,False
