model_id,condition_id,physical_brew_id,evaluation_class,rmse_g,nrmse,endpoint_error_g,eligible_brews,predicted_brews,invalid_brews,coverage_fraction,coverage,invalid_time_fraction,failure_rate,invalid_intervals,failed
W-H0A,1,1-1,LOCO,18.79689102363027,2.2746062372794924,32.59388154489881,1,1,0,1.0,1.0,0.0,0.0,0,False
W-H0A,1,1-2,LOCO,24.956411384291275,2.672087063492744,43.056100417938815,1,1,0,1.0,1.0,0.0,0.0,0,False
W-H0A,1,1-3,LOCO,18.171419288194087,1.957382513784529,31.34297660527635,1,1,0,1.0,1.0,0.0,0.0,0,False
W-H0A,1,1-4,LOCO,18.100481279092847,1.9381439369930278,31.180011990165774,1,1,0,1.0,1.0,0.0,0.0,0,False
W-H0A,1,1-5b,LOCO,18.875055712378526,2.259349274901071,32.186520459297604,1,1,0,1.0,1.0,0.0,0.0,0,False
W-H1,1,1-1,LOCO,17.056304814616468,2.0639784136373662,33.807969154575275,1,1,0,1.0,1.0,0.0,0.0,0,False
W-H1,1,1-2,LOCO,22.766034203880245,2.4375630192373228,44.7551018525066,1,1,0,1.0,1.0,0.0,0.0,0,False
W-H1,1,1-3,LOCO,16.455347144595326,1.7725312617716888,32.596490732324234,1,1,0,1.0,1.0,0.0,0.0,0,False
W-H1,1,1-4,LOCO,16.380071538197686,1.7539277464373026,32.40421792597881,1,1,0,1.0,1.0,0.0,0.0,0,False
W-H1,1,1-5b,LOCO,17.10211516624444,2.047127811908315,33.393832437547324,1,1,0,1.0,1.0,0.0,0.0,0,False
W-H2,1,1-1,LOCO,10.024870284339698,1.213106595554067,21.540810652818234,1,1,0,1.0,1.0,0.0,0.0,0,False
W-H2,1,1-2,LOCO,15.641780367169735,1.6747679914996714,33.58453659567753,1,1,0,1.0,1.0,0.0,0.0,0,False
W-H2,1,1-3,LOCO,9.414216920846535,1.0140772875023332,20.273678797107323,1,1,0,1.0,1.0,0.0,0.0,0,False
W-H2,1,1-4,LOCO,9.345170505472314,1.0006521526180645,20.103933853417658,1,1,0,1.0,1.0,0.0,0.0,0,False
W-H2,1,1-5b,LOCO,10.069176529416291,1.2052831545110594,21.111709208543168,1,1,0,1.0,1.0,0.0,0.0,0,False
W-H3,1,1-1,LOCO,17.42879172224603,2.1090529444379134,33.817768441411374,1,1,0,1.0,1.0,0.0,0.0,0,False
W-H3,1,1-2,LOCO,23.247062861547203,2.489066836574226,44.764855987430344,1,1,0,1.0,1.0,0.0,0.0,0,False
W-H3,1,1-3,LOCO,16.8250014952127,1.8123495583267035,32.604387403198466,1,1,0,1.0,1.0,0.0,0.0,0,False
W-H3,1,1-4,LOCO,16.750092869045975,1.7935484939679254,32.415679323275015,1,1,0,1.0,1.0,0.0,0.0,0,False
W-H3,1,1-5b,LOCO,17.475960839207353,2.091877240095683,33.411241649855846,1,1,0,1.0,1.0,0.0,0.0,0,False
W-H5,1,1-1,LOCO,18.805418134935543,2.275638100502861,32.61153862080796,1,1,0,1.0,1.0,0.0,0.0,0,False
W-H5,1,1-2,LOCO,24.956083500752428,2.6720519569484176,43.05059531851081,1,1,0,1.0,1.0,0.0,0.0,0,False
W-H5,1,1-3,LOCO,18.177987851834978,1.9580900639988215,31.355809598515663,1,1,0,1.0,1.0,0.0,0.0,0,False
W-H5,1,1-4,LOCO,18.101684734465458,1.9382727992977313,31.180024228934343,1,1,0,1.0,1.0,0.0,0.0,0,False
W-H5,1,1-5b,LOCO,18.88414007423765,2.2604366754731333,32.20712778738214,1,1,0,1.0,1.0,0.0,0.0,0,False
W-H0A,2,2-2,LOCO,8.584797236564176,0.3131867785202488,13.757184283627517,1,1,0,1.0,1.0,0.0,0.0,0,False
W-H0A,2,2-3,LOCO,5.888017843096307,0.2568473670431238,9.859353736817152,1,1,0,1.0,1.0,0.0,0.0,0,False
W-H0A,2,2-4,LOCO,9.078601864587473,0.35768015257279684,15.326588124113613,1,1,0,1.0,1.0,0.0,0.0,0,False
W-H0A,2,2-5,LOCO,5.143928385378393,0.21718350722379093,8.854025189955205,1,1,0,1.0,1.0,0.0,0.0,0,False
W-H1,2,2-2,LOCO,6.899004594913372,0.2516864364454183,14.756680852583592,1,1,0,1.0,1.0,0.0,0.0,0,False
W-H1,2,2-3,LOCO,4.669764579629545,0.20370467090132935,10.54886859349676,1,1,0,1.0,1.0,0.0,0.0,0,False
W-H1,2,2-4,LOCO,7.455077998436175,0.2937163095921178,16.316286261578384,1,1,0,1.0,1.0,0.0,0.0,0,False
W-H1,2,2-5,LOCO,4.092447561734329,0.17278858646503711,9.545258560088119,1,1,0,1.0,1.0,0.0,0.0,0,False
W-H2,2,2-2,LOCO,3.330199030243763,0.1214908491572856,9.495559764817287,1,1,0,1.0,1.0,0.0,0.0,0,False
W-H2,2,2-3,LOCO,1.9316683019366616,0.08426331756701815,4.86310179547835,1,1,0,1.0,1.0,0.0,0.0,0,False
W-H2,2,2-4,LOCO,3.8518981560066536,0.15175767598196563,11.012517448600967,1,1,0,1.0,1.0,0.0,0.0,0,False
W-H2,2,2-5,LOCO,2.035402315405081,0.08593739654845177,3.84444014528928,1,1,0,1.0,1.0,0.0,0.0,0,False
W-H3,2,2-2,LOCO,7.3462488000292545,0.2680026018657856,14.904189601146932,1,1,0,1.0,1.0,0.0,0.0,0,False
W-H3,2,2-3,LOCO,5.014952693375668,0.21876248161333806,10.687760390194317,1,1,0,1.0,1.0,0.0,0.0,0,False
W-H3,2,2-4,LOCO,7.893134428102258,0.3109749241822818,16.462490365026575,1,1,0,1.0,1.0,0.0,0.0,0,False
W-H3,2,2-5,LOCO,4.4155883574673345,0.18643202122666203,9.684598276503625,1,1,0,1.0,1.0,0.0,0.0,0,False
W-H5,2,2-2,LOCO,8.5877983013132,0.31329626203802763,13.765863838268615,1,1,0,1.0,1.0,0.0,0.0,0,False
W-H5,2,2-3,LOCO,5.890186709770478,0.256941977438264,9.863320211092695,1,1,0,1.0,1.0,0.0,0.0,0,False
W-H5,2,2-4,LOCO,9.084555717374238,0.35791472338060737,15.331725592500682,1,1,0,1.0,1.0,0.0,0.0,0,False
W-H5,2,2-5,LOCO,5.144249614950991,0.21719706996416638,8.85775178349262,1,1,0,1.0,1.0,0.0,0.0,0,False
W-H0A,3.5,3-5-3,LOCO,26.547255314519415,0.2658107973848664,-42.14223665425261,1,1,0,1.0,1.0,0.0,0.0,0,False
W-H0A,3.5,3-5-4,LOCO,22.46000776786468,0.24401943732423415,-34.43614264182638,1,1,0,1.0,1.0,0.0,0.0,0,False
W-H0A,3.5,3-5-5,LOCO,16.202016709627404,0.1949104240593874,-26.139880208708895,1,1,0,1.0,1.0,0.0,0.0,0,False
W-H1,3.5,3-5-3,LOCO,29.60404813390559,0.2964176728277292,-40.25995856861362,1,1,0,1.0,1.0,0.0,0.0,0,False
W-H1,3.5,3-5-4,LOCO,25.582599226074016,0.2779452052269468,-32.58514109816152,1,1,0,1.0,1.0,0.0,0.0,0,False
W-H1,3.5,3-5-5,LOCO,19.2128260847366,0.23113049114003714,-24.412946965110912,1,1,0,1.0,1.0,0.0,0.0,0,False
W-H2,3.5,3-5-3,LOCO,34.086527444344135,0.3412995781566457,-42.683874865062116,1,1,0,1.0,1.0,0.0,0.0,0,False
W-H2,3.5,3-5-4,LOCO,30.089805428783,0.3269142854185833,-34.99844608842259,1,1,0,1.0,1.0,0.0,0.0,0,False
W-H2,3.5,3-5-5,LOCO,23.63209852135329,0.28429438302413146,-26.802078447838355,1,1,0,1.0,1.0,0.0,0.0,0,False
W-H3,3.5,3-5-3,LOCO,29.001360316512773,0.29038311567983033,-40.18628145465723,1,1,0,1.0,1.0,0.0,0.0,0,False
W-H3,3.5,3-5-4,LOCO,24.9708561576038,0.2712988495846,-32.493282593072834,1,1,0,1.0,1.0,0.0,0.0,0,False
W-H3,3.5,3-5-5,LOCO,18.608300741630707,0.2238580451790722,-24.350446245082452,1,1,0,1.0,1.0,0.0,0.0,0,False
W-H5,3.5,3-5-3,LOCO,26.539344757302686,0.26573159102260313,-42.125499967908354,1,1,0,1.0,1.0,0.0,0.0,0,False
W-H5,3.5,3-5-4,LOCO,22.464520000952465,0.24406846101961915,-34.43158177696514,1,1,0,1.0,1.0,0.0,0.0,0,False
W-H5,3.5,3-5-5,LOCO,16.17891992020818,0.19463256945024876,-26.12847630473017,1,1,0,1.0,1.0,0.0,0.0,0,False
W-H0A,4,4-1,LOCO,45.79044133379231,0.31189768419933184,-83.5485933793267,1,1,0,1.0,1.0,0.0,0.0,0,False
W-H0A,4,4-1b,LOCO,23.254587861403728,0.2233314250161533,-42.70063241373786,1,1,0,1.0,1.0,0.0,0.0,0,False
W-H0A,4,4-2,LOCO,27.04342799518028,0.24224296429089298,-48.906686859980624,1,1,0,1.0,1.0,0.0,0.0,0,False
W-H0A,4,4-2b,LOCO,22.762447789008885,0.22488321891646282,-39.75811060743489,1,1,0,1.0,1.0,0.0,0.0,0,False
W-H0A,4,4-3,LOCO,29.741140148142787,0.25395190151059543,-54.40953992413,1,1,0,1.0,1.0,0.0,0.0,0,False
W-H0A,4,4-3b,LOCO,28.810262022568477,0.2552933185673512,-51.37661166491973,1,1,0,1.0,1.0,0.0,0.0,0,False
W-H0A,4,4-4,LOCO,36.25498384293345,0.2816005281939184,-66.67105762655072,1,1,0,1.0,1.0,0.0,0.0,0,False
W-H0A,4,4-4b,LOCO,30.969207683672977,0.2612266671565148,-56.827250373149354,1,1,0,1.0,1.0,0.0,0.0,0,False
W-H0A,4,4-5,LOCO,35.059419832711015,0.27483965069474603,-64.89971625143085,1,1,0,1.0,1.0,0.0,0.0,0,False
W-H0A,4,4-5b,LOCO,29.015314267004975,0.2541148313962631,-52.302275601624785,1,1,0,1.0,1.0,0.0,0.0,0,False
W-H1,4,4-1,LOCO,48.69303565019216,0.331668457729465,-81.08568220734901,1,1,0,1.0,1.0,0.0,0.0,0,False
W-H1,4,4-1b,LOCO,26.08437759408033,0.2505080396808088,-40.347738403540724,1,1,0,1.0,1.0,0.0,0.0,0,False
W-H1,4,4-2,LOCO,29.98053271817095,0.26855223819865515,-46.45324031889294,1,1,0,1.0,1.0,0.0,0.0,0,False
W-H1,4,4-2b,LOCO,25.807127689562083,0.2549633501463419,-37.37002208009603,1,1,0,1.0,1.0,0.0,0.0,0,False
W-H1,4,4-3,LOCO,32.69637977792857,0.2791859281708152,-52.053273728224056,1,1,0,1.0,1.0,0.0,0.0,0,False
W-H1,4,4-3b,LOCO,31.72391685889783,0.2811117790778336,-48.9933038003614,1,1,0,1.0,1.0,0.0,0.0,0,False
W-H1,4,4-4,LOCO,39.23310343026384,0.3047322458206621,-64.36256680641578,1,1,0,1.0,1.0,0.0,0.0,0,False
W-H1,4,4-4b,LOCO,33.73074143959847,0.2845203292569161,-54.436480691224546,1,1,0,1.0,1.0,0.0,0.0,0,False
W-H1,4,4-5,LOCO,37.950465886181796,0.29750329120191105,-62.48983790475957,1,1,0,1.0,1.0,0.0,0.0,0,False
W-H1,4,4-5b,LOCO,31.990291139413298,0.28016954648165165,-49.900762018043025,1,1,0,1.0,1.0,0.0,0.0,0,False
W-H2,4,4-1,LOCO,52.89237549489269,0.36027190278430665,-82.5859244335876,1,1,0,1.0,1.0,0.0,0.0,0,False
W-H2,4,4-1b,LOCO,30.33705793547657,0.29134975084949144,-41.97264029106401,1,1,0,1.0,1.0,0.0,0.0,0,False
W-H2,4,4-2,LOCO,34.279480421862026,0.3070602940286798,-48.01246890009468,1,1,0,1.0,1.0,0.0,0.0,0,False
W-H2,4,4-2b,LOCO,30.10967656876603,0.2974706872512734,-39.025251015133314,1,1,0,1.0,1.0,0.0,0.0,0,False
W-H2,4,4-3,LOCO,36.920159639553475,0.3152516916916124,-53.51869512210075,1,1,0,1.0,1.0,0.0,0.0,0,False
W-H2,4,4-3b,LOCO,35.97700617114787,0.3187992282179038,-50.64198448905775,1,1,0,1.0,1.0,0.0,0.0,0,False
W-H2,4,4-4,LOCO,43.34259470201188,0.33665157911139,-65.86618281389,1,1,0,1.0,1.0,0.0,0.0,0,False
W-H2,4,4-4b,LOCO,37.95385066212853,0.32014244650666,-56.05935720318961,1,1,0,1.0,1.0,0.0,0.0,0,False
W-H2,4,4-5,LOCO,42.156659648796044,0.3304767069055196,-64.01361758889675,1,1,0,1.0,1.0,0.0,0.0,0,False
W-H2,4,4-5b,LOCO,36.245425313939734,0.31743582226201994,-51.514623029485215,1,1,0,1.0,1.0,0.0,0.0,0,False
W-H3,4,4-1,LOCO,48.00383524850277,0.32697402799752145,-80.959426048632,1,1,0,1.0,1.0,0.0,0.0,0,False
W-H3,4,4-1b,LOCO,25.40537330928008,0.243987047117092,-40.22256432026808,1,1,0,1.0,1.0,0.0,0.0,0,False
W-H3,4,4-2,LOCO,29.294414327977183,0.26240629572698865,-46.3334100040602,1,1,0,1.0,1.0,0.0,0.0,0,False
W-H3,4,4-2b,LOCO,25.131144376302256,0.24828492501259647,-37.24543198001485,1,1,0,1.0,1.0,0.0,0.0,0,False
W-H3,4,4-3,LOCO,32.01170350488256,0.27333965460520415,-51.92433851786532,1,1,0,1.0,1.0,0.0,0.0,0,False
W-H3,4,4-3b,LOCO,31.047414108041593,0.27511715701744616,-48.867472640286806,1,1,0,1.0,1.0,0.0,0.0,0,False
W-H3,4,4-4,LOCO,38.57979719323618,0.2996578708818569,-64.27679489237458,1,1,0,1.0,1.0,0.0,0.0,0,False
W-H3,4,4-4b,LOCO,33.048734469519644,0.2787675696257703,-54.309023760266896,1,1,0,1.0,1.0,0.0,0.0,0,False
W-H3,4,4-5,LOCO,37.26607444485831,0.2921381737650183,-62.358416045486806,1,1,0,1.0,1.0,0.0,0.0,0,False
W-H3,4,4-5b,LOCO,31.31425459647836,0.27424884851695724,-49.77499180079947,1,1,0,1.0,1.0,0.0,0.0,0,False
W-H5,4,4-1,LOCO,45.77930028106995,0.31182179786929376,-83.53180149705453,1,1,0,1.0,1.0,0.0,0.0,0,False
W-H5,4,4-1b,LOCO,23.24800342769977,0.22326818971089685,-42.690367883521304,1,1,0,1.0,1.0,0.0,0.0,0,False
W-H5,4,4-2,LOCO,27.056044881669113,0.24235598073184572,-48.9132609074979,1,1,0,1.0,1.0,0.0,0.0,0,False
W-H5,4,4-2b,LOCO,22.759332993604247,0.22485244607413257,-39.75384771143431,1,1,0,1.0,1.0,0.0,0.0,0,False
W-H5,4,4-3,LOCO,29.723383263581947,0.2538002800671448,-54.393268137637456,1,1,0,1.0,1.0,0.0,0.0,0,False
W-H5,4,4-3b,LOCO,28.802563485016055,0.2552251003332257,-51.36848310146837,1,1,0,1.0,1.0,0.0,0.0,0,False
W-H5,4,4-4,LOCO,36.24191835831807,0.28149904566713696,-66.66758997026136,1,1,0,1.0,1.0,0.0,0.0,0,False
W-H5,4,4-4b,LOCO,30.96110645934315,0.2611583329629771,-56.814103635431955,1,1,0,1.0,1.0,0.0,0.0,0,False
W-H5,4,4-5,LOCO,35.04807906938623,0.2747507475855198,-64.89287388320544,1,1,0,1.0,1.0,0.0,0.0,0,False
W-H5,4,4-5b,LOCO,29.00809115458578,0.2540515716990677,-52.29406554610609,1,1,0,1.0,1.0,0.0,0.0,0,False
W-H0A,5,5-1,LOCO,30.96208735656613,0.22132589546820838,-61.26200708334774,1,1,0,1.0,1.0,0.0,0.0,0,False
W-H0A,5,5-2,LOCO,32.89996653727029,0.23093844450424408,-64.23010883297572,1,1,0,1.0,1.0,0.0,0.0,0,False
W-H0A,5,5-3,LOCO,39.36826513452664,0.2583146104479226,-74.35209866748629,1,1,0,1.0,1.0,0.0,0.0,0,False
W-H0A,5,5-4,LOCO,37.87600063711155,0.2535125919782071,-71.05072073651928,1,1,0,1.0,1.0,0.0,0.0,0,False
W-H0A,5,5-5,LOCO,28.29106548088989,0.21070810809782725,-55.90652812546924,1,1,0,1.0,1.0,0.0,0.0,0,False
W-H1,5,5-1,LOCO,33.843796641231606,0.24192518131617557,-58.64968703155016,1,1,0,1.0,1.0,0.0,0.0,0,False
W-H1,5,5-2,LOCO,35.95281227542174,0.2523676287947945,-61.64963229615972,1,1,0,1.0,1.0,0.0,0.0,0,False
W-H1,5,5-3,LOCO,42.54773481648446,0.2791766796683825,-71.78119032086875,1,1,0,1.0,1.0,0.0,0.0,0,False
W-H1,5,5-4,LOCO,41.153514223662256,0.2754497276470701,-68.4710871999293,1,1,0,1.0,1.0,0.0,0.0,0,False
W-H1,5,5-5,LOCO,31.282656289179357,0.23298908015394562,-53.332553050011185,1,1,0,1.0,1.0,0.0,0.0,0,False
W-H2,5,5-1,LOCO,38.57785417844014,0.27576558463118334,-60.11123579340064,1,1,0,1.0,1.0,0.0,0.0,0,False
W-H2,5,5-2,LOCO,40.69628532360843,0.2856640239766885,-63.109247864809646,1,1,0,1.0,1.0,0.0,0.0,0,False
W-H2,5,5-3,LOCO,47.32261993803428,0.31050705670917805,-73.24314035014127,1,1,0,1.0,1.0,0.0,0.0,0,False
W-H2,5,5-4,LOCO,45.95464916176397,0.3075848037406826,-69.92094205345435,1,1,0,1.0,1.0,0.0,0.0,0,False
W-H2,5,5-5,LOCO,36.05670756886102,0.268545581685612,-54.774988145408386,1,1,0,1.0,1.0,0.0,0.0,0,False
W-H3,5,5-1,LOCO,33.08892140421422,0.2365291162551997,-58.5847409879044,1,1,0,1.0,1.0,0.0,0.0,0,False
W-H3,5,5-2,LOCO,35.19970829374261,0.24708128110559832,-61.5808004243616,1,1,0,1.0,1.0,0.0,0.0,0,False
W-H3,5,5-3,LOCO,41.79052362459714,0.2742082434573686,-71.70425622795513,1,1,0,1.0,1.0,0.0,0.0,0,False
W-H3,5,5-4,LOCO,40.392363088933266,0.2703551718912749,-68.39913099624586,1,1,0,1.0,1.0,0.0,0.0,0,False
W-H3,5,5-5,LOCO,30.526124513808917,0.227354531705713,-53.25769149448111,1,1,0,1.0,1.0,0.0,0.0,0,False
W-H5,5,5-1,LOCO,30.952812724251807,0.22125959773193282,-61.253973119294955,1,1,0,1.0,1.0,0.0,0.0,0,False
W-H5,5,5-2,LOCO,32.89379117090661,0.23089509705887037,-64.22791338415946,1,1,0,1.0,1.0,0.0,0.0,0,False
W-H5,5,5-3,LOCO,39.35769959112603,0.25824528470500824,-74.33966311668534,1,1,0,1.0,1.0,0.0,0.0,0,False
W-H5,5,5-4,LOCO,37.86610264352177,0.25344634248068565,-71.02481961294824,1,1,0,1.0,1.0,0.0,0.0,0,False
W-H5,5,5-5,LOCO,28.279700861087846,0.21062346591496717,-55.889147740448294,1,1,0,1.0,1.0,0.0,0.0,0,False
W-H0A,6,6-1,LOCO,27.193242649640762,0.18789602379990983,-52.77115860149402,1,1,0,1.0,1.0,0.0,0.0,0,False
W-H0A,6,6-2,LOCO,28.47404001205491,0.19364375510345794,-55.041949830429004,1,1,0,1.0,1.0,0.0,0.0,0,False
W-H0A,6,6-3,LOCO,45.45157833876715,0.2616911022516695,-81.90174812220472,1,1,0,1.0,1.0,0.0,0.0,0,False
W-H0A,6,6-4,LOCO,36.68358746272335,0.23009037855714295,-67.5214468866103,1,1,0,1.0,1.0,0.0,0.0,0,False
W-H0A,6,6-5,LOCO,22.672443987317045,0.16368878792975528,-46.69580386819604,1,1,0,1.0,1.0,0.0,0.0,0,False
W-H0A,6,6-6,LOCO,39.40487849033692,0.23901305947811421,-73.29589417359135,1,1,0,1.0,1.0,0.0,0.0,0,False
W-H1,6,6-1,LOCO,30.48078467078422,0.21061181690361075,-49.505078486291495,1,1,0,1.0,1.0,0.0,0.0,0,False
W-H1,6,6-2,LOCO,31.88849331914192,0.2168644698221921,-51.811412486250674,1,1,0,1.0,1.0,0.0,0.0,0,False
W-H1,6,6-3,LOCO,49.317385702741774,0.28394879774094306,-78.64033256080873,1,1,0,1.0,1.0,0.0,0.0,0,False
W-H1,6,6-4,LOCO,40.40296757133156,0.25341943758271396,-64.28657171609382,1,1,0,1.0,1.0,0.0,0.0,0,False
W-H1,6,6-5,LOCO,25.250691212672745,0.18230302129329617,-43.47777783528545,1,1,0,1.0,1.0,0.0,0.0,0,False
W-H1,6,6-6,LOCO,42.99297022455947,0.260776882028537,-70.06454127447982,1,1,0,1.0,1.0,0.0,0.0,0,False
W-H2,6,6-1,LOCO,35.8216982892847,0.2475157067892212,-51.244639585959845,1,1,0,1.0,1.0,0.0,0.0,0,False
W-H2,6,6-2,LOCO,37.22387355584483,0.2531488560035181,-53.5153170928576,1,1,0,1.0,1.0,0.0,0.0,0,False
W-H2,6,6-3,LOCO,54.70261367903073,0.31495467908763275,-80.37820288367907,1,1,0,1.0,1.0,0.0,0.0,0,False
W-H2,6,6-4,LOCO,45.76992259051387,0.28708257680860527,-65.99652715989039,1,1,0,1.0,1.0,0.0,0.0,0,False
W-H2,6,6-5,LOCO,30.40009702576849,0.21948031001327697,-45.17271331702078,1,1,0,1.0,1.0,0.0,0.0,0,False
W-H2,6,6-6,LOCO,48.30748686638872,0.29301245617254706,-71.77808379370227,1,1,0,1.0,1.0,0.0,0.0,0,False
W-H3,6,6-1,LOCO,29.596084934798096,0.20449884373632946,-49.47074953398881,1,1,0,1.0,1.0,0.0,0.0,0,False
W-H3,6,6-2,LOCO,31.013165367811965,0.2109116162274515,-51.78349290685597,1,1,0,1.0,1.0,0.0,0.0,0,False
W-H3,6,6-3,LOCO,48.44690161729076,0.2789369159066897,-78.61305534432304,1,1,0,1.0,1.0,0.0,0.0,0,False
W-H3,6,6-4,LOCO,39.53116714930315,0.24795124586524278,-64.2638914413084,1,1,0,1.0,1.0,0.0,0.0,0,False
W-H3,6,6-5,LOCO,24.37357288834536,0.17597046907879108,-43.44345985849779,1,1,0,1.0,1.0,0.0,0.0,0,False
W-H3,6,6-6,LOCO,42.12257322382855,0.2554974278574935,-70.03957155609619,1,1,0,1.0,1.0,0.0,0.0,0,False
W-H5,6,6-1,LOCO,27.181185817915736,0.1878127152085092,-52.754753486944836,1,1,0,1.0,1.0,0.0,0.0,0,False
W-H5,6,6-2,LOCO,28.461273122766872,0.19355693116201236,-55.03034486321276,1,1,0,1.0,1.0,0.0,0.0,0,False
W-H5,6,6-3,LOCO,45.43746133826868,0.2616098224907469,-81.87869225009442,1,1,0,1.0,1.0,0.0,0.0,0,False
W-H5,6,6-4,LOCO,36.67510362990648,0.23003716543270594,-67.50752823972121,1,1,0,1.0,1.0,0.0,0.0,0,False
W-H5,6,6-5,LOCO,22.66076817990823,0.16360449182281953,-46.67497780558024,1,1,0,1.0,1.0,0.0,0.0,0,False
W-H5,6,6-6,LOCO,39.39072890918172,0.2389272341993212,-73.28111250970531,1,1,0,1.0,1.0,0.0,0.0,0,False
W-H0A,7,7-1,LOCO,15.196932357141689,0.10703372811496115,-32.00914298196061,1,1,0,1.0,1.0,0.0,0.0,0,False
W-H0A,7,7-2,LOCO,10.159537159946535,0.08100783084751714,-15.13909373436907,1,1,0,1.0,1.0,0.0,0.0,0,False
W-H0A,7,7-3,LOCO,15.714674099732216,0.11070167579489337,-31.925808729284483,1,1,0,1.0,1.0,0.0,0.0,0,False
W-H0A,7,7-4,LOCO,16.334754219819214,0.1140242215230376,-33.33908920799972,1,1,0,1.0,1.0,0.0,0.0,0,False
W-H1,7,7-1,LOCO,17.29426967672647,0.12180551410138117,-28.433448545041827,1,1,0,1.0,1.0,0.0,0.0,0,False
W-H1,7,7-2,LOCO,7.016807138050901,0.055949037518149065,-11.54172414875437,1,1,0,1.0,1.0,0.0,0.0,0,False
W-H1,7,7-3,LOCO,18.66561807209941,0.1314895356540714,-28.319662670897387,1,1,0,1.0,1.0,0.0,0.0,0,False
W-H1,7,7-4,LOCO,19.064535647108638,0.13307937215377466,-29.732804323145615,1,1,0,1.0,1.0,0.0,0.0,0,False
W-H2,7,7-1,LOCO,23.19243930060234,0.1633469955702499,-30.95687019172871,1,1,0,1.0,1.0,0.0,0.0,0,False
W-H2,7,7-2,LOCO,12.116056472325784,0.09660828419611761,-14.099823199284046,1,1,0,1.0,1.0,0.0,0.0,0,False
W-H2,7,7-3,LOCO,24.826628398849547,0.17489063728891255,-30.876130502452213,1,1,0,1.0,1.0,0.0,0.0,0,False
W-H2,7,7-4,LOCO,25.135477762062642,0.17545738649384687,-32.28402564918288,1,1,0,1.0,1.0,0.0,0.0,0,False
W-H3,7,7-1,LOCO,16.31589989308156,0.1149147441119148,-28.47323134144787,1,1,0,1.0,1.0,0.0,0.0,0,False
W-H3,7,7-2,LOCO,6.169900698605006,0.04919616556047938,-11.581574511386904,1,1,0,1.0,1.0,0.0,0.0,0,False
W-H3,7,7-3,LOCO,17.681557835200884,0.12455734497570137,-28.361408961459148,1,1,0,1.0,1.0,0.0,0.0,0,False
W-H3,7,7-4,LOCO,18.07586057724184,0.12617795792594283,-29.76667223348184,1,1,0,1.0,1.0,0.0,0.0,0,False
W-H5,7,7-1,LOCO,15.188935724548118,0.10697740691942373,-31.98887527821826,1,1,0,1.0,1.0,0.0,0.0,0,False
W-H5,7,7-2,LOCO,10.162178494873952,0.08102889172948875,-15.121956920470879,1,1,0,1.0,1.0,0.0,0.0,0,False
W-H5,7,7-3,LOCO,15.705582816180009,0.11063763244802097,-31.912689832324574,1,1,0,1.0,1.0,0.0,0.0,0,False
W-H5,7,7-4,LOCO,16.324900304311456,0.11395543658574343,-33.3165891395747,1,1,0,1.0,1.0,0.0,0.0,0,False
W-H0A,8,8-1,LOCO,10.155124070352226,0.08415058312494593,2.18635721357127,1,1,0,1.0,1.0,0.0,0.0,0,False
W-H0A,8,8-1b,LOCO,10.744044275455034,0.08677669812514995,-2.7995409983171697,1,1,0,1.0,1.0,0.0,0.0,0,False
W-H0A,8,8-2,LOCO,11.356450831141172,0.09340224256116919,0.8677963709082803,1,1,0,1.0,1.0,0.0,0.0,0,False
W-H0A,8,8-3,LOCO,10.904767973586903,0.0754310432745925,-22.140302431014675,1,1,0,1.0,1.0,0.0,0.0,0,False
W-H1,8,8-1,LOCO,2.5318841738940567,0.02098049498578081,6.292676437238555,1,1,0,1.0,1.0,0.0,0.0,0,False
W-H1,8,8-1b,LOCO,3.210026806542021,0.025926505887666648,1.1942463813493305,1,1,0,1.0,1.0,0.0,0.0,0,False
W-H1,8,8-2,LOCO,3.2592285422584126,0.02680584448369562,4.977695110646152,1,1,0,1.0,1.0,0.0,0.0,0,False
W-H1,8,8-3,LOCO,13.93465268889847,0.09638952360459783,-18.024070545677006,1,1,0,1.0,1.0,0.0,0.0,0,False
W-H2,8,8-1,LOCO,6.446270653488437,0.05341711541033524,2.5784072592858394,1,1,0,1.0,1.0,0.0,0.0,0,False
W-H2,8,8-1b,LOCO,7.3276237853909,0.0591832070770766,-2.2659867991224303,1,1,0,1.0,1.0,0.0,0.0,0,False
W-H2,8,8-2,LOCO,5.835335669944993,0.04799328996128594,1.2917071870903953,1,1,0,1.0,1.0,0.0,0.0,0,False
W-H2,8,8-3,LOCO,20.876717995690775,0.14440954840843184,-21.71336179317929,1,1,0,1.0,1.0,0.0,0.0,0,False
W-H3,8,8-1,LOCO,3.1597869032522192,0.0261836200736855,6.215329701029859,1,1,0,1.0,1.0,0.0,0.0,0,False
W-H3,8,8-1b,LOCO,3.1666781616405113,0.02557639077492961,1.1234443749472547,1,1,0,1.0,1.0,0.0,0.0,0,False
W-H3,8,8-2,LOCO,3.7875058349807436,0.031150712838085414,4.894074282383286,1,1,0,1.0,1.0,0.0,0.0,0,False
W-H3,8,8-3,LOCO,12.834660525955902,0.08878059908225966,-18.096402124024294,1,1,0,1.0,1.0,0.0,0.0,0,False
W-H5,8,8-1,LOCO,10.166310768863733,0.08424328186466243,2.1957975607687104,1,1,0,1.0,1.0,0.0,0.0,0,False
W-H5,8,8-1b,LOCO,10.75439006218943,0.08686025820637269,-2.782347444172075,1,1,0,1.0,1.0,0.0,0.0,0,False
W-H5,8,8-2,LOCO,11.357609980302268,0.09341177609701759,0.8690457701680145,1,1,0,1.0,1.0,0.0,0.0,0,False
W-H5,8,8-3,LOCO,10.898770616574245,0.07538955803644248,-22.131193792601422,1,1,0,1.0,1.0,0.0,0.0,0,False
W-H0A,9,9-1,LOCO,9.856594934714458,0.06966768297911494,-1.4128892603045813,1,1,0,1.0,1.0,0.0,0.0,0,False
W-H0A,9,9-2,LOCO,14.967160783559775,0.11585850121534993,10.819123381924868,1,1,0,1.0,1.0,0.0,0.0,0,False
W-H0A,9,9-3,LOCO,24.078159245786736,0.2013097441179847,20.34904000573495,1,1,0,1.0,1.0,0.0,0.0,0,False
W-H0A,9,9-4,LOCO,14.058009197417926,0.10750178269022022,8.94884116491977,1,1,0,1.0,1.0,0.0,0.0,0,False
W-H0A,9,9-5,LOCO,25.600327759384918,0.2268538508292414,27.091887043848644,1,1,0,1.0,1.0,0.0,0.0,0,False
W-H1,9,9-1,LOCO,2.7708732889330654,0.019584889421478357,3.075146915544849,1,1,0,1.0,1.0,0.0,0.0,0,False
W-H1,9,9-2,LOCO,7.17416940602564,0.05553414751581621,15.316708798035592,1,1,0,1.0,1.0,0.0,0.0,0,False
W-H1,9,9-3,LOCO,16.19632979898268,0.13541230349883251,24.917677009876016,1,1,0,1.0,1.0,0.0,0.0,0,False
W-H1,9,9-4,LOCO,6.110164585859734,0.04672450958640849,13.441509583643409,1,1,0,1.0,1.0,0.0,0.0,0,False
W-H1,9,9-5,LOCO,18.189425481374773,0.16118314005994336,31.54375357023075,1,1,0,1.0,1.0,0.0,0.0,0,False
W-H2,9,9-1,LOCO,9.438043669094574,0.06670930870515394,-3.050808148642176,1,1,0,1.0,1.0,0.0,0.0,0,False
W-H2,9,9-2,LOCO,4.6524727589788215,0.036014079663833756,9.1897332114971,1,1,0,1.0,1.0,0.0,0.0,0,False
W-H2,9,9-3,LOCO,8.59887658617334,0.07189244109545402,18.724907506925504,1,1,0,1.0,1.0,0.0,0.0,0,False
W-H2,9,9-4,LOCO,5.019389305072024,0.03838333655455118,7.354782699517671,1,1,0,1.0,1.0,0.0,0.0,0,False
W-H2,9,9-5,LOCO,11.035770763826019,0.09779199384370856,25.469907715365068,1,1,0,1.0,1.0,0.0,0.0,0,False
W-H3,9,9-1,LOCO,2.329741049240851,0.01646690991331117,2.913244606400781,1,1,0,1.0,1.0,0.0,0.0,0,False
W-H3,9,9-2,LOCO,8.127579889371843,0.062914352167912,15.155097064522067,1,1,0,1.0,1.0,0.0,0.0,0,False
W-H3,9,9-3,LOCO,17.264122009437326,0.14433977068864337,24.73908139925051,1,1,0,1.0,1.0,0.0,0.0,0,False
W-H3,9,9-4,LOCO,6.993798893016322,0.05348167284698014,13.279961596168192,1,1,0,1.0,1.0,0.0,0.0,0,False
W-H3,9,9-5,LOCO,19.26110167154085,0.17067965404469346,31.381426541344652,1,1,0,1.0,1.0,0.0,0.0,0,False
W-H5,9,9-1,LOCO,9.863021256067604,0.06971310504644329,-1.4027411780084549,1,1,0,1.0,1.0,0.0,0.0,0,False
W-H5,9,9-2,LOCO,14.982936895946054,0.11598062168712885,10.850963810723215,1,1,0,1.0,1.0,0.0,0.0,0,False
W-H5,9,9-3,LOCO,24.07032794880086,0.20124426916301633,20.339823951632454,1,1,0,1.0,1.0,0.0,0.0,0,False
W-H5,9,9-4,LOCO,14.071115821353894,0.10760200921720425,8.960538536885196,1,1,0,1.0,1.0,0.0,0.0,0,False
W-H5,9,9-5,LOCO,25.62074634160024,0.22703478734097496,27.116011652165227,1,1,0,1.0,1.0,0.0,0.0,0,False
W-H0A,11,10-2,LOCO,40.2976589650974,0.35196813555750583,51.44494187208312,1,1,0,1.0,1.0,0.0,0.0,0,False
W-H0A,11,10-3,LOCO,37.16806101113742,0.31613031722136314,48.821298998754614,1,1,0,1.0,1.0,0.0,0.0,0,False
W-H0A,11,10-4,LOCO,36.22849283250263,0.305373223095189,47.721682230952865,1,1,0,1.0,1.0,0.0,0.0,0,False
W-H0A,11,10-5,LOCO,30.845065882782,0.24604392903980613,40.80504921028951,1,1,0,1.0,1.0,0.0,0.0,0,False
W-H1,11,10-2,LOCO,32.46849704594048,0.2835866068426448,57.17299013483321,1,1,0,1.0,1.0,0.0,0.0,0,False
W-H1,11,10-3,LOCO,29.568994572586902,0.25149699445843127,54.57008356407529,1,1,0,1.0,1.0,0.0,0.0,0,False
W-H1,11,10-4,LOCO,28.56668535354243,0.24079115904405038,53.45334120065317,1,1,0,1.0,1.0,0.0,0.0,0,False
W-H1,11,10-5,LOCO,23.395091780096266,0.18661721533345574,46.56044170938007,1,1,0,1.0,1.0,0.0,0.0,0,False
W-H2,11,10-2,LOCO,23.3596748712079,0.20402825927852736,46.0322023525581,1,1,0,1.0,1.0,0.0,0.0,0,False
W-H2,11,10-3,LOCO,20.672244080144644,0.1758263116490075,43.32682264323073,1,1,0,1.0,1.0,0.0,0.0,0,False
W-H2,11,10-4,LOCO,19.70249147377155,0.16607407192366705,42.23349831365442,1,1,0,1.0,1.0,0.0,0.0,0,False
W-H2,11,10-5,LOCO,14.988033351000928,0.11955606216806416,35.35125778006578,1,1,0,1.0,1.0,0.0,0.0,0,False
W-H3,11,10-2,LOCO,33.76283822396666,0.29489165192230454,56.932017649471675,1,1,0,1.0,1.0,0.0,0.0,0,False
W-H3,11,10-3,LOCO,30.859083559701872,0.2624697552010009,54.32986362384226,1,1,0,1.0,1.0,0.0,0.0,0,False
W-H3,11,10-4,LOCO,29.847499775349675,0.2515872589531026,53.21646422127159,1,1,0,1.0,1.0,0.0,0.0,0,False
W-H3,11,10-5,LOCO,24.65406581521661,0.1966597589071111,46.32369078192572,1,1,0,1.0,1.0,0.0,0.0,0,False
W-H5,11,10-2,LOCO,40.31563902188026,0.3521251771134077,51.465038874647064,1,1,0,1.0,1.0,0.0,0.0,0,False
W-H5,11,10-3,LOCO,37.177293948008696,0.3162088473136681,48.83500414820544,1,1,0,1.0,1.0,0.0,0.0,0,False
W-H5,11,10-4,LOCO,36.249759017598365,0.3055524776812312,47.737764915439385,1,1,0,1.0,1.0,0.0,0.0,0,False
W-H5,11,10-5,LOCO,30.860021490597614,0.24616322645100686,40.828502823216795,1,1,0,1.0,1.0,0.0,0.0,0,False
W-H0A,13,12-8-2,LOCO,80.12791343850085,0.7518163122069687,128.51505589413603,1,1,0,1.0,1.0,0.0,0.0,0,False
W-H0A,13,12-8-3,LOCO,87.39009146068628,0.8625630409711219,133.62782099415068,1,1,0,1.0,1.0,0.0,0.0,0,False
W-H0A,13,12-8-4,LOCO,91.95473828199181,1.0046467931512273,144.05137905437994,1,1,0,1.0,1.0,0.0,0.0,0,False
W-H0A,13,12-8-5,LOCO,85.78060590278525,0.8346408525573783,132.22075758087124,1,1,0,1.0,1.0,0.0,0.0,0,False
W-H0A,13,12-8-6,LOCO,81.4385423531809,0.7736010963710193,128.44454239901444,1,1,0,1.0,1.0,0.0,0.0,0,False
W-H0A,13,12-8-7,LOCO,81.77020124214629,0.771580334951534,127.19927048628593,1,1,0,1.0,1.0,0.0,0.0,0,False
W-H1,13,12-8-2,LOCO,71.49880178439265,0.6708519313437,136.0835171418787,1,1,0,1.0,1.0,0.0,0.0,0,False
W-H1,13,12-8-3,LOCO,78.11430783637127,0.7710086324947487,141.09796598362902,1,1,0,1.0,1.0,0.0,0.0,0,False
W-H1,13,12-8-4,LOCO,83.04846894704428,0.9073418027454373,151.7125962664291,1,1,0,1.0,1.0,0.0,0.0,0,False
W-H1,13,12-8-5,LOCO,76.61315904810003,0.7454420694753333,139.79464495663746,1,1,0,1.0,1.0,0.0,0.0,0,False
W-H1,13,12-8-6,LOCO,72.71662476979715,0.6907498467047143,136.1269885530932,1,1,0,1.0,1.0,0.0,0.0,0,False
W-H1,13,12-8-7,LOCO,72.72315401063803,0.6862127606130772,134.46727779204844,1,1,0,1.0,1.0,0.0,0.0,0,False
W-H2,13,12-8-2,LOCO,57.12604662443698,0.5359966566096956,109.34704011361431,1,1,0,1.0,1.0,0.0,0.0,0,False
W-H2,13,12-8-3,LOCO,63.72740287228389,0.6290061206703002,114.49739885354039,1,1,0,1.0,1.0,0.0,0.0,0,False
W-H2,13,12-8-4,LOCO,68.57532095235304,0.7492161640743822,124.75656244119965,1,1,0,1.0,1.0,0.0,0.0,0,False
W-H2,13,12-8-5,LOCO,62.205183793573745,0.6052532164880758,113.07763310366663,1,1,0,1.0,1.0,0.0,0.0,0,False
W-H2,13,12-8-6,LOCO,58.4803215714438,0.5555163387822062,109.63080259724423,1,1,0,1.0,1.0,0.0,0.0,0,False
W-H2,13,12-8-7,LOCO,58.583539999776846,0.5527919306669907,108.52381973868704,1,1,0,1.0,1.0,0.0,0.0,0,False
W-H3,13,12-8-2,LOCO,73.10862106361299,0.6859563854831682,135.5105386178064,1,1,0,1.0,1.0,0.0,0.0,0,False
W-H3,13,12-8-3,LOCO,79.7357397299175,0.7870125890240077,140.49526463092798,1,1,0,1.0,1.0,0.0,0.0,0,False
W-H3,13,12-8-4,LOCO,84.6806021121056,0.9251735902194682,151.10710459943903,1,1,0,1.0,1.0,0.0,0.0,0,False
W-H3,13,12-8-5,LOCO,78.23335190387968,0.7612064620466311,139.18896163752345,1,1,0,1.0,1.0,0.0,0.0,0,False
W-H3,13,12-8-6,LOCO,74.33626214445584,0.7061351079404282,135.54650839127765,1,1,0,1.0,1.0,0.0,0.0,0,False
W-H3,13,12-8-7,LOCO,74.35401633152182,0.7016015119759487,133.93515208849396,1,1,0,1.0,1.0,0.0,0.0,0,False
W-H5,13,12-8-2,LOCO,80.15329011292728,0.7520544139740638,128.57631085713746,1,1,0,1.0,1.0,0.0,0.0,0,False
W-H5,13,12-8-3,LOCO,87.4275414554339,0.8629326822063458,133.68117697024815,1,1,0,1.0,1.0,0.0,0.0,0,False
W-H5,13,12-8-4,LOCO,91.97181150229471,1.0048333257470081,144.07182004033035,1,1,0,1.0,1.0,0.0,0.0,0,False
W-H5,13,12-8-5,LOCO,85.80303766479513,0.8348591124399152,132.25637366594202,1,1,0,1.0,1.0,0.0,0.0,0,False
W-H5,13,12-8-6,LOCO,81.46876077017956,0.7738881471929675,128.46649267212172,1,1,0,1.0,1.0,0.0,0.0,0,False
W-H5,13,12-8-7,LOCO,81.81543113125637,0.7720071223687013,127.25962649451482,1,1,0,1.0,1.0,0.0,0.0,0,False
