model_id,condition_id,physical_brew_id,evaluation_class,rmse_g,nrmse,endpoint_error_g,coverage,failed
W-H0A,1,1-1,LOBO,6.547525527732862,0.7923141324490988,11.396042632717101,1.0,False
W-H1,1,1-1,LOBO,5.600887623253292,0.6777617589067126,11.664013988081706,1.0,False
W-H2,1,1-1,LOBO,3.0261532005710077,0.3661939060203548,6.888826656422163,1.0,False
W-H3,1,1-1,LOBO,5.819930660491868,0.7042680922205121,11.75477733392069,1.0,False
W-H5,1,1-1,LOBO,6.553588469662725,0.7930478072633322,11.408554432839207,1.0,False
W-H0A,1,1-2,LOBO,11.396138802852246,1.22018645228924,19.577419836623108,1.0,False
W-H1,1,1-2,LOBO,10.072809672349324,1.0784973850627833,20.18332459443542,1.0,False
W-H2,1,1-2,LOBO,6.73605229689053,0.7212302251461272,14.896683652459503,1.0,False
W-H3,1,1-2,LOBO,10.373140523955712,1.1106538586433687,20.270272286842292,1.0,False
W-H5,1,1-2,LOBO,11.395813719213608,1.2201516455306889,19.572507712075627,1.0,False
W-H0A,1,1-3,LOBO,5.75112327726171,0.6194974624158818,9.828626826705015,1.0,False
W-H1,1,1-3,LOBO,4.861276546105838,0.5236452670596032,10.173734518935571,1.0,False
W-H2,1,1-3,LOBO,2.2934387823146523,0.24704382732803712,5.355378137304431,1.0,False
W-H3,1,1-3,LOBO,5.064070591630269,0.5454897643062789,10.24396021530806,1.0,False
W-H5,1,1-3,LOBO,5.755726724047798,0.6199933348680726,9.837559281180845,1.0,False
W-H0A,1,1-4,LOBO,5.642021957097275,0.6041303808402192,9.615345628031799,1.0,False
W-H1,1,1-4,LOBO,4.77097591719026,0.5108614464369359,9.971679279652461,1.0,False
W-H2,1,1-4,LOBO,2.208259018570263,0.23645359270616195,5.169182100505852,1.0,False
W-H3,1,1-4,LOBO,4.970426242694616,0.5322179746500314,10.037333062919094,1.0,False
W-H5,1,1-4,LOBO,5.6428111184968115,0.6042148818188527,9.615315450985863,1.0,False
W-H0A,1,1-5b,LOBO,6.480672637006472,0.77573826781816,10.728322433105603,1.0,False
W-H1,1,1-5b,LOBO,5.56784847379659,0.6664729685423608,11.131889596671364,1.0,False
W-H2,1,1-5b,LOBO,2.958278767685251,0.354106768773222,6.232177034086469,1.0,False
W-H3,1,1-5b,LOBO,5.767377343036221,0.6903566281674155,11.19072482574445,1.0,False
W-H5,1,1-5b,LOBO,6.487108629059221,0.7765086578079555,10.74265761631813,1.0,False
W-H0A,11,10-2,LOBO,35.63966582547204,0.3112842545853242,43.050468378010976,1.0,False
W-H1,11,10-2,LOBO,27.836321264661766,0.24312822004842916,48.97338404164017,1.0,False
W-H2,11,10-2,LOBO,19.598808259630754,0.1711800680100527,39.49737778159533,1.0,False
W-H3,11,10-2,LOBO,29.121600845147892,0.2543541192503071,48.767359226475804,1.0,False
W-H5,11,10-2,LOBO,35.65603243551835,0.3114272039618224,43.06872477575769,1.0,False
W-H0A,11,10-3,LOBO,32.226671045390255,0.2741016739483654,39.94888055150447,1.0,False
W-H1,11,10-3,LOBO,24.661968352072414,0.20976062959290984,45.96496617290232,1.0,False
W-H2,11,10-3,LOBO,16.700654412087705,0.14204623629722346,36.43876200621095,1.0,False
W-H3,11,10-3,LOBO,25.946422961687524,0.22068546753569068,45.76885689104971,1.0,False
W-H5,11,10-3,LOBO,32.2350002116531,0.2741725170836065,39.961266858405665,1.0,False
W-H0A,11,10-4,LOBO,31.31265399670863,0.26393717560507274,38.86443032421468,1.0,False
W-H1,11,10-4,LOBO,23.676270594912644,0.19956941338602394,44.84892060531689,1.0,False
W-H2,11,10-4,LOBO,15.771315285787601,0.13293783441497606,35.36438504664267,1.0,False
W-H3,11,10-4,LOBO,24.946949993520185,0.21028008427336806,44.65208467125953,1.0,False
W-H5,11,10-4,LOBO,31.331929582308494,0.2640996512490056,38.87896406857112,1.0,False
W-H0A,11,10-5,LOBO,25.620497704882233,0.20436876170795865,31.3413121880114,1.0,False
W-H1,11,10-5,LOBO,18.187915959473255,0.14508078279750394,37.42380601490861,1.0,False
W-H2,11,10-5,LOBO,10.982993025313426,0.08760878536730085,27.973666414795034,1.0,False
W-H3,11,10-5,LOBO,19.43328828032008,0.15501482865440128,37.22886202022208,1.0,False
W-H5,11,10-5,LOBO,25.63395660004957,0.20447612018986594,31.362354915101932,1.0,False
W-H0A,13,12-8-2,LOBO,49.96001914267,0.46875995814442434,76.0763220771238,1.0,False
W-H1,13,12-8-2,LOBO,42.57981927553116,0.39951374406796186,83.39222641505624,1.0,False
W-H2,13,12-8-2,LOBO,32.52019581653956,0.30512729761526025,68.23594991576722,1.0,False
W-H3,13,12-8-2,LOBO,44.03477283712481,0.4131651393704152,83.10815792230132,1.0,False
W-H5,13,12-8-2,LOBO,49.97631767941522,0.468912882453374,76.1157340741948,1.0,False
W-H0A,13,12-8-3,LOBO,58.328238156133196,0.5757149539210126,82.87322012550469,1.0,False
W-H1,13,12-8-3,LOBO,50.153608786121644,0.4950292257068355,89.90077037058491,1.0,False
W-H2,13,12-8-3,LOBO,39.66933714813466,0.39154672471302865,74.54916405178706,1.0,False
W-H3,13,12-8-3,LOBO,51.61553778669254,0.5094588469984391,89.58129291993954,1.0,False
W-H5,13,12-8-3,LOBO,58.35276506553431,0.5759570409265876,82.90808534878995,1.0,False
W-H0A,13,12-8-4,LOBO,63.014323729549666,0.6884597731477995,93.63648578516363,1.0,False
W-H1,13,12-8-4,LOBO,55.296738110373326,0.6041416859232073,100.94231402959939,1.0,False
W-H2,13,12-8-4,LOBO,44.88130414941581,0.49034839453167967,85.32522963251914,1.0,False
W-H3,13,12-8-4,LOBO,56.77033867120483,0.6202414335325717,100.61388999406735,1.0,False
W-H5,13,12-8-4,LOBO,63.02561468311895,0.6885831318839227,93.64991231166103,1.0,False
W-H0A,13,12-8-5,LOBO,56.53520457109546,0.550084612321359,81.0851182203965,1.0,False
W-H1,13,12-8-5,LOBO,48.49552600711589,0.4718589562968274,88.27456505467732,1.0,False
W-H2,13,12-8-5,LOBO,38.027722024396766,0.37000776570904287,72.87642899801618,1.0,False
W-H3,13,12-8-5,LOBO,49.94426946442146,0.4859551551009347,87.92913656676713,1.0,False
W-H5,13,12-8-5,LOBO,56.549908354684646,0.5502276793741215,81.10831197823502,1.0,False
W-H0A,13,12-8-6,LOBO,51.905783330774796,0.49306347746922274,76.85265970769673,1.0,False
W-H1,13,12-8-6,LOBO,44.324681309977514,0.421049064323722,84.18030267949767,1.0,False
W-H2,13,12-8-6,LOBO,34.1428807206818,0.3243300923073645,69.03901062958029,1.0,False
W-H3,13,12-8-6,LOBO,45.78705016555933,0.43494040025985375,83.88789569737473,1.0,False
W-H5,13,12-8-6,LOBO,51.92585708571144,0.4932541621054964,76.86682182228661,1.0,False
W-H0A,13,12-8-7,LOBO,52.27279487591843,0.4932439931238125,75.90877697637514,1.0,False
W-H1,13,12-8-7,LOBO,44.37985892964724,0.4187665665226416,82.8733427011603,1.0,False
W-H2,13,12-8-7,LOBO,34.196968599803746,0.3226812223248369,68.07923357133426,1.0,False
W-H3,13,12-8-7,LOBO,45.846991539616646,0.43261037090886645,82.61243052468855,1.0,False
W-H5,13,12-8-7,LOBO,52.3017101470313,0.4935168364607687,75.94780522276561,1.0,False
W-H0A,2,2-2,LOBO,7.1336391016093215,0.26024626881615964,11.242876616009909,1.0,False
W-H1,2,2-2,LOBO,5.661167175104623,0.20652819878890796,12.148406765719528,1.0,False
W-H2,2,2-2,LOBO,2.614616056410241,0.09538526737553646,7.355841751540268,1.0,False
W-H3,2,2-2,LOBO,6.04251110928988,0.2204402196514435,12.25288122744491,1.0,False
W-H5,2,2-2,LOBO,7.136597458097317,0.26035419427003564,11.251444709406194,1.0,False
W-H0A,2,2-3,LOBO,4.513436902204716,0.1968853382477076,7.479656605933634,1.0,False
W-H1,2,2-3,LOBO,3.5443131857043926,0.15461018189538617,8.109991849338744,1.0,False
W-H2,2,2-3,LOBO,1.7630724008329515,0.07690881993357024,2.9276305743913333,1.0,False
W-H3,2,2-3,LOBO,3.8229729905356185,0.1667658918607645,8.209239597165176,1.0,False
W-H5,2,2-3,LOBO,4.515547133504044,0.19697739084801008,7.483510467407388,1.0,False
W-H0A,2,2-4,LOBO,7.706329694703199,0.30361516256478827,12.95068618553072,1.0,False
W-H1,2,2-4,LOBO,6.2870165557950735,0.24769684522415866,13.85299915775365,1.0,False
W-H2,2,2-4,LOBO,3.142481959011074,0.12380798754274006,9.036474623697863,1.0,False
W-H3,2,2-4,LOBO,6.661775874371655,0.2624616704963637,13.957508044960804,1.0,False
W-H5,2,2-4,LOBO,7.712209845654378,0.3038468296563448,12.955761500127785,1.0,False
W-H0A,2,2-5,LOBO,3.730231339415807,0.15749533515148834,6.404219579646131,1.0,False
W-H1,2,2-5,LOBO,2.996500593664804,0.12651624586768442,7.0358767335288555,1.0,False
W-H2,2,2-5,LOBO,2.1653785560332492,0.09142516653289187,1.8726289625094843,1.0,False
W-H3,2,2-5,LOBO,3.2402645801600474,0.13680828602757,7.135863646208225,1.0,False
W-H5,2,2-5,LOBO,3.7305475323015265,0.15750868523623582,6.407833206841559,1.0,False
W-H0A,3.5,3-5-3,LOBO,25.879860989686854,0.25912835072316376,-40.98333294743009,1.0,False
W-H1,3.5,3-5-3,LOBO,28.95063375370506,0.2898752037338019,-39.21365947031305,1.0,False
W-H2,3.5,3-5-3,LOBO,33.54629442968975,0.3358903647860878,-41.84501611401956,1.0,False
W-H3,3.5,3-5-3,LOBO,28.359854885264284,0.2839598878098809,-39.14248295455547,1.0,False
W-H5,3.5,3-5-3,LOBO,25.871900808339404,0.25904864748732165,-40.96650208885444,1.0,False
W-H0A,3.5,3-5-4,LOBO,21.723355692544697,0.23601599285612915,-33.15567973486719,1.0,False
W-H1,3.5,3-5-4,LOBO,24.870290332086235,0.2702062401603078,-31.40974378663389,1.0,False
W-H2,3.5,3-5-4,LOBO,29.510832363518034,0.32062396339055693,-34.02065495529899,1.0,False
W-H3,3.5,3-5-4,LOBO,24.269117564184814,0.2636747268111517,-31.32207680467539,1.0,False
W-H5,3.5,3-5-4,LOBO,21.72789368900331,0.23606529646073404,-33.151089012590674,1.0,False
W-H0A,3.5,3-5-5,LOBO,15.398976730577848,0.1852498450303469,-24.74225535424504,1.0,False
W-H1,3.5,3-5-5,LOBO,18.42995341215629,0.22171252501076735,-23.130655058013097,1.0,False
W-H2,3.5,3-5-5,LOBO,23.026361690041742,0.2770073628478612,-25.753551333398427,1.0,False
W-H3,3.5,3-5-5,LOBO,17.835258831027428,0.21455834321531406,-23.072699849482603,1.0,False
W-H5,3.5,3-5-5,LOBO,15.375740806280234,0.18497031662722108,-24.730773410860934,1.0,False
W-H0A,4,4-1,LOBO,41.65263343778938,0.2837133587629965,-76.37389414897142,1.0,False
W-H1,4,4-1,LOBO,44.76210109893198,0.3048932324299352,-74.15559095323877,1.0,False
W-H2,4,4-1,LOBO,49.42221918458236,0.3366352291583472,-75.97418733596325,1.0,False
W-H3,4,4-1,LOBO,44.07662811783311,0.30022419170531195,-74.08517029854275,1.0,False
W-H5,4,4-1,LOBO,41.64087832384751,0.2836332898073548,-76.35612660409296,1.0,False
W-H0A,4,4-1b,LOBO,18.9460950767584,0.1819537046711851,-35.17106506835063,1.0,False
W-H1,4,4-1b,LOBO,21.987216479260663,0.2111598974670249,-33.067099028911144,1.0,False
W-H2,4,4-1b,LOBO,26.854330403138295,0.25790247982599424,-34.98049671301193,1.0,False
W-H3,4,4-1b,LOBO,21.308095941115624,0.20463778843436398,-32.99380969885006,1.0,False
W-H5,4,4-1b,LOBO,18.93918415431427,0.18188733384720737,-35.16013761831155,1.0,False
W-H0A,4,4-2,LOBO,22.708371306158668,0.20341146027798396,-41.36234187374667,1.0,False
W-H1,4,4-2,LOBO,25.875793360605527,0.2317838140996335,-39.15703807586617,1.0,False
W-H2,4,4-2,LOBO,30.768780633856494,0.2756130114011432,-41.02106503047975,1.0,False
W-H3,4,4-2,LOBO,25.190826779473497,0.22564818901973632,-39.08983962628497,1.0,False
W-H5,4,4-2,LOBO,22.721597531039837,0.20352993490043803,-41.36933255677195,1.0,False
W-H0A,4,4-2b,LOBO,18.410519531561413,0.18188803473856147,-32.192693315859074,1.0,False
W-H1,4,4-2b,LOBO,21.732870360752827,0.21471143562074207,-30.02963380129988,1.0,False
W-H2,4,4-2b,LOBO,26.665191750332664,0.2634406549516623,-31.955200042834704,1.0,False
W-H3,4,4-2b,LOBO,21.052977306133833,0.20799438391967268,-29.95632989494142,1.0,False
W-H5,4,4-2b,LOBO,18.407234419340778,0.1818555792391562,-32.18815398817303,1.0,False
W-H0A,4,4-3,LOBO,25.444589979802636,0.21726477116687906,-46.94724748908892,1.0,False
W-H1,4,4-3,LOBO,28.619903845376378,0.24437795479194482,-44.83336852140549,1.0,False
W-H2,4,4-3,LOBO,33.40872541142455,0.2852684632470762,-46.606892281661814,1.0,False
W-H3,4,4-3,LOBO,27.936128438592725,0.23853937349028842,-44.757679910439506,1.0,False
W-H5,4,4-3,LOBO,25.425846746908295,0.21710472755018298,-46.92998233366205,1.0,False
W-H0A,4,4-3b,LOBO,24.54141520573405,0.2174662391235185,-43.955223041336026,1.0,False
W-H1,4,4-3b,LOBO,27.687408688281238,0.24534349743243575,-41.81310192133286,1.0,False
W-H2,4,4-3b,LOBO,32.519157129691585,0.2881585573275524,-43.73872824758746,1.0,False
W-H3,4,4-3b,LOBO,27.01117402526292,0.2393512509503668,-41.737279250681155,1.0,False
W-H5,4,4-3b,LOBO,24.53329704950097,0.21739430256689268,-43.94657895189641,1.0,False
W-H0A,4,4-4,LOBO,32.07429143692206,0.24912815984728134,-59.40958046666806,1.0,False
W-H1,4,4-4,LOBO,35.26314912710193,0.27389672721943087,-57.34438307825337,1.0,False
W-H2,4,4-4,LOBO,39.888427287465085,0.3098222920643847,-59.14004805702305,1.0,False
W-H3,4,4-4,LOBO,34.61001701753603,0.2688237047673739,-57.30868358020179,1.0,False
W-H5,4,4-4,LOBO,32.06048188722993,0.24902089800145427,-59.40590282252229,1.0,False
W-H0A,4,4-4b,LOBO,26.734219834644687,0.22550435315513867,-49.435468449704146,1.0,False
W-H1,4,4-4b,LOBO,29.68904438690927,0.25042843186275293,-47.314257643952814,1.0,False
W-H2,4,4-4b,LOBO,34.4680480473534,0.29073954383236156,-49.22642494423695,1.0,False
W-H3,4,4-4b,LOBO,29.012438130143682,0.2447212274926101,-47.23697235731008,1.0,False
W-H5,4,4-4b,LOBO,26.72571756611824,0.22543263613566827,-49.42149511253929,1.0,False
W-H0A,4,4-5,LOBO,30.83702772457612,0.24173925206769006,-57.568812873311714,1.0,False
W-H1,4,4-5,LOBO,33.939700151556345,0.2660618851894124,-55.40618092612796,1.0,False
W-H2,4,4-5,LOBO,38.67195715231695,0.30315924353968715,-57.24252623612044,1.0,False
W-H3,4,4-5,LOBO,33.258559610532785,0.2607222523813908,-55.32710833735496,1.0,False
W-H5,4,4-5,LOBO,30.825055607195996,0.24164539961449688,-57.56155839426877,1.0,False
W-H0A,4,4-5b,LOBO,24.740070482957467,0.21667243655042934,-44.882996715006314,1.0,False
W-H1,4,4-5b,LOBO,27.958948528778457,0.2448632272608746,-42.71326564881848,1.0,False
W-H2,4,4-5b,LOBO,32.787265468566254,0.2871494121972594,-44.61384915566221,1.0,False
W-H3,4,4-5b,LOBO,27.2820321623828,0.2389348238414565,-42.63914045188709,1.0,False
W-H5,4,4-5b,LOBO,24.732437328322334,0.21660558572175043,-44.874271808964,1.0,False
W-H0A,5,5-1,LOBO,29.004843606430015,0.20733495484913014,-57.79489128914929,1.0,False
W-H1,5,5-1,LOBO,31.96015372501562,0.22846036060261218,-55.1858727786519,1.0,False
W-H2,5,5-1,LOBO,36.804789850776125,0.2630912114365171,-56.59937903100831,1.0,False
W-H3,5,5-1,LOBO,31.190650718127596,0.2229597320402148,-55.139927509609436,1.0,False
W-H5,5,5-1,LOBO,28.995275853180683,0.20726656180020095,-57.7865328200774,1.0,False
W-H0A,5,5-2,LOBO,30.9692391342714,0.21738587195967407,-60.83811329417553,1.0,False
W-H1,5,5-2,LOBO,34.11559727847373,0.239471458425308,-58.240207447496715,1.0,False
W-H2,5,5-2,LOBO,38.96215168846492,0.2734914242322828,-59.649947784761835,1.0,False
W-H3,5,5-2,LOBO,33.34527742973787,0.23406426545943443,-58.189394614536525,1.0,False
W-H5,5,5-2,LOBO,30.96285101778592,0.21734103113338332,-60.835830390493825,1.0,False
W-H0A,5,5-3,LOBO,37.497678240016995,0.2460407669520741,-71.09090599885425,1.0,False
W-H1,5,5-3,LOBO,40.78403107685992,0.2676041492840782,-68.48476853000263,1.0,False
W-H2,5,5-3,LOBO,45.63700069404241,0.2994468772248296,-69.90010631458239,1.0,False
W-H3,5,5-3,LOBO,40.00766771130887,0.262510046212656,-68.42753684458523,1.0,False
W-H5,5,5-3,LOBO,37.486729197656,0.24596892488327596,-71.07799270762658,1.0,False
W-H0A,5,5-4,LOBO,35.974972555152256,0.24078858341409662,-67.73903485388558,1.0,False
W-H1,5,5-4,LOBO,39.36760912642778,0.2634962631151419,-65.11993357566058,1.0,False
W-H2,5,5-4,LOBO,44.253044030247096,0.2961955778414838,-66.51567801312096,1.0,False
W-H3,5,5-4,LOBO,38.586407854188515,0.2582675072789726,-65.06600247815139,1.0,False
W-H5,5,5-4,LOBO,35.96471880783876,0.24071995277688019,-67.71212745540896,1.0,False
W-H0A,5,5-5,LOBO,26.31176845527997,0.1959665660406136,-52.413677046495536,1.0,False
W-H1,5,5-5,LOBO,29.389553771913587,0.21888950337703883,-49.82319342779013,1.0,False
W-H2,5,5-5,LOBO,34.28780940727463,0.25537106249695296,-51.21495877575876,1.0,False
W-H3,5,5-5,LOBO,28.615279353728667,0.2131228100754206,-49.7671625545143,1.0,False
W-H5,5,5-5,LOBO,26.300017635585025,0.19587904749210955,-52.39558530899912,1.0,False
W-H0A,6,6-1,LOBO,24.69397530761645,0.17062693963699038,-48.31118806587915,1.0,False
W-H1,6,6-1,LOBO,28.075052449944664,0.1939890284981592,-45.01246458414933,1.0,False
W-H2,6,6-1,LOBO,33.416662907372725,0.23089773330288055,-46.6708714167946,1.0,False
W-H3,6,6-1,LOBO,27.163922936561704,0.1876934345913521,-44.99360734292513,1.0,False
W-H5,6,6-1,LOBO,24.681373370860214,0.1705398645559056,-48.29367459235377,1.0,False
W-H0A,6,6-2,LOBO,25.97912276610361,0.17667654061707494,-50.61938686829542,1.0,False
W-H1,6,6-2,LOBO,29.504952663095818,0.2006546954844754,-47.34818383439767,1.0,False
W-H2,6,6-2,LOBO,34.83573747395488,0.23690782949658598,-48.970575918965,1.0,False
W-H3,6,6-2,LOBO,28.602898356962033,0.19452008363898252,-47.335304914447406,1.0,False
W-H5,6,6-2,LOBO,25.965691893303642,0.17658520111477033,-50.6070047153852,1.0,False
W-H0A,6,6-3,LOBO,43.11962181778162,0.24826467582855966,-77.84928880707865,1.0,False
W-H1,6,6-3,LOBO,47.1491511886403,0.2714650138840607,-74.50446818578389,1.0,False
W-H2,6,6-3,LOBO,52.459743882399906,0.30204117661445945,-76.16023553666498,1.0,False
W-H3,6,6-3,LOBO,46.24982548247124,0.2662870741087568,-74.4916400904759,1.0,False
W-H5,6,6-3,LOBO,43.10468086247405,0.2481786520818376,-77.82481662430096,1.0,False
W-H0A,6,6-4,LOBO,34.251902109119875,0.2148381242864548,-63.27144430449836,1.0,False
W-H1,6,6-4,LOBO,38.12223443745922,0.2391140005614912,-59.978323814456274,1.0,False
W-H2,6,6-4,LOBO,43.44881602706732,0.272523905620909,-61.59702787745506,1.0,False
W-H3,6,6-4,LOBO,37.22312602462993,0.23347452499814766,-59.969017620580985,1.0,False
W-H5,6,6-4,LOBO,34.24291881683566,0.2147817784035865,-63.25663079434598,1.0,False
W-H0A,6,6-5,LOBO,20.21389032603773,0.14593870906308362,-42.07087528342413,1.0,False
W-H1,6,6-5,LOBO,22.746642692189482,0.16422448209988186,-38.89218600183467,1.0,False
W-H2,6,6-5,LOBO,27.861764832536863,0.20115425216501012,-40.45235143007564,1.0,False
W-H3,6,6-5,LOBO,21.852547771691004,0.15776936354661,-38.873124755662246,1.0,False
W-H5,6,6-5,LOBO,20.201969413199652,0.14585264336259837,-42.04858608954186,1.0,False
W-H0A,6,6-6,LOBO,37.02511232583929,0.22457842058033003,-69.1291325671563,1.0,False
W-H1,6,6-6,LOBO,40.74842213068506,0.2471624178399404,-65.8518890339872,1.0,False
W-H2,6,6-6,LOBO,46.015215350001085,0.27910852221115445,-67.48267058334734,1.0,False
W-H3,6,6-6,LOBO,39.852619521727554,0.2417288641669373,-65.84155015001627,1.0,False
W-H5,6,6-6,LOBO,37.01015675762858,0.22448770653041483,-69.11341256236298,1.0,False
W-H0A,7,7-1,LOBO,14.792560701619982,0.10418569241819321,-31.148863887958,1.0,False
W-H1,7,7-1,LOBO,16.86201681031808,0.11876110785591114,-27.302836084686746,1.0,False
W-H2,7,7-1,LOBO,22.560167947620798,0.1588938363076108,-29.836198964123938,1.0,False
W-H3,7,7-1,LOBO,15.844064845670031,0.1115915560504754,-27.342376630713076,1.0,False
W-H5,7,7-1,LOBO,14.78464758830145,0.10412995945843699,-31.128334408669318,1.0,False
W-H0A,7,7-2,LOBO,10.09734805445441,0.08051196135474872,-13.778389064964458,1.0,False
W-H1,7,7-2,LOBO,6.361197629880024,0.05072148597679422,-9.995301953936817,1.0,False
W-H2,7,7-2,LOBO,11.173171565044827,0.08909012073303967,-12.475432165223381,1.0,False
W-H3,7,7-2,LOBO,5.504650891020341,0.04389174636935497,-10.035823428780006,1.0,False
W-H5,7,7-2,LOBO,10.10113260424492,0.08054213774609778,-13.760900313811874,1.0,False
W-H0A,7,7-3,LOBO,15.28271717822374,0.10765876476926756,-31.077554805676186,1.0,False
W-H1,7,7-3,LOBO,18.26052974022206,0.12863589981668902,-27.180988745154735,1.0,False
W-H2,7,7-3,LOBO,24.19642488075791,0.1704511824773253,-29.717938768125137,1.0,False
W-H3,7,7-3,LOBO,17.237026359547848,0.1214258527801867,-27.2163424286517,1.0,False
W-H5,7,7-3,LOBO,15.273648452765695,0.10759488033239295,-31.06426926622025,1.0,False
W-H0A,7,7-4,LOBO,15.911153177142712,0.11106728819685807,-32.49663017782164,1.0,False
W-H1,7,7-4,LOBO,18.653504158602416,0.13021018019240974,-28.61556180162991,1.0,False
W-H2,7,7-4,LOBO,24.505179165182852,0.17105760760099517,-31.152512924250573,1.0,False
W-H3,7,7-4,LOBO,17.626147184159812,0.12303874818549597,-28.643983809493946,1.0,False
W-H5,7,7-4,LOBO,15.90135438511328,0.11099888804721476,-32.47384565061928,1.0,False
W-H0A,8,8-1,LOBO,9.97259683344896,0.08263806852490893,1.7134512316810202,1.0,False
W-H1,8,8-1,LOBO,2.336888762738341,0.019364662678684936,6.116099126070864,1.0,False
W-H2,8,8-1,LOBO,6.473606750415395,0.05364363637461173,2.393890208365221,1.0,False
W-H3,8,8-1,LOBO,2.9014296089351927,0.024042738601362242,6.044718282537289,1.0,False
W-H5,8,8-1,LOBO,9.98355925156122,0.0827289087618391,1.7228256190308713,1.0,False
W-H0A,8,8-1b,LOBO,10.658859582372155,0.08608868472842338,-3.1141556052537,1.0,False
W-H1,8,8-1b,LOBO,3.1536728772663425,0.025471350660868728,1.0456982328400528,1.0,False
W-H2,8,8-1b,LOBO,7.189176035910787,0.058065002585850845,-2.270668034429505,1.0,False
W-H3,8,8-1b,LOBO,3.0239680240777833,0.024423760144490873,0.9848727399077717,1.0,False
W-H5,8,8-1b,LOBO,10.668993993133224,0.08617053758389778,-3.097044515519869,1.0,False
W-H0A,8,8-2,LOBO,11.238967412501347,0.09243598867358822,0.5330514009248191,1.0,False
W-H1,8,8-2,LOBO,3.075352531981526,0.025293538221076422,4.861254777848515,1.0,False
W-H2,8,8-2,LOBO,5.753527459630618,0.04732045032002008,1.2357706466516163,1.0,False
W-H3,8,8-2,LOBO,3.564635339421957,0.02931769261060137,4.7842753689528905,1.0,False
W-H5,8,8-2,LOBO,11.24008384984198,0.09244517092188434,0.5342945474765344,1.0,False
W-H0A,8,8-3,LOBO,11.42699025600949,0.07904338713003149,-23.258403753508446,1.0,False
W-H1,8,8-3,LOBO,14.607649825033043,0.1010448153285854,-18.804630083404362,1.0,False
W-H2,8,8-3,LOBO,21.250441121695857,0.1469946859701559,-22.481045270852093,1.0,False
W-H3,8,8-3,LOBO,13.476121009149972,0.09321774378666342,-18.867645744457946,1.0,False
W-H5,8,8-3,LOBO,11.420775450670126,0.07900039774670559,-23.249444653174393,1.0,False
W-H0A,9,9-1,LOBO,8.826449284047518,0.062386480790292555,-6.087269235170396,1.0,False
W-H1,9,9-1,LOBO,4.284292085540618,0.03028192847350906,-1.034712216022882,1.0,False
W-H2,9,9-1,LOBO,11.378147471961077,0.08042221235798062,-6.677888754341922,1.0,False
W-H3,9,9-1,LOBO,3.097695117193303,0.021894908213231472,-1.1564788182267023,1.0,False
W-H5,9,9-1,LOBO,8.830773816085278,0.0624170471399331,-6.077737821350496,1.0,False
W-H0A,9,9-2,LOBO,13.030009053023543,0.10086330610973086,6.58618993856976,1.0,False
W-H1,9,9-2,LOBO,4.934819327890437,0.03819968124655532,11.630432776330935,1.0,False
W-H2,9,9-2,LOBO,5.301022951385504,0.04103440745624315,6.0047352557664055,1.0,False
W-H3,9,9-2,LOBO,5.810359580290156,0.04497710435730075,11.510959050061501,1.0,False
W-H5,9,9-2,LOBO,13.044453124671213,0.1009751154579931,6.6162764018753535,1.0,False
W-H0A,9,9-3,LOBO,22.333082793150236,0.18671972124453576,16.880093297279316,1.0,False
W-H1,9,9-3,LOBO,14.215252262608974,0.1188491514798482,21.84176943902453,1.0,False
W-H2,9,9-3,LOBO,7.250660367874501,0.06062043898138262,16.218376650592617,1.0,False
W-H3,9,9-3,LOBO,15.302322961641782,0.12793779991125792,21.700113037308242,1.0,False
W-H5,9,9-3,LOBO,22.325602456522155,0.18665718055622382,16.8712944131437,1.0,False
W-H0A,9,9-4,LOBO,12.214547688521428,0.09340480809416032,4.683170761535365,1.0,False
W-H1,9,9-4,LOBO,4.014799634648883,0.030701226027656358,9.720675947229324,1.0,False
W-H2,9,9-4,LOBO,6.0478967831522255,0.04624834687366182,4.12490720965971,1.0,False
W-H3,9,9-4,LOBO,4.7259537330836645,0.03613943084567833,9.597963795405803,1.0,False
W-H5,9,9-4,LOBO,12.226458626305416,0.09349589119328976,4.694215839077572,1.0,False
W-H0A,9,9-5,LOBO,23.853952459372174,0.2113785817028245,23.783580293839165,1.0,False
W-H1,9,9-5,LOBO,16.282580228918402,0.14428588809813575,28.68112100476263,1.0,False
W-H2,9,9-5,LOBO,9.799249501266369,0.08683472748835655,23.215425763187042,1.0,False
W-H3,9,9-5,LOBO,17.376732062302242,0.15398156696318485,28.55082488199791,1.0,False
W-H5,9,9-5,LOBO,23.87343637834495,0.21155123582232496,23.80666230895595,1.0,False
