L_over_K_m_inv,R_Q_pa_s_m3,R_bar_per_g_per_s,R_m_pa_s_kg,anchor_selected,bed_depth_m,case_id,case_kind,closure,first_drip_s,implied_dry_mass_kg,initial_stored_water_mass_kg,mass_at_final_time_kg,mass_inconsistency_kg,model,nominal_cylinder_volume_m3,phi,pressure_integration_method,pressure_pa,primary_eligible,saturated_k_m2,saturated_pore_water_mass_kg,source,source_identity,steady_outlet_volume_flow_m3_s,steady_outlet_water_mass_flow_kg_s,straight_sided_wedge_scale,target_reached,time_to_target_yield_s,transfer_interpretation,water_mass_at_end_kg_excluding_solute,wetting_k_m2
5091333839792.402,607010579008.8234,6.290265067448947,629026506.7448946,True,0.009011660896432553,EWP_BASELINE,ONE_FACTOR,BASELINE,4.711696185231869,0.02,0.0,0.036182057813537505,0.0,closed_form_and_reduced_preflight_not_an_openfoam_result,2.380952380952381e-05,0.4,exact_piecewise_linear_positive_driving_pressure_integral,900000.0,true,1.77e-15,0.00919047619047619,EWP,NA,1.4826759715944223e-06,0.0014307823125886176,72.09146648398465,False,32.668429818338296,EWP_PRIMARY,0.036182057813537505,1.77e-15
570358284.5843388,68000552.20541883,0.0007046689347711795,70466.89347711795,False,0.009011660896432553,WADS_K_MIN,ONE_FACTOR,BASELINE,4.711696185231869,0.02,0.0,322.9810810473969,0.0,closed_form_and_reduced_preflight_not_an_openfoam_result,2.380952380952381e-05,0.4,exact_piecewise_linear_positive_driving_pressure_integral,900000.0,false,1.58e-11,0.00919047619047619,WADSWORTH,NA,0.013235186639091453,12.771955106723253,72.09146648398465,True,4.714828047164185,SOURCE_NATIVE_STRESS_SUPPORT_ONLY,322.9810810473969,1.77e-15
1902612975748.347,226837650089.31244,2.3506492237234444,235064922.37234446,False,0.009011660896432553,VACA_EWP_K_MIN,ONE_FACTOR,BASELINE,4.711696185231869,0.02,0.0,0.0968220745298618,0.0,closed_form_and_reduced_preflight_not_an_openfoam_result,2.380952380952381e-05,0.4,exact_piecewise_linear_positive_driving_pressure_integral,900000.0,false,4.736465593002714e-15,0.00919047619047619,VACA_C1,NA,3.9675953248750565e-06,0.0038287294885044295,72.09146648398465,True,15.159026068447181,SOURCE_NATIVE_STRESS_SUPPORT_ONLY,0.0968220745298618,1.77e-15
5889339317284.445,702152202439.3562,7.276188626314572,727618862.6314572,False,0.010424130591593469,WADS_TOTAL_PHI_DOSE_MIN,ONE_FACTOR,FIXED_DOSE_MASS_CONSERVING_PRIMARY,6.670830847479843,0.02,0.0,0.02885611315975855,0.0,closed_form_and_reduced_preflight_not_an_openfoam_result,2.7541380924839573e-05,0.4813,exact_piecewise_linear_positive_driving_pressure_integral,900000.0,true,1.77e-15,0.0127917183067559,WADSWORTH_TOTAL,NA,1.2817733774433777e-06,0.0012369113092328596,72.09146648398465,False,39.009446964433494,EWP_PRIMARY,0.02885611315975855,1.77e-15
5091333839792.402,607010579008.8234,6.290265067448947,629026506.7448946,False,0.009011660896432553,WADS_CONNECTED_PHI_DIAGNOSTIC_MIN,ONE_FACTOR,FIXED_GEOMETRY_TRANSPORT_DIAGNOSTIC,4.4764394396636344,0.020976666666666664,0.0,0.03651865900401369,0.0009766666666666639,closed_form_and_reduced_preflight_not_an_openfoam_result,2.380952380952381e-05,0.3707,exact_piecewise_linear_positive_driving_pressure_integral,900000.0,false,1.77e-15,0.008517273809523808,WADSWORTH_CONNECTED,NA,1.4826759715944223e-06,0.0014307823125886176,72.09146648398465,False,32.43317307277007,CONTEXTUAL_BOUND_ONLY,0.03651865900401369,1.77e-15
4019474084046.634,479218878164.8606,4.965998737459695,496599873.7459695,False,0.007114469128762541,VACA_PHI_DOSE_MIN,ONE_FACTOR,FIXED_DOSE_MASS_CONSERVING_PRIMARY,2.6844550508012492,0.02,0.0,0.04950462485790836,0.0,closed_form_and_reduced_preflight_not_an_openfoam_result,1.8796992481203007e-05,0.24,exact_piecewise_linear_positive_driving_pressure_integral,900000.0,true,1.77e-15,0.004353383458646616,VACA_C1,NA,1.878056230686268e-06,0.0018123242626122485,72.09146648398465,True,24.75556055062212,EWP_PRIMARY,0.04950462485790836,1.77e-15
155911088.17357358,18588386.24300376,0.00019262576417620477,19262.576417620476,True,0.009011660896432553,WADS_K_MEDIAN,ONE_FACTOR,BASELINE,4.711696185231869,0.02,0.0,1181.5383850974392,0.0,closed_form_and_reduced_preflight_not_an_openfoam_result,2.380952380952381e-05,0.4,exact_piecewise_linear_positive_driving_pressure_integral,900000.0,false,5.78e-11,0.00919047619047619,WADSWORTH,NA,0.04841732833794214,46.72272184611417,72.09146648398465,True,4.712552299739318,SOURCE_NATIVE_STRESS_SUPPORT_ONLY,1181.5383850974392,1.77e-15
1004727296772.5461,119787882183.88382,1.2413252039780707,124132520.39780706,True,0.009011660896432553,VACA_EWP_K_MEDIAN,ONE_FACTOR,BASELINE,4.711696185231869,0.02,0.0,0.18334819401357602,0.0,closed_form_and_reduced_preflight_not_an_openfoam_result,2.380952380952381e-05,0.4,exact_piecewise_linear_positive_driving_pressure_integral,900000.0,false,8.969260540029545e-15,0.00919047619047619,VACA_C1,NA,7.513280839362608e-06,0.007250316009984917,72.09146648398465,True,10.228697091801074,SOURCE_NATIVE_STRESS_SUPPORT_ONLY,0.18334819401357602,1.77e-15
6764393941265.371,806479954396.1338,8.357305226902941,835730522.690294,True,0.011972977276039706,WADS_TOTAL_PHI_DOSE_MEDIAN,ONE_FACTOR,FIXED_DOSE_MASS_CONSERVING_PRIMARY,9.272604056666943,0.019999999999999997,0.0,0.022321377336977814,-3.469446951953614e-18,closed_form_and_reduced_preflight_not_an_openfoam_result,3.163355687713526e-05,0.5484,exact_piecewise_linear_positive_driving_pressure_integral,900000.0,true,1.77e-15,0.016740668100721244,WADSWORTH_TOTAL,NA,1.1159607812867352e-06,0.0010769021539416995,72.09146648398465,False,46.41618284290223,EWP_PRIMARY,0.022321377336977814,1.77e-15
5091333839792.402,607010579008.8234,6.290265067448947,629026506.7448946,False,0.009011660896432553,WADS_CONNECTED_PHI_DIAGNOSTIC_MEDIAN,ONE_FACTOR,FIXED_GEOMETRY_TRANSPORT_DIAGNOSTIC,5.615788661374641,0.01624666666666667,0.0,0.03488849828972798,-0.0037533333333333307,closed_form_and_reduced_preflight_not_an_openfoam_result,2.380952380952381e-05,0.5126,exact_piecewise_linear_positive_driving_pressure_integral,900000.0,false,1.77e-15,0.011777595238095236,WADSWORTH_CONNECTED,NA,1.4826759715944223e-06,0.0014307823125886176,72.09146648398465,False,33.572522294481075,CONTEXTUAL_BOUND_ONLY,0.03488849828972798,1.77e-15
4242778199827.0024,505842149174.01953,5.241887556207456,524188755.6207456,True,0.0075097174136937945,VACA_PHI_DOSE_MEDIAN,ONE_FACTOR,FIXED_DOSE_MASS_CONSERVING_PRIMARY,3.061241201154381,0.02,0.0,0.046252199534975155,0.0,closed_form_and_reduced_preflight_not_an_openfoam_result,1.984126984126984e-05,0.28,exact_piecewise_linear_positive_driving_pressure_integral,900000.0,true,1.77e-15,0.005361111111111112,VACA_C1,NA,1.7792111659133065e-06,0.0017169387751063408,72.09146648398465,True,26.358519228743077,EWP_PRIMARY,0.046252199534975155,1.77e-15
47181470.661950536,5625176.569872342,5.829198518002426e-05,5829.198518002426,False,0.009011660896432553,WADS_K_MAX,ONE_FACTOR,BASELINE,4.711696185231869,0.02,0.0,3904.3915493704303,0.0,closed_form_and_reduced_preflight_not_an_openfoam_result,2.380952380952381e-05,0.4,exact_piecewise_linear_positive_driving_pressure_integral,900000.0,false,1.91e-10,0.00919047619047619,WADSWORTH,NA,0.15999497772572577,154.39515350532537,72.09146648398465,True,4.711955260721558,SOURCE_NATIVE_STRESS_SUPPORT_ONLY,3904.3915493704303,1.77e-15
164598028555.4711,19624080400.3615,0.20335834611773576,20335834.611773577,False,0.009011660896432553,VACA_EWP_K_MAX,ONE_FACTOR,BASELINE,4.711696185231869,0.02,0.0,1.1191806910208915,0.0,closed_form_and_reduced_preflight_not_an_openfoam_result,2.380952380952381e-05,0.4,exact_piecewise_linear_positive_driving_pressure_integral,900000.0,false,5.4749506877571975e-14,0.00919047619047619,VACA_C1,NA,4.586202164068899e-05,0.04425685088326488,72.09146648398465,True,5.61551105686625,SOURCE_NATIVE_STRESS_SUPPORT_ONLY,1.1191806910208915,1.77e-15
9950489589170.818,1186339893828.319,12.293677656252012,1229367765.6252012,False,0.01761236657283235,WADS_TOTAL_PHI_DOSE_MAX,ONE_FACTOR,FIXED_DOSE_MASS_CONSERVING_PRIMARY,22.753646306370534,0.02,0.0,0.005304936819251858,0.0,closed_form_and_reduced_preflight_not_an_openfoam_result,4.653327128897161e-05,0.693,exact_piecewise_linear_positive_driving_pressure_integral,900000.0,true,1.77e-15,0.03111889250814332,WADSWORTH_TOTAL,NA,7.586358721324794e-07,0.0007320836166078426,72.09146648398465,False,77.3922136674906,EWP_PRIMARY,0.005304936819251858,1.77e-15
5091333839792.402,607010579008.8234,6.290265067448947,629026506.7448946,False,0.009011660896432553,WADS_CONNECTED_PHI_DIAGNOSTIC_MAX,ONE_FACTOR,FIXED_GEOMETRY_TRANSPORT_DIAGNOSTIC,6.906087603791544,0.01089,0.0,0.03304236138496607,-0.00911,closed_form_and_reduced_preflight_not_an_openfoam_result,2.380952380952381e-05,0.6733,exact_piecewise_linear_positive_driving_pressure_integral,900000.0,false,1.77e-15,0.015469869047619048,WADSWORTH_CONNECTED,NA,1.4826759715944223e-06,0.0014307823125886176,72.09146648398465,False,34.86282123689797,CONTEXTUAL_BOUND_ONLY,0.03304236138496607,1.77e-15
4773125474805.377,569072417820.7719,5.897123500733386,589712350.0733386,False,0.008448432090405517,VACA_PHI_DOSE_MAX,ONE_FACTOR,FIXED_DOSE_MASS_CONSERVING_PRIMARY,4.0405018652713025,0.019999999999999997,0.0,0.039618550159836834,-3.469446951953614e-18,closed_form_and_reduced_preflight_not_an_openfoam_result,2.2321428571428568e-05,0.36,exact_piecewise_linear_positive_driving_pressure_integral,900000.0,true,1.77e-15,0.007754464285714284,VACA_C1,NA,1.581521036367384e-06,0.0015261678000945255,72.09146648398465,False,30.24993964630858,EWP_PRIMARY,0.039618550159836834,1.77e-15
434397397.78033245,51790714.23006852,0.0005366913391716945,53669.13391716945,False,0.010382097806949946,WADS_PAIR_GUAYACAN_G01,OBSERVED_WITHIN_SOURCE_PAIR,FIXED_DOSE_MASS_CONSERVING_PRIMARY,6.606834969297209,0.019999999999999997,0.0,392.2897015652625,-3.469446951953614e-18,closed_form_and_reduced_preflight_not_an_openfoam_result,2.7430326969497477e-05,0.4792,exact_piecewise_linear_positive_driving_pressure_integral,900000.0,false,2.39e-11,0.012684551239850779,WADSWORTH,Guayacan:G1,0.017377632523118986,16.76941538480982,72.09146648398465,True,6.609220264137972,SOURCE_NATIVE_STRESS_SUPPORT_ONLY,392.2897015652625,1.77e-15
145918214.98377627,17396993.195175663,0.00018027972222979958,18027.97222297996,False,0.01076876426580269,WADS_PAIR_GUAYACAN_G03,OBSERVED_WITHIN_SOURCE_PAIR,FIXED_DOSE_MASS_CONSERVING_PRIMARY,7.208718770783314,0.019999999999999997,0.0,1137.7959125180207,-3.469446951953614e-18,closed_form_and_reduced_preflight_not_an_openfoam_result,2.8451930463481944e-05,0.4979,exact_piecewise_linear_positive_driving_pressure_integral,900000.0,false,7.38e-11,0.013670398611545792,WADSWORTH,Guayacan:G3,0.05173307765905075,49.92241994098397,72.09146648398465,True,7.209520013993224,SOURCE_NATIVE_STRESS_SUPPORT_ONLY,1137.7959125180207,1.77e-15
65118253.931961566,7763676.527032707,8.045260649774826e-05,8045.260649774826,False,0.010093329359454043,WADS_PAIR_GUAYACAN_G04,OBSERVED_WITHIN_SOURCE_PAIR,FIXED_DOSE_MASS_CONSERVING_PRIMARY,6.176622946251568,0.02,0.0,2665.0521694376284,0.0,closed_form_and_reduced_preflight_not_an_openfoam_result,2.6667377796741242e-05,0.4643,exact_piecewise_linear_positive_driving_pressure_integral,900000.0,false,1.55e-10,0.011948305288141014,WADSWORTH,Guayacan:G4,0.115924458839346,111.86710277996889,72.09146648398465,True,6.176980513391558,SOURCE_NATIVE_STRESS_SUPPORT_ONLY,2665.0521694376284,1.77e-15
147124673.69319716,17540832.35850691,0.00018177028350784363,18177.028350784363,False,0.008592080943682714,WADS_PAIR_GUAYACAN_G05,OBSERVED_WITHIN_SOURCE_PAIR,FIXED_DOSE_MASS_CONSERVING_PRIMARY,4.205727700438706,0.019999999999999997,0.0,1277.1529328996955,-3.469446951953614e-18,closed_form_and_reduced_preflight_not_an_openfoam_result,2.27009602506186e-05,0.3707,exact_piecewise_linear_positive_driving_pressure_integral,900000.0,false,5.84e-11,0.008120712356132662,WADSWORTH,Guayacan:G5,0.051308853628232766,49.513043751244616,72.09146648398465,True,4.206535568365407,SOURCE_NATIVE_STRESS_SUPPORT_ONLY,1277.1529328996955,1.77e-15
132402731.26071702,15785619.46513304,0.00016358154886148224,16358.154886148224,False,0.01655034140758963,WADS_PAIR_GUAYACAN_G06,OBSERVED_WITHIN_SOURCE_PAIR,FIXED_DOSE_MASS_CONSERVING_PRIMARY,19.734225058133028,0.02,0.0,564.8068203281198,0.0,closed_form_and_reduced_preflight_not_an_openfoam_result,4.372731645458918e-05,0.6733,exact_piecewise_linear_positive_driving_pressure_integral,900000.0,false,1.25e-10,0.028411146092964273,WADSWORTH,Guayacan:G6,0.05701391712804823,55.01843002856654,72.09146648398465,True,19.73495208723908,SOURCE_NATIVE_STRESS_SUPPORT_ONLY,564.8068203281198,1.77e-15
236831533.60493705,28236067.573785767,0.0002926017365159147,29260.173651591467,False,0.011533695686560434,WADS_PAIR_GUAYACAN_G07,OBSERVED_WITHIN_SOURCE_PAIR,FIXED_DOSE_MASS_CONSERVING_PRIMARY,8.48650261030474,0.019999999999999997,0.0,661.7236070187375,-3.469446951953614e-18,closed_form_and_reduced_preflight_not_an_openfoam_result,3.0472940029254018e-05,0.5312,exact_piecewise_linear_positive_driving_pressure_integral,900000.0,false,4.87e-11,0.015620672842515846,WADSWORTH,Guayacan:G7,0.03187412686444892,30.758532424193206,72.09146648398465,True,8.487803062467032,SOURCE_NATIVE_STRESS_SUPPORT_ONLY,661.7236070187375,1.77e-15
252774421.37478763,30136846.788185954,0.00031229893044752287,31229.893044752287,False,0.011703455709652666,WADS_PAIR_GUAYACAN_G08,OBSERVED_WITHIN_SOURCE_PAIR,FIXED_DOSE_MASS_CONSERVING_PRIMARY,8.785767193686734,0.02,0.0,611.3632697467787,0.0,closed_form_and_reduced_preflight_not_an_openfoam_result,3.0921459492888065e-05,0.538,exact_piecewise_linear_positive_driving_pressure_integral,900000.0,false,4.63e-11,0.0160534941249227,WADSWORTH,Guayacan:G8,0.029863774612041094,28.818542500619657,72.09146648398465,True,8.787155188933168,SOURCE_NATIVE_STRESS_SUPPORT_ONLY,611.3632697467787,1.77e-15
226424019.88359827,26995239.309754726,0.00027974341253631836,27974.341253631836,False,0.011185346582249754,WADS_PAIR_GUAYACAN_G09,OBSERVED_WITHIN_SOURCE_PAIR,FIXED_DOSE_MASS_CONSERVING_PRIMARY,7.890253325429947,0.02,0.0,711.3222730322431,0.0,closed_form_and_reduced_preflight_not_an_openfoam_result,2.955257402919794e-05,0.5166,exact_piecewise_linear_positive_driving_pressure_integral,900000.0,false,4.94e-11,0.014732519652461725,WADSWORTH,Guayacan:G9,0.033339211765193916,32.17233935341213,72.09146648398465,True,7.8914966294856645,SOURCE_NATIVE_STRESS_SUPPORT_ONLY,711.3222730322431,1.77e-15
311315525.58981466,37116367.417465374,0.0003846255690929053,38462.556909290535,False,0.012172437050561754,WADS_PAIR_GUAYACAN_G10,OBSERVED_WITHIN_SOURCE_PAIR,FIXED_DOSE_MASS_CONSERVING_PRIMARY,9.64213688306944,0.02,0.0,476.36138305750154,0.0,closed_form_and_reduced_preflight_not_an_openfoam_result,3.216054544285071e-05,0.5558,exact_piecewise_linear_positive_driving_pressure_integral,900000.0,false,3.91e-11,0.017249212066636647,WADSWORTH,Guayacan:G10,0.02424806258320685,23.399380392794612,72.09146648398465,True,9.643846330043187,SOURCE_NATIVE_STRESS_SUPPORT_ONLY,476.36138305750154,1.77e-15
705161695.34433,84072390.9401428,0.0008712164864263501,87121.64864263502,False,0.011141554786440412,WADS_PAIR_GUAYACAN_G11,OBSERVED_WITHIN_SOURCE_PAIR,FIXED_DOSE_MASS_CONSERVING_PRIMARY,7.816995258731406,0.02,0.0,229.15893555957726,0.0,closed_form_and_reduced_preflight_not_an_openfoam_result,2.9436872626652148e-05,0.5147,exact_piecewise_linear_positive_driving_pressure_integral,900000.0,false,1.58e-11,0.014620867799005037,WADSWORTH,Guayacan:G11,0.010705060126585134,10.330383022154654,72.09146648398465,True,7.820867332004412,SOURCE_NATIVE_STRESS_SUPPORT_ONLY,229.15893555957726,1.77e-15
165319118.93321037,19710051.87689054,0.00020424924224757035,20424.924224757036,False,0.009935679047885945,WADS_PAIR_TUMBA_G01,OBSERVED_WITHIN_SOURCE_PAIR,FIXED_DOSE_MASS_CONSERVING_PRIMARY,5.948711179460151,0.02,0.0,1059.7914440362313,0.0,closed_form_and_reduced_preflight_not_an_openfoam_result,2.625085315272746e-05,0.4558,exact_piecewise_linear_positive_driving_pressure_integral,900000.0,false,6.01e-11,0.011546359006667716,WADSWORTH,Tumba:G1,0.04566198027389383,44.06381096430754,72.09146648398465,True,5.94961895387014,SOURCE_NATIVE_STRESS_SUPPORT_ONLY,1059.7914440362313,1.77e-15
185057671.42263925,22063366.46053859,0.0002286359218708662,22863.59218708662,False,0.010696333408228549,WADS_PAIR_TUMBA_G02,OBSERVED_WITHIN_SOURCE_PAIR,FIXED_DOSE_MASS_CONSERVING_PRIMARY,7.093722806741837,0.02,0.0,901.6802480222722,0.0,closed_form_and_reduced_preflight_not_an_openfoam_result,2.8260562385191463e-05,0.4945,exact_piecewise_linear_positive_driving_pressure_integral,900000.0,false,5.78e-11,0.013485728415995477,WADSWORTH,Tumba:G2,0.04079159912471626,39.36389315535119,72.09146648398465,True,7.094738966394597,SOURCE_NATIVE_STRESS_SUPPORT_ONLY,901.6802480222722,1.77e-15
106934648.94203518,12749205.849180134,0.00013211612278943142,13211.612278943141,False,0.010618610639944093,WADS_PAIR_TUMBA_G03,OBSERVED_WITHIN_SOURCE_PAIR,FIXED_DOSE_MASS_CONSERVING_PRIMARY,6.97147890804724,0.02,0.0,1568.7463834970658,0.0,closed_form_and_reduced_preflight_not_an_openfoam_result,2.8055212658511953e-05,0.4908,exact_piecewise_linear_positive_driving_pressure_integral,900000.0,false,9.93e-11,0.013287565929749749,WADSWORTH,Tumba:G3,0.07059263225072772,68.12189012195225,72.09146648398465,True,6.9720660908151935,SOURCE_NATIVE_STRESS_SUPPORT_ONLY,1568.7463834970658,1.77e-15
107998237.07015456,12876011.371228354,0.00013343016965003477,13343.016965003477,False,0.011231816655296075,WADS_PAIR_TUMBA_G04,OBSERVED_WITHIN_SOURCE_PAIR,FIXED_DOSE_MASS_CONSERVING_PRIMARY,7.968406515026722,0.02,0.0,1486.0532807896932,0.0,closed_form_and_reduced_preflight_not_an_openfoam_result,2.967535165291708e-05,0.5186,exact_piecewise_linear_positive_driving_pressure_integral,900000.0,false,1.04e-10,0.014851000059350698,WADSWORTH,Tumba:G4,0.0698974219618246,67.45101219316074,72.09146648398465,True,7.968999538002944,SOURCE_NATIVE_STRESS_SUPPORT_ONLY,1486.0532807896932,1.77e-15
70252941.12573078,8375855.878180133,8.679643397077858e-05,8679.643397077858,False,0.010608194109985347,WADS_PAIR_TUMBA_G05,OBSERVED_WITHIN_SOURCE_PAIR,FIXED_DOSE_MASS_CONSERVING_PRIMARY,6.955186358000933,0.02,0.0,2389.5373725586155,0.0,closed_form_and_reduced_preflight_not_an_openfoam_result,2.802769135906275e-05,0.4903,exact_piecewise_linear_positive_driving_pressure_integral,900000.0,false,1.51e-10,0.01326100787578127,WADSWORTH,Tumba:G5,0.10745170560355294,103.69089590742858,72.09146648398465,True,6.955572119929692,SOURCE_NATIVE_STRESS_SUPPORT_ONLY,2389.5373725586155,1.77e-15
56856562.35623683,6778682.349715616,7.024541295042088e-05,7024.541295042088,False,0.010859603410041236,WADS_PAIR_TUMBA_G06,OBSERVED_WITHIN_SOURCE_PAIR,FIXED_DOSE_MASS_CONSERVING_PRIMARY,7.354407306204958,0.02,0.0,2901.404172654013,0.0,closed_form_and_reduced_preflight_not_an_openfoam_result,2.869193469715663e-05,0.5021,exact_piecewise_linear_positive_driving_pressure_integral,900000.0,false,1.91e-10,0.013902002697041862,WADSWORTH,Tumba:G6,0.13276916568273148,128.12224488383586,72.09146648398465,True,7.354719508040294,SOURCE_NATIVE_STRESS_SUPPORT_ONLY,2901.404172654013,1.77e-15
132828563.29024771,15836388.979554914,0.0001641076578192219,16410.76578192219,False,0.012034267834096442,WADS_PAIR_TUMBA_G07,OBSERVED_WITHIN_SOURCE_PAIR,FIXED_DOSE_MASS_CONSERVING_PRIMARY,9.385317860408776,0.02,0.0,1130.5513814638678,0.0,closed_form_and_reduced_preflight_not_an_openfoam_result,3.1795491399319574e-05,0.5507,exact_piecewise_linear_positive_driving_pressure_integral,900000.0,false,9.06e-11,0.016896934914629104,WADSWORTH,Tumba:G7,0.05683113752522229,54.84204771183951,72.09146648398465,True,9.386047227776862,SOURCE_NATIVE_STRESS_SUPPORT_ONLY,1130.5513814638678,1.77e-15
320696062.017067,38234755.05954385,0.0003962150783372419,39621.507833724194,False,0.011192292564395637,WADS_PAIR_TUMBA_G08,OBSERVED_WITHIN_SOURCE_PAIR,FIXED_DOSE_MASS_CONSERVING_PRIMARY,7.901907908254149,0.020000000000000004,0.0,501.95673940614586,3.469446951953614e-18,closed_form_and_reduced_preflight_not_an_openfoam_result,2.9570925865688858e-05,0.5169,exact_piecewise_linear_positive_driving_pressure_integral,900000.0,false,3.49e-11,0.014750229174675462,WADSWORTH,Tumba:G8,0.02353879339879148,22.71493562983378,72.09146648398465,True,7.90366886415787,SOURCE_NATIVE_STRESS_SUPPORT_ONLY,501.95673940614586,1.77e-15
326280898.5167112,38900603.13472268,0.0004031150583909086,40311.50583909086,False,0.01109355054956818,WADS_PAIR_TUMBA_G09,OBSERVED_WITHIN_SOURCE_PAIR,FIXED_DOSE_MASS_CONSERVING_PRIMARY,7.737125998194594,0.019999999999999997,0.0,497.0438633973081,-3.469446951953614e-18,closed_form_and_reduced_preflight_not_an_openfoam_result,2.9310041620259094e-05,0.5126,exact_piecewise_linear_positive_driving_pressure_integral,900000.0,false,3.4e-11,0.014498475877835742,WADSWORTH,Tumba:G9,0.023135888070502948,22.326131988035343,72.09146648398465,True,7.7389176206763315,SOURCE_NATIVE_STRESS_SUPPORT_ONLY,497.0438633973081,1.77e-15
435592141.2794938,51933156.655965805,0.0005381674264866923,53816.74264866923,False,0.011064040388499143,WADS_PAIR_TUMBA_G10,OBSERVED_WITHIN_SOURCE_PAIR,FIXED_DOSE_MASS_CONSERVING_PRIMARY,7.6882532697868875,0.02,0.0,373.1287155055705,0.0,closed_form_and_reduced_preflight_not_an_openfoam_result,2.9232073430968456e-05,0.5113,exact_piecewise_linear_positive_driving_pressure_integral,900000.0,false,2.54e-11,0.014423236575170275,WADSWORTH,Tumba:G10,0.01732996909781745,16.723420179393838,72.09146648398465,True,7.690645125015717,SOURCE_NATIVE_STRESS_SUPPORT_ONLY,373.1287155055705,1.77e-15
399962758.2327902,47685269.34127568,0.0004941478688215095,49414.786882150955,False,0.012358849229393216,WADS_PAIR_TUMBA_G11,OBSERVED_WITHIN_SOURCE_PAIR,FIXED_DOSE_MASS_CONSERVING_PRIMARY,9.994608685837761,0.020000000000000004,0.0,364.3616277387917,3.469446951953614e-18,closed_form_and_reduced_preflight_not_an_openfoam_result,3.26530612244898e-05,0.5625,exact_piecewise_linear_positive_driving_pressure_integral,900000.0,false,3.09e-11,0.01772448979591837,WADSWORTH,Tumba:G11,0.01887375309886261,18.21317174040242,72.09146648398465,True,9.99680489858808,SOURCE_NATIVE_STRESS_SUPPORT_ONLY,364.3616277387917,1.77e-15
135430316859.24156,16146581159.060007,0.16732208454984462,16732208.454984462,False,0.007209328717146042,VACA_C1_01_PUBLISHED,OBSERVED_WITHIN_SOURCE_PAIR,FIXED_DOSE_MASS_CONSERVING_PRIMARY,2.776341269468955,0.02,0.0,1.4643191257983104,0.0,closed_form_and_reduced_preflight_not_an_openfoam_result,1.9047619047619046e-05,0.25,exact_piecewise_linear_positive_driving_pressure_integral,900000.0,false,5.323275382009924e-14,0.004595238095238095,VACA_C1,A:22.2g:PUBLISHED,5.573935380710617e-05,0.05378847642385745,72.09146648398465,True,3.5199949785793754,SOURCE_NATIVE_STRESS_SUPPORT_ONLY,1.4643191257983104,1.77e-15
1504781298436.0173,179406457322.88895,1.8591342727760511,185913427.27760512,False,0.007209328717146042,VACA_C1_01_EWP_MU,OBSERVED_WITHIN_SOURCE_PAIR,FIXED_DOSE_MASS_CONSERVING_PRIMARY,2.776341269468955,0.02,0.0,0.13178872132184793,0.0,closed_form_and_reduced_preflight_not_an_openfoam_result,1.9047619047619046e-05,0.25,exact_piecewise_linear_positive_driving_pressure_integral,900000.0,false,4.790947843808932e-15,0.004595238095238095,VACA_C1,A:22.2g:EWP_MU,5.016541842639555e-06,0.00484096287814717,72.09146648398465,True,11.03916025958474,SOURCE_NATIVE_STRESS_SUPPORT_ONLY,0.13178872132184793,1.77e-15
114550093729.75154,13657151722.591944,0.14152488831701496,14152488.831701497,False,0.0075097174136937945,VACA_C1_02_PUBLISHED,OBSERVED_WITHIN_SOURCE_PAIR,FIXED_DOSE_MASS_CONSERVING_PRIMARY,3.061241201154381,0.02,0.0,1.713117968668002,0.0,closed_form_and_reduced_preflight_not_an_openfoam_result,1.984126984126984e-05,0.28,exact_piecewise_linear_positive_driving_pressure_integral,900000.0,false,6.555836987275491e-14,0.005361111111111112,VACA_C1,A:19.86g:PUBLISHED,6.589953881168364e-05,0.0635930549532747,72.09146648398465,True,3.690240704785559,SOURCE_NATIVE_STRESS_SUPPORT_ONLY,1.713117968668002,1.77e-15
1272778819219.4614,151746130251.0216,1.5724987590779442,157249875.90779442,False,0.0075097174136937945,VACA_C1_02_EWP_MU,OBSERVED_WITHIN_SOURCE_PAIR,FIXED_DOSE_MASS_CONSERVING_PRIMARY,3.061241201154381,0.02,0.0,0.15418061718012022,0.0,closed_form_and_reduced_preflight_not_an_openfoam_result,1.984126984126984e-05,0.28,exact_piecewise_linear_positive_driving_pressure_integral,900000.0,false,5.900253288547942e-15,0.005361111111111112,VACA_C1,A:19.86g:EWP_MU,5.930958493051528e-06,0.0057233749457947245,72.09146648398465,True,10.050124574834133,SOURCE_NATIVE_STRESS_SUPPORT_ONLY,0.15418061718012022,1.77e-15
72745486213.20428,8673027755.798471,0.08987593529324839,8987593.529324839,False,0.007724280768370759,VACA_C1_03_PUBLISHED,OBSERVED_WITHIN_SOURCE_PAIR,FIXED_DOSE_MASS_CONSERVING_PRIMARY,3.2697101428828663,0.019999999999999997,0.0,2.6767188339026537,-3.469446951953614e-18,closed_form_and_reduced_preflight_not_an_openfoam_result,2.0408163265306123e-05,0.3,exact_piecewise_linear_positive_driving_pressure_integral,900000.0,false,1.0618226876279643e-13,0.005908163265306123,VACA_C1,A:17.5g:PUBLISHED,0.00010376998959772644,0.10013803996180601,72.09146648398465,True,3.6691587441861926,SOURCE_NATIVE_STRESS_SUPPORT_ONLY,2.6767188339026537,1.77e-15
808283180146.7142,96366975064.42746,0.9986215032583154,99862150.32583155,False,0.007724280768370759,VACA_C1_03_EWP_MU,OBSERVED_WITHIN_SOURCE_PAIR,FIXED_DOSE_MASS_CONSERVING_PRIMARY,3.2697101428828663,0.019999999999999997,0.0,0.24090469505123885,-3.469446951953614e-18,closed_form_and_reduced_preflight_not_an_openfoam_result,2.0408163265306123e-05,0.3,exact_piecewise_linear_positive_driving_pressure_integral,900000.0,false,9.556404188651679e-15,0.005908163265306123,VACA_C1,A:17.5g:EWP_MU,9.33929906379538e-06,0.009012423596562543,72.09146648398465,True,7.708027935142046,SOURCE_NATIVE_STRESS_SUPPORT_ONLY,0.24090469505123885,1.77e-15
103981488865.88469,12397117484.099962,0.1284675386953364,12846753.86953364,False,0.007406844572410318,VACA_C1_04_PUBLISHED,OBSERVED_WITHIN_SOURCE_PAIR,FIXED_DOSE_MASS_CONSERVING_PRIMARY,2.9643066603311334,0.02,0.0,1.8940289704939512,0.0,closed_form_and_reduced_preflight_not_an_openfoam_result,1.9569471624266145e-05,0.27,exact_piecewise_linear_positive_driving_pressure_integral,900000.0,false,7.123233811321614e-14,0.005098825831702544,VACA_C1,B:22.2g:PUBLISHED,7.25975212507507e-05,0.07005660800697443,72.09146648398465,True,3.535273498977073,SOURCE_NATIVE_STRESS_SUPPORT_ONLY,1.8940289704939512,1.77e-15
1155349876287.6077,137745749823.3329,1.4274170966148487,142741709.66148487,False,0.007406844572410318,VACA_C1_04_EWP_MU,OBSERVED_WITHIN_SOURCE_PAIR,FIXED_DOSE_MASS_CONSERVING_PRIMARY,2.9643066603311334,0.02,0.0,0.1704626073444556,0.0,closed_form_and_reduced_preflight_not_an_openfoam_result,1.9569471624266145e-05,0.27,exact_piecewise_linear_positive_driving_pressure_integral,900000.0,false,6.4109104301894534e-15,0.005098825831702544,VACA_C1,B:22.2g:EWP_MU,6.533776912567562e-06,0.006305094720627697,72.09146648398465,True,9.308382645286018,SOURCE_NATIVE_STRESS_SUPPORT_ONLY,0.1704626073444556,1.77e-15
23384036370.9544,2787944751.561446,0.028890619187165248,2889061.9187165247,False,0.007836226866463089,VACA_C1_05_PUBLISHED,OBSERVED_WITHIN_SOURCE_PAIR,FIXED_DOSE_MASS_CONSERVING_PRIMARY,3.3820903921018513,0.02,0.0,8.292005959412222,0.0,closed_form_and_reduced_preflight_not_an_openfoam_result,2.0703933747412007e-05,0.31,exact_piecewise_linear_positive_driving_pressure_integral,900000.0,false,3.351101042673951e-13,0.006193581780538302,VACA_C1,B:19.86g:PUBLISHED,0.0003228184487859511,0.3115198030784428,72.09146648398465,True,3.510493144044808,SOURCE_NATIVE_STRESS_SUPPORT_ONLY,8.292005959412222,1.77e-15
259822626343.93774,30977163906.23829,0.3210068798573916,32100687.98573916,False,0.007836226866463089,VACA_C1_05_EWP_MU,OBSERVED_WITHIN_SOURCE_PAIR,FIXED_DOSE_MASS_CONSERVING_PRIMARY,3.3820903921018513,0.02,0.0,0.7462805363471,0.0,closed_form_and_reduced_preflight_not_an_openfoam_result,2.0703933747412007e-05,0.31,exact_piecewise_linear_positive_driving_pressure_integral,900000.0,false,3.0159909384065563e-14,0.006193581780538302,VACA_C1,B:19.86g:EWP_MU,2.90536603907356e-05,0.028036782277059854,72.09146648398465,True,4.808787635912481,SOURCE_NATIVE_STRESS_SUPPORT_ONLY,0.7462805363471,1.77e-15
13887958659.367872,1655781783.7805014,0.017158360453683952,1715836.0453683953,False,0.008448432090405517,VACA_C1_06_PUBLISHED,OBSERVED_WITHIN_SOURCE_PAIR,FIXED_DOSE_MASS_CONSERVING_PRIMARY,4.0405018652713025,0.019999999999999997,0.0,13.61642237574022,-3.469446951953614e-18,closed_form_and_reduced_preflight_not_an_openfoam_result,2.2321428571428568e-05,0.36,exact_piecewise_linear_positive_driving_pressure_integral,900000.0,false,6.083278541952441e-13,0.007754464285714284,VACA_C1,B:17.5g:PUBLISHED,0.0005435498861118697,0.5245256400979542,72.09146648398465,True,4.116761245065454,SOURCE_NATIVE_STRESS_SUPPORT_ONLY,13.61642237574022,1.77e-15
154310651770.75412,18397575375.338905,0.19064844948537726,19064844.948537726,False,0.008448432090405517,VACA_C1_06_EWP_MU,OBSERVED_WITHIN_SOURCE_PAIR,FIXED_DOSE_MASS_CONSERVING_PRIMARY,4.0405018652713025,0.019999999999999997,0.0,1.2254780138166197,-3.469446951953614e-18,closed_form_and_reduced_preflight_not_an_openfoam_result,2.2321428571428568e-05,0.36,exact_piecewise_linear_positive_driving_pressure_integral,900000.0,false,5.4749506877571975e-14,0.007754464285714284,VACA_C1,B:17.5g:EWP_MU,4.891948975006827e-05,0.04720730760881588,72.09146648398465,True,4.887828307428535,SOURCE_NATIVE_STRESS_SUPPORT_ONLY,1.2254780138166197,1.77e-15
135185658803.17203,16117411980.030094,0.16701981326456056,16701981.326456057,False,0.007114469128762541,VACA_C1_07_PUBLISHED,OBSERVED_WITHIN_SOURCE_PAIR,FIXED_DOSE_MASS_CONSERVING_PRIMARY,2.6844550508012492,0.02,0.0,1.471920604733144,0.0,closed_form_and_reduced_preflight_not_an_openfoam_result,1.8796992481203007e-05,0.24,exact_piecewise_linear_positive_driving_pressure_integral,900000.0,false,5.262739547780793e-14,0.004353383458646616,VACA_C1,C:22.2g:PUBLISHED,5.5840230498241534e-05,0.05388582243080308,72.09146648398465,True,3.426765331977074,SOURCE_NATIVE_STRESS_SUPPORT_ONLY,1.471920604733144,1.77e-15
1502062875590.8003,179082355333.66772,1.8557757029395616,185577570.29395616,False,0.007114469128762541,VACA_C1_07_EWP_MU,OBSERVED_WITHIN_SOURCE_PAIR,FIXED_DOSE_MASS_CONSERVING_PRIMARY,2.6844550508012492,0.02,0.0,0.13247285442598294,0.0,closed_form_and_reduced_preflight_not_an_openfoam_result,1.8796992481203007e-05,0.24,exact_piecewise_linear_positive_driving_pressure_integral,900000.0,false,4.736465593002714e-15,0.004353383458646616,VACA_C1,C:22.2g:EWP_MU,5.025620744841738e-06,0.004849724018772277,72.09146648398465,True,10.93234706386597,SOURCE_NATIVE_STRESS_SUPPORT_ONLY,0.13247285442598294,1.77e-15
74322293185.91438,8861021421.821545,0.09182405618467922,9182405.618467921,False,0.007406844572410318,VACA_C1_08_PUBLISHED,OBSERVED_WITHIN_SOURCE_PAIR,FIXED_DOSE_MASS_CONSERVING_PRIMARY,2.9643066603311334,0.02,0.0,2.6498637739074065,0.0,closed_form_and_reduced_preflight_not_an_openfoam_result,1.9569471624266145e-05,0.27,exact_piecewise_linear_positive_driving_pressure_integral,900000.0,false,9.965845044477272e-14,0.005098825831702544,VACA_C1,C:19.86g:PUBLISHED,0.00010156842616175377,0.09801353124609238,72.09146648398465,True,3.3724135767074856,SOURCE_NATIVE_STRESS_SUPPORT_ONLY,2.6498637739074065,1.77e-15
825803257621.2709,98455793575.79494,1.02026729094088,102026729.094088,False,0.007406844572410318,VACA_C1_08_EWP_MU,OBSERVED_WITHIN_SOURCE_PAIR,FIXED_DOSE_MASS_CONSERVING_PRIMARY,2.9643066603311334,0.02,0.0,0.2384877396516666,0.0,closed_form_and_reduced_preflight_not_an_openfoam_result,1.9569471624266145e-05,0.27,exact_piecewise_linear_positive_driving_pressure_integral,900000.0,false,8.969260540029545e-15,0.005098825831702544,VACA_C1,C:19.86g:EWP_MU,9.14115835455784e-06,0.008821217812148317,72.09146648398465,True,7.498827953401712,SOURCE_NATIVE_STRESS_SUPPORT_ONLY,0.2384877396516666,1.77e-15
17659928249.43423,2105492118.4230266,0.021818571175368152,2181857.1175368153,False,0.008318456212091586,VACA_C1_09_PUBLISHED,OBSERVED_WITHIN_SOURCE_PAIR,FIXED_DOSE_MASS_CONSERVING_PRIMARY,3.8945190493444697,0.019999999999999997,0.0,10.768318725707545,-3.469446951953614e-18,closed_form_and_reduced_preflight_not_an_openfoam_result,2.1978021978021974e-05,0.35,exact_piecewise_linear_positive_driving_pressure_integral,900000.0,false,4.71035674358308e-13,0.007423076923076922,VACA_C1,C:17.5g:PUBLISHED,0.00042745351175861097,0.41249263884705956,72.09146648398465,True,3.9914904767905504,SOURCE_NATIVE_STRESS_SUPPORT_ONLY,10.768318725707545,1.77e-15
196221424993.71365,23394356871.36696,0.24242856861520168,24242856.861520167,False,0.008318456212091586,VACA_C1_09_EWP_MU,OBSERVED_WITHIN_SOURCE_PAIR,FIXED_DOSE_MASS_CONSERVING_PRIMARY,3.8945190493444697,0.019999999999999997,0.0,0.969148685313679,-3.469446951953614e-18,closed_form_and_reduced_preflight_not_an_openfoam_result,2.1978021978021974e-05,0.35,exact_piecewise_linear_positive_driving_pressure_integral,900000.0,false,4.239321069224772e-14,0.007423076923076922,VACA_C1,C:17.5g:EWP_MU,3.847081605827499e-05,0.037124337496235366,72.09146648398465,True,4.971979354300922,SOURCE_NATIVE_STRESS_SUPPORT_ONLY,0.969148685313679,1.77e-15
543802591.3723236,64834468.97068377,0.0006718597820796244,67185.97820796244,False,0.008592080943682714,WADS_FACTORIAL_PHI_MIN_K_MIN,SYNTHETIC_WITHIN_SOURCE_SENSITIVITY,FIXED_DOSE_MASS_CONSERVING_PRIMARY,4.205727700438706,0.019999999999999997,0.0,345.5311017091642,-3.469446951953614e-18,closed_form_and_reduced_preflight_not_an_openfoam_result,2.27009602506186e-05,0.3707,exact_piecewise_linear_positive_driving_pressure_integral,900000.0,false,1.58e-11,0.008120712356132662,WADSWORTH,NA,0.013881504919967085,13.395652247768236,72.09146648398465,True,4.208713743914615,SOURCE_NATIVE_STRESS_SUPPORT_ONLY,345.5311017091642,1.77e-15
148651919.4408774,17722917.12347411,0.0001836571722639804,18365.71722639804,False,0.008592080943682714,WADS_FACTORIAL_PHI_MIN_K_MED,SYNTHETIC_WITHIN_SOURCE_SENSITIVITY,FIXED_DOSE_MASS_CONSERVING_PRIMARY,4.205727700438706,0.019999999999999997,0.0,1264.0314986575752,-3.469446951953614e-18,closed_form_and_reduced_preflight_not_an_openfoam_result,2.27009602506186e-05,0.3707,exact_piecewise_linear_positive_driving_pressure_integral,900000.0,false,5.78e-11,0.008120712356132662,WADSWORTH,NA,0.05078170787177831,49.00434809626607,72.09146648398465,True,4.206543954537657,SOURCE_NATIVE_STRESS_SUPPORT_ONLY,1264.0314986575752,1.77e-15
44984716.982632,5363270.208046092,5.557792961705793e-05,5557.7929617057935,False,0.008592080943682714,WADS_FACTORIAL_PHI_MIN_K_MAX,SYNTHETIC_WITHIN_SOURCE_SENSITIVITY,FIXED_DOSE_MASS_CONSERVING_PRIMARY,4.205727700438706,0.019999999999999997,0.0,4176.989900408251,-3.469446951953614e-18,closed_form_and_reduced_preflight_not_an_openfoam_result,2.27009602506186e-05,0.3707,exact_piecewise_linear_positive_driving_pressure_integral,900000.0,false,1.91e-10,0.008120712356132662,WADSWORTH,NA,0.1678080658046654,161.9347835015021,72.09146648398465,True,4.205974713459226,SOURCE_NATIVE_STRESS_SUPPORT_ONLY,4176.989900408251,1.77e-15
702123452.5043151,83710158.64433995,0.0008674627838791703,86746.27838791703,False,0.01109355054956818,WADS_FACTORIAL_PHI_MED_K_MIN,SYNTHETIC_WITHIN_SOURCE_SENSITIVITY,FIXED_DOSE_MASS_CONSERVING_PRIMARY,7.737125998194594,0.019999999999999997,0.0,230.97920710816084,-3.469446951953614e-18,closed_form_and_reduced_preflight_not_an_openfoam_result,2.9310041620259094e-05,0.5126,exact_piecewise_linear_positive_driving_pressure_integral,900000.0,false,1.58e-11,0.014498475877835742,WADSWORTH,NA,0.010751383279821959,10.37508486502819,72.09146648398465,True,7.740981388345168,SOURCE_NATIVE_STRESS_SUPPORT_ONLY,230.97920710816084,1.77e-15
191929940.30394775,22882707.72630746,0.0002371265049358286,23712.65049358286,False,0.01109355054956818,WADS_FACTORIAL_PHI_MED_K_MED,SYNTHETIC_WITHIN_SOURCE_SENSITIVITY,FIXED_DOSE_MASS_CONSERVING_PRIMARY,7.737125998194594,0.019999999999999997,0.0,844.9745677754238,-3.469446951953614e-18,closed_form_and_reduced_preflight_not_an_openfoam_result,2.9310041620259094e-05,0.5126,exact_piecewise_linear_positive_driving_pressure_integral,900000.0,false,5.78e-11,0.014498475877835742,WADSWORTH,NA,0.03933100971985501,37.95442437966008,72.09146648398465,True,7.738179893772087,SOURCE_NATIVE_STRESS_SUPPORT_ONLY,844.9745677754238,1.77e-15
58081416.489885755,6924714.6941391155,7.175870149366958e-05,7175.870149366958,False,0.01109355054956818,WADS_FACTORIAL_PHI_MED_K_MAX,SYNTHETIC_WITHIN_SOURCE_SENSITIVITY,FIXED_DOSE_MASS_CONSERVING_PRIMARY,7.737125998194594,0.019999999999999997,0.0,2792.216997320172,-3.469446951953614e-18,closed_form_and_reduced_preflight_not_an_openfoam_result,2.9310041620259094e-05,0.5126,exact_piecewise_linear_positive_driving_pressure_integral,900000.0,false,1.91e-10,0.014498475877835742,WADSWORTH,NA,0.12996925357253128,125.42032969749269,72.09146648398465,True,7.7374449257567885,SOURCE_NATIVE_STRESS_SUPPORT_ONLY,2792.216997320172,1.77e-15
1047489962.5056727,124886229.94567278,0.0012941578232712205,129415.78232712204,False,0.01655034140758963,WADS_FACTORIAL_PHI_MAX_K_MIN,SYNTHETIC_WITHIN_SOURCE_SENSITIVITY,FIXED_DOSE_MASS_CONSERVING_PRIMARY,19.734225058133028,0.02,0.0,71.39158208947433,0.0,closed_form_and_reduced_preflight_not_an_openfoam_result,4.372731645458918e-05,0.6733,exact_piecewise_linear_positive_driving_pressure_integral,900000.0,false,1.58e-11,0.028411146092964273,WADSWORTH,NA,0.007206559124985295,6.954329555610809,72.09146648398465,True,19.7399768706809,SOURCE_NATIVE_STRESS_SUPPORT_ONLY,71.39158208947433,1.77e-15
286338086.63649875,34138450.40037422,0.00035376632539247895,35376.6325392479,False,0.01655034140758963,WADS_FACTORIAL_PHI_MAX_K_MED,SYNTHETIC_WITHIN_SOURCE_SENSITIVITY,FIXED_DOSE_MASS_CONSERVING_PRIMARY,19.734225058133028,0.02,0.0,261.16667371972255,0.0,closed_form_and_reduced_preflight_not_an_openfoam_result,4.372731645458918e-05,0.6733,exact_piecewise_linear_positive_driving_pressure_integral,900000.0,false,5.78e-11,0.028411146092964273,WADSWORTH,NA,0.0263632352800095,25.440522045209168,72.09146648398465,True,19.73579735291255,SOURCE_NATIVE_STRESS_SUPPORT_ONLY,261.16667371972255,1.77e-15
86651002.1339771,10330902.791317433,0.00010705598747479204,10705.598747479204,False,0.01655034140758963,WADS_FACTORIAL_PHI_MAX_K_MAX,SYNTHETIC_WITHIN_SOURCE_SENSITIVITY,FIXED_DOSE_MASS_CONSERVING_PRIMARY,19.734225058133028,0.02,0.0,863.024821461367,0.0,closed_form_and_reduced_preflight_not_an_openfoam_result,4.372731645458918e-05,0.6733,exact_piecewise_linear_positive_driving_pressure_integral,900000.0,false,1.91e-10,0.028411146092964273,WADSWORTH,NA,0.08711726537165769,84.06816108364967,72.09146648398465,True,19.734700862521805,SOURCE_NATIVE_STRESS_SUPPORT_ONLY,863.024821461367,1.77e-15
135185658803.17203,16117411980.030094,0.16701981326456056,16701981.326456057,False,0.007114469128762541,VACA_PUB_FACTORIAL_PHI_MIN_K_MIN,SYNTHETIC_WITHIN_SOURCE_SENSITIVITY,FIXED_DOSE_MASS_CONSERVING_PRIMARY,2.6844550508012492,0.02,0.0,1.471920604733144,0.0,closed_form_and_reduced_preflight_not_an_openfoam_result,1.8796992481203007e-05,0.24,exact_piecewise_linear_positive_driving_pressure_integral,900000.0,false,5.262739547780793e-14,0.004353383458646616,VACA_C1_PUBLISHED,NA,5.5840230498241534e-05,0.05388582243080308,72.09146648398465,True,3.426765331977074,SOURCE_NATIVE_STRESS_SUPPORT_ONLY,1.471920604733144,1.77e-15
71388518454.89145,8511244260.433852,0.08819942238791555,8819942.238791555,False,0.007114469128762541,VACA_PUB_FACTORIAL_PHI_MIN_K_MED,SYNTHETIC_WITHIN_SOURCE_SENSITIVITY,FIXED_DOSE_MASS_CONSERVING_PRIMARY,2.6844550508012492,0.02,0.0,2.7873187588637984,0.0,closed_form_and_reduced_preflight_not_an_openfoam_result,1.8796992481203007e-05,0.24,exact_piecewise_linear_positive_driving_pressure_integral,900000.0,false,9.965845044477272e-14,0.004353383458646616,VACA_C1_PUBLISHED,NA,0.00010574247107251077,0.10204148458497289,72.09146648398465,True,3.0764524836364298,SOURCE_NATIVE_STRESS_SUPPORT_ONLY,2.7873187588637984,1.77e-15
11695123081.572947,1394342554.7625277,0.014449145645207542,1444914.5645207542,False,0.007114469128762541,VACA_PUB_FACTORIAL_PHI_MIN_K_MAX,SYNTHETIC_WITHIN_SOURCE_SENSITIVITY,FIXED_DOSE_MASS_CONSERVING_PRIMARY,2.6844550508012492,0.02,0.0,17.014148142684707,0.0,closed_form_and_reduced_preflight_not_an_openfoam_result,1.8796992481203007e-05,0.24,exact_piecewise_linear_positive_driving_pressure_integral,900000.0,false,6.083278541952441e-13,0.004353383458646616,VACA_C1_PUBLISHED,NA,0.0006454654897578451,0.6228741976163205,72.09146648398465,True,2.7486734758910605,SOURCE_NATIVE_STRESS_SUPPORT_ONLY,17.014148142684707,1.77e-15
142695973181.12604,17012823756.698435,0.1762986917792584,17629869.17792584,False,0.0075097174136937945,VACA_PUB_FACTORIAL_PHI_MED_K_MIN,SYNTHETIC_WITHIN_SOURCE_SENSITIVITY,FIXED_DOSE_MASS_CONSERVING_PRIMARY,3.061241201154381,0.02,0.0,1.3752162692913115,0.0,closed_form_and_reduced_preflight_not_an_openfoam_result,1.984126984126984e-05,0.28,exact_piecewise_linear_positive_driving_pressure_integral,900000.0,false,5.262739547780793e-14,0.005361111111111112,VACA_C1_PUBLISHED,NA,5.290127099833408e-05,0.05104972651339239,72.09146648398465,True,3.8447909423955293,SOURCE_NATIVE_STRESS_SUPPORT_ONLY,1.3752162692913115,1.77e-15
75354547257.94098,8984091163.791288,0.09309939029835532,9309939.029835531,False,0.0075097174136937945,VACA_PUB_FACTORIAL_PHI_MED_K_MED,SYNTHETIC_WITHIN_SOURCE_SENSITIVITY,FIXED_DOSE_MASS_CONSERVING_PRIMARY,3.061241201154381,0.02,0.0,2.6041935227785658,0.0,closed_form_and_reduced_preflight_not_an_openfoam_result,1.984126984126984e-05,0.28,exact_piecewise_linear_positive_driving_pressure_integral,900000.0,false,9.965845044477272e-14,0.005361111111111112,VACA_C1_PUBLISHED,NA,0.0001001770778581681,0.09667088013313221,72.09146648398465,True,3.4750162691470714,SOURCE_NATIVE_STRESS_SUPPORT_ONLY,2.6041935227785658,1.77e-15
12344852141.660334,1471806030.0271127,0.015251875958830183,1525187.5958830183,False,0.0075097174136937945,VACA_PUB_FACTORIAL_PHI_MED_K_MAX,SYNTHETIC_WITHIN_SOURCE_SENSITIVITY,FIXED_DOSE_MASS_CONSERVING_PRIMARY,3.061241201154381,0.02,0.0,15.896328415210002,0.0,closed_form_and_reduced_preflight_not_an_openfoam_result,1.984126984126984e-05,0.28,exact_piecewise_linear_positive_driving_pressure_integral,900000.0,false,6.083278541952441e-13,0.005361111111111112,VACA_C1_PUBLISHED,NA,0.0006114936218758532,0.5900913451101983,72.09146648398465,True,3.1290273165269595,SOURCE_NATIVE_STRESS_SUPPORT_ONLY,15.896328415210002,1.77e-15
160532969828.76675,19139426726.285732,0.19833602825166566,19833602.825166564,False,0.008448432090405517,VACA_PUB_FACTORIAL_PHI_MAX_K_MIN,SYNTHETIC_WITHIN_SOURCE_SENSITIVITY,FIXED_DOSE_MASS_CONSERVING_PRIMARY,4.0405018652713025,0.019999999999999997,0.0,1.1779780268469513,-3.469446951953614e-18,closed_form_and_reduced_preflight_not_an_openfoam_result,2.2321428571428568e-05,0.36,exact_piecewise_linear_positive_driving_pressure_integral,900000.0,false,5.262739547780793e-14,0.007754464285714284,VACA_C1_PUBLISHED,NA,4.702335199851919e-05,0.04537753467857102,72.09146648398465,True,4.921995324167594,SOURCE_NATIVE_STRESS_SUPPORT_ONLY,1.1779780268469513,1.77e-15
84773865665.18358,10107102559.265198,0.1047368140856497,10473681.40856497,False,0.008448432090405517,VACA_PUB_FACTORIAL_PHI_MAX_K_MED,SYNTHETIC_WITHIN_SOURCE_SENSITIVITY,FIXED_DOSE_MASS_CONSERVING_PRIMARY,4.0405018652713025,0.019999999999999997,0.0,2.2306911399987803,-3.469446951953614e-18,closed_form_and_reduced_preflight_not_an_openfoam_result,2.2321428571428568e-05,0.36,exact_piecewise_linear_positive_driving_pressure_integral,900000.0,false,9.965845044477272e-14,0.007754464285714284,VACA_C1_PUBLISHED,NA,8.904629142948277e-05,0.08592967122945087,72.09146648398465,True,4.505998816763079,SOURCE_NATIVE_STRESS_SUPPORT_ONLY,2.2306911399987803,1.77e-15
13887958659.367872,1655781783.7805014,0.017158360453683952,1715836.0453683953,False,0.008448432090405517,VACA_PUB_FACTORIAL_PHI_MAX_K_MAX,SYNTHETIC_WITHIN_SOURCE_SENSITIVITY,FIXED_DOSE_MASS_CONSERVING_PRIMARY,4.0405018652713025,0.019999999999999997,0.0,13.61642237574022,-3.469446951953614e-18,closed_form_and_reduced_preflight_not_an_openfoam_result,2.2321428571428568e-05,0.36,exact_piecewise_linear_positive_driving_pressure_integral,900000.0,false,6.083278541952441e-13,0.007754464285714284,VACA_C1_PUBLISHED,NA,0.0005435498861118697,0.5245256400979542,72.09146648398465,True,4.116761245065454,SOURCE_NATIVE_STRESS_SUPPORT_ONLY,13.61642237574022,1.77e-15
1502062875590.8003,179082355333.66772,1.8557757029395616,185577570.29395616,False,0.007114469128762541,VACA_EWP_FACTORIAL_PHI_MIN_K_MIN,SYNTHETIC_WITHIN_SOURCE_SENSITIVITY,FIXED_DOSE_MASS_CONSERVING_PRIMARY,2.6844550508012492,0.02,0.0,0.13247285442598294,0.0,closed_form_and_reduced_preflight_not_an_openfoam_result,1.8796992481203007e-05,0.24,exact_piecewise_linear_positive_driving_pressure_integral,900000.0,false,4.736465593002714e-15,0.004353383458646616,VACA_C1_EWP_MU,NA,5.025620744841738e-06,0.004849724018772277,72.09146648398465,True,10.93234706386597,SOURCE_NATIVE_STRESS_SUPPORT_ONLY,0.13247285442598294,1.77e-15
793205760609.9049,94569380671.48723,0.9799935820879505,97999358.20879506,False,0.007114469128762541,VACA_EWP_FACTORIAL_PHI_MIN_K_MED,SYNTHETIC_WITHIN_SOURCE_SENSITIVITY,FIXED_DOSE_MASS_CONSERVING_PRIMARY,2.6844550508012492,0.02,0.0,0.2508586882977419,0.0,closed_form_and_reduced_preflight_not_an_openfoam_result,1.8796992481203007e-05,0.24,exact_piecewise_linear_positive_driving_pressure_integral,900000.0,false,8.969260540029545e-15,0.004353383458646616,VACA_C1_EWP_MU,NA,9.51682239652597e-06,0.009183733612647562,72.09146648398465,True,7.039982082303252,SOURCE_NATIVE_STRESS_SUPPORT_ONLY,0.2508586882977419,1.77e-15
129945812017.47717,15492695052.916975,0.16054606272452823,16054606.272452824,False,0.007114469128762541,VACA_EWP_FACTORIAL_PHI_MIN_K_MAX,SYNTHETIC_WITHIN_SOURCE_SENSITIVITY,FIXED_DOSE_MASS_CONSERVING_PRIMARY,2.6844550508012492,0.02,0.0,1.531273332841624,0.0,closed_form_and_reduced_preflight_not_an_openfoam_result,1.8796992481203007e-05,0.24,exact_piecewise_linear_positive_driving_pressure_integral,900000.0,false,5.4749506877571975e-14,0.004353383458646616,VACA_C1_EWP_MU,NA,5.8091894078206066e-05,0.05605867778546885,72.09146648398465,True,3.397993107354708,SOURCE_NATIVE_STRESS_SUPPORT_ONLY,1.531273332841624,1.77e-15
1585510813123.6226,189031375074.42706,1.958874353102871,195887435.3102871,False,0.0075097174136937945,VACA_EWP_FACTORIAL_PHI_MED_K_MIN,SYNTHETIC_WITHIN_SOURCE_SENSITIVITY,FIXED_DOSE_MASS_CONSERVING_PRIMARY,3.061241201154381,0.02,0.0,0.12376946423621805,0.0,closed_form_and_reduced_preflight_not_an_openfoam_result,1.984126984126984e-05,0.28,exact_piecewise_linear_positive_driving_pressure_integral,900000.0,false,4.736465593002714e-15,0.005361111111111112,VACA_C1_EWP_MU,NA,4.7611143898500675e-06,0.004594475386205315,72.09146648398465,True,11.767349437167141,SOURCE_NATIVE_STRESS_SUPPORT_ONLY,0.12376946423621805,1.77e-15
837272747310.4552,99823235153.23654,1.0344376699817257,103443766.99817257,False,0.0075097174136937945,VACA_EWP_FACTORIAL_PHI_MED_K_MED,SYNTHETIC_WITHIN_SOURCE_SENSITIVITY,FIXED_DOSE_MASS_CONSERVING_PRIMARY,3.061241201154381,0.02,0.0,0.2343774170500709,0.0,closed_form_and_reduced_preflight_not_an_openfoam_result,1.984126984126984e-05,0.28,exact_piecewise_linear_positive_driving_pressure_integral,900000.0,false,8.969260540029545e-15,0.005361111111111112,VACA_C1_EWP_MU,NA,9.01593700723513e-06,0.0087003792119819,72.09146648398465,True,7.658741956628718,SOURCE_NATIVE_STRESS_SUPPORT_ONLY,0.2343774170500709,1.77e-15
137165023796.22592,16353400333.634586,0.16946528843144648,16946528.843144648,False,0.0075097174136937945,VACA_EWP_FACTORIAL_PHI_MED_K_MAX,SYNTHETIC_WITHIN_SOURCE_SENSITIVITY,FIXED_DOSE_MASS_CONSERVING_PRIMARY,3.061241201154381,0.02,0.0,1.4306695573689003,0.0,closed_form_and_reduced_preflight_not_an_openfoam_result,1.984126984126984e-05,0.28,exact_piecewise_linear_positive_driving_pressure_integral,900000.0,false,5.4749506877571975e-14,0.005361111111111112,VACA_C1_EWP_MU,NA,5.5034425968826796e-05,0.05310822105991786,72.09146648398465,True,3.8144202608496984,SOURCE_NATIVE_STRESS_SUPPORT_ONLY,1.4306695573689003,1.77e-15
1783699664764.075,212660296958.73038,2.203733647240729,220373364.7240729,False,0.008448432090405517,VACA_EWP_FACTORIAL_PHI_MAX_K_MIN,SYNTHETIC_WITHIN_SOURCE_SENSITIVITY,FIXED_DOSE_MASS_CONSERVING_PRIMARY,4.0405018652713025,0.019999999999999997,0.0,0.10601802241622561,-3.469446951953614e-18,closed_form_and_reduced_preflight_not_an_openfoam_result,2.2321428571428568e-05,0.36,exact_piecewise_linear_positive_driving_pressure_integral,900000.0,false,4.736465593002714e-15,0.007754464285714284,VACA_C1_EWP_MU,NA,4.232101679866728e-06,0.004083978121071392,72.09146648398465,True,13.834873630785657,SOURCE_NATIVE_STRESS_SUPPORT_ONLY,0.10601802241622561,1.77e-15
941931840724.262,112301139547.39107,1.163742378729441,116374237.8729441,False,0.008448432090405517,VACA_EWP_FACTORIAL_PHI_MAX_K_MED,SYNTHETIC_WITHIN_SOURCE_SENSITIVITY,FIXED_DOSE_MASS_CONSERVING_PRIMARY,4.0405018652713025,0.019999999999999997,0.0,0.20076220259989022,-3.469446951953614e-18,closed_form_and_reduced_preflight_not_an_openfoam_result,2.2321428571428568e-05,0.36,exact_piecewise_linear_positive_driving_pressure_integral,900000.0,false,8.969260540029545e-15,0.007754464285714284,VACA_C1_EWP_MU,NA,8.01416622865345e-06,0.007733670410650579,72.09146648398465,True,9.21269021517993,SOURCE_NATIVE_STRESS_SUPPORT_ONLY,0.20076220259989022,1.77e-15
154310651770.75412,18397575375.338905,0.19064844948537726,19064844.948537726,False,0.008448432090405517,VACA_EWP_FACTORIAL_PHI_MAX_K_MAX,SYNTHETIC_WITHIN_SOURCE_SENSITIVITY,FIXED_DOSE_MASS_CONSERVING_PRIMARY,4.0405018652713025,0.019999999999999997,0.0,1.2254780138166197,-3.469446951953614e-18,closed_form_and_reduced_preflight_not_an_openfoam_result,2.2321428571428568e-05,0.36,exact_piecewise_linear_positive_driving_pressure_integral,900000.0,false,5.4749506877571975e-14,0.007754464285714284,VACA_C1_EWP_MU,NA,4.891948975006827e-05,0.04720730760881588,72.09146648398465,True,4.887828307428535,SOURCE_NATIVE_STRESS_SUPPORT_ONLY,1.2254780138166197,1.77e-15
