model_id,model_family,scientific_structure,implementation_path,analytes,required_inputs,calibration_data,evaluation_data,fitted_parameters,parameter_count,hyperparameters,inventory_treatment,March_target_access_before_freeze,target_specific_fit,privilege_class,eligible_primary_ranking,eligible_secondary_ranking,maximum_claim,notes
BASELINE-POOL-ANALYTE,empirical,analyte pooled shape,analysis/xsv_pannusch_multimodel_001/run.py,caffeine;trigonelline,analyte,FIT only,March after freeze,6 simplex shares,5,none,scale reduced,false,false,CALIBRATION_ONLY_GLOBAL_FIT,true,true,grouped fraction-shape prediction,primary baseline
BASELINE-POOL-UNIVERSAL,empirical,one universal shape,analysis/xsv_pannusch_multimodel_001/run.py,caffeine;trigonelline,none,FIT only,March after freeze,6 simplex shares,5,none,scale reduced,false,false,CALIBRATION_ONLY_GLOBAL_FIT,true,true,grouped fraction-shape prediction,H0 species model
BASELINE-NEAREST-CONDITION,empirical,nearest source-input condition,analysis/xsv_pannusch_multimodel_001/run.py,caffeine;trigonelline,temperature;flow;grind;intervention,FIT only,March after freeze,condition profiles,5 per analyte,standardized Euclidean,scale reduced,false,false,CALIBRATION_ONLY_GLOBAL_FIT,true,true,grouped fraction-shape prediction,no target-defined distance
BASELINE-COMPOSITIONAL-RIDGE,empirical,sqrt-share ridge response,analysis/xsv_pannusch_multimodel_001/run.py,caffeine;trigonelline,temperature;flow;grind;intervention,FIT only,March after freeze,ridge coefficients,84,alpha nested,scale reduced,false,false,CALIBRATION_ONLY_NESTED_FIT,true,true,grouped fraction-shape prediction,square and renormalize
MODEL-ONE-TIMESCALE,reduced kinetic,first-order cumulative trajectory,analysis/xsv_pannusch_multimodel_001/run.py,caffeine;trigonelline,fraction mass coordinate,FIT only,March after freeze,k per analyte,2,bounded least squares,scale reduced,false,false,CALIBRATION_ONLY_GLOBAL_FIT,true,true,reduced kinetic prediction,no shot fit
MODEL-TWO-TIMESCALE,reduced kinetic,biexponential cumulative trajectory,analysis/xsv_pannusch_multimodel_001/run.py,caffeine;trigonelline,fraction mass coordinate,FIT only,March after freeze,w;k_fast;k_slow per analyte,6,bounded nested comparison,scale reduced,false,false,CALIBRATION_ONLY_NESTED_FIT,true,true,reduced kinetic prediction,no condition proliferation
MODEL-PANNUSCH-FIXED,mechanistic,published two-grain source model,Puckworks puckworks/models/pannusch2024/solver.py,caffeine;trigonelline,temperature;flow;grind;fraction time,FIT source reconstruction,March after freeze,published frozen parameters,0,none,"0.01x;0.1x;1.0x sensitivity",false,false,FIXED_PUBLISHED,true,true,source-internal fixed-parameter prediction,source and port one model
MODEL-SPECIES-PARTIAL-POOL,empirical,shared ridge plus regularized analyte deviations,analysis/xsv_pannusch_multimodel_001/run.py,caffeine;trigonelline,temperature;flow;grind;analyte,FIT only,March after freeze,shared and deviation coefficients,84,partial-pooling alpha nested,scale reduced,false,false,CALIBRATION_ONLY_NESTED_FIT,true,true,species-structure evidence,no molecular interaction claim
MODEL-EWP-FIXED,mechanistic,current unchanged EWP extraction,solver/espressoWholePullFoam,caffeine;trigonelline,temperature;prescribed flow;grind mapping,FIT only,eligible March after freeze,production fixed plus training inventory,0,inventory grid,"0.01x;0.1x;1.0x",false,false,TRAINING_ONLY_INVENTORY_SELECTION,false,true,component evidence,BLOCKED_MODEL_CAPABILITY: no non-target-derived source-grind-to-EWP permeability/geometry mapping
