run_order,run_id,execution,binding_disposition,run_record_sha256,velocity_sha256,log_sha256,retained_record_class
1,H-A0-S42-X-MID,CUDA_FLOAT64,PASS,03bc4b85212fcf9f895fc3d6dcf821d62a973926ba806465410aead5ec81b9b9,7ba03c69e492a7f61302eaa9fd3cb29b7970b7378a1fc715797df92745ecf724,94d6f17fc6a6759f9b22ab073d8ae9b5eda5ffbc4d697406182f1bad087607f4,SUCCESSFUL_RUN_RECORD_NOT_PROCESS_ATTEMPT_LEDGER
2,H-A0-S1729-X-MID,CUDA_FLOAT64,PASS,107d50f58c5b5afd9e4968823b158cfa8c329973fc7b169debacdd24cd5a43b2,5d29420ca50f589e92ae45d15bb596f84e5992effdcc0a936168df89259b310b,ed82ece7ac6c3b5c250a424e439e1bba88ab6f2d929a4f381e178c15870f5127,SUCCESSFUL_RUN_RECORD_NOT_PROCESS_ATTEMPT_LEDGER
3,H-A0-S20260805-X-MID,CUDA_FLOAT64,PASS,dc83faebf93b5d146a904322401676cb1602adbe06e04647f094337b890856ed,fcf0f9dd5eb15768066715d8bd18b65953a49eeb92c1db69ee1192b080863f65,bfcafa3c7b62ea86743c09fd48f62cf9eb626dacb31c805fd0d7aa6ced53bfd3,SUCCESSFUL_RUN_RECORD_NOT_PROCESS_ATTEMPT_LEDGER
4,H-A1-S42-X-MID,CUDA_FLOAT64,PASS,c8e1e9fa709adbab5ccf51e6c543e885bdbeda0ad3ddd34a50cff148b06ade64,26c688f17720b7242251584879183923f6967900e803800b4e139870e26dd1d5,bc14d460e14ec19f23d0fc526b53110cb3a294919a52f9417ccc89df939ecfbf,SUCCESSFUL_RUN_RECORD_NOT_PROCESS_ATTEMPT_LEDGER
5,H-A1-S1729-X-MID,CUDA_FLOAT64,PASS,41d942605f8aa584cc7239891976beef10ddf3f8f2a735bb7aac2b23310ec082,326af05281b465112c1bee326e2509974823eb16b73b77f394d01bf361c3538b,597091f9560d95c7ee909a583caae7a64a892dab95181300ea91b2e2d9399015,SUCCESSFUL_RUN_RECORD_NOT_PROCESS_ATTEMPT_LEDGER
6,H-A1-S20260805-X-MID,CUDA_FLOAT64,PASS,a35a0b83784568bbf05126355639b870ca746ed331345ff90709174392ae1488,45de761387f30d7cc6b7a08a21f9aebc2c137b26e1f3315b78f8c129c3bfd134,cbf41ffd7cc7924175664ede1c82371e65f85c6a0e35af242a0b0571e32417d1,SUCCESSFUL_RUN_RECORD_NOT_PROCESS_ATTEMPT_LEDGER
7,H-A2-S42-X-MID,CUDA_FLOAT64,PASS,018f71b2407a247b26b04673af60d0026ffc00cc632025afa7ac42c48db66258,270e4d3a97eb226b36aba4237a2e538ac4c9002a466a8135a53281a1eea21b40,9542f6c1eb47f2983e88161625168f5b3ce1f2fa9aa07105df40ca6b363fe1bc,SUCCESSFUL_RUN_RECORD_NOT_PROCESS_ATTEMPT_LEDGER
8,H-A2-S1729-X-MID,CUDA_FLOAT64,PASS,76f350333923e665d9708d02e3646bbe71a5092196e3424028b096d571d0eaaa,0378df7479d7658b8db7c920038f469f3fb2795e7eabaf7c4cc74c7e49e5f564,9dc18eb0e25ca36b44f8041f140ccf1c539bd0279da3d476198c8929156714bc,SUCCESSFUL_RUN_RECORD_NOT_PROCESS_ATTEMPT_LEDGER
9,H-A2-S20260805-X-MID,CUDA_FLOAT64,PASS,bdd8476a9ce90cc1a53bd03fa0fb4c477ace0df11f5b7e7c67029d302b444a1f,8a06e25b9ebebdb27c514064f72f3b9c696e05f5411a2b3133006077f4f4616b,c543623512760bef75b0a6e48115d1cfb1fb80dad89d3e4ac02eee68c00728dd,SUCCESSFUL_RUN_RECORD_NOT_PROCESS_ATTEMPT_LEDGER
10,C05-X-MID,CUDA_FLOAT64,PASS,0edd2efa815c4be3f0aa801b5810e95cb15082c93fa33c7bce6e5c2b7cde95a6,5c6ecb813d3025bf9e5eb4228e473e296abe1c365431cc40191889a2e4bd11a1,4bb5fd78f6d4c47c457fbfa55769d056982176e87e8a7ac49aa7d9ee0f232f39,SUCCESSFUL_RUN_RECORD_NOT_PROCESS_ATTEMPT_LEDGER
11,C15-X-MID,CUDA_FLOAT64,PASS,80b90fcd4b0f0d03d32cd3249e640198200f93098db89c76308343ceb7a0beea,149b1fabe5a7dde323770b0aee3ec5c68bedaf24e1c570ddde0deeb0fdf20b08,3bc45a3975df9ba42c8a5b73c3e5a15d759c2aa311e4e4de2595d870404878be,SUCCESSFUL_RUN_RECORD_NOT_PROCESS_ATTEMPT_LEDGER
12,C30-X-MID,CUDA_FLOAT64,PASS,1dca4033414e0e1cfa0f5bfc6365a0c67f9e2a299ddb719d770269d18aae1bea,b5c0d7f5c2b1cff719b155ab911b6a1200cb16dc12d0612b1b5e42affc1b8d88,978d879a2c0ed169acd2f5d93c428ea99cff782a29f8a9dd1180ec9546c45bb6,SUCCESSFUL_RUN_RECORD_NOT_PROCESS_ATTEMPT_LEDGER
13,H-A0-S42-Y-MID,CUDA_FLOAT64,PASS,36d3f43c9cc1f248f6f4bfca67ff391f93c04ddf9b87063edebc3a6c698258d0,3b221cc6019d7bb95c11e12665b173377a2e5a8a5ebca9b8d511121259392a7c,bdb1fd19ab36856c0ac5f033460017280b83d9712145c1306272d18a5caa1b0c,SUCCESSFUL_RUN_RECORD_NOT_PROCESS_ATTEMPT_LEDGER
14,H-A0-S42-Z-MID,CUDA_FLOAT64,PASS,a9e09ce2e476e895f4d603efeea7ee868050f4998251df64d2b60b75e6d7d02d,29d09e928a33482b722945fcdcecfd35d34e2d5e1e9b4f40eb3e3ef562746343,3d4cd18760c29f900d9eb7be2d17177b567e4bfad299f745586ca90873e19d8b,SUCCESSFUL_RUN_RECORD_NOT_PROCESS_ATTEMPT_LEDGER
15,H-A2-S42-Y-MID,CUDA_FLOAT64,PASS,11efe90dc88dc9fd727b69bf195906b6e52c5ca2d672eac3ffd184edf84ff639,d833501f46a075111169cc99de0fa41f68d85f0a043fcef63d40c221dce4c1fe,b06031b9d87602e12680fe08a3c0a95c04af2a4a66c9fec4deabb103d44bf523,SUCCESSFUL_RUN_RECORD_NOT_PROCESS_ATTEMPT_LEDGER
16,H-A2-S42-Z-MID,CUDA_FLOAT64,PASS,608d738ec95f2bb63015b9c7fc15e7684a6009f44bb5e73c63431eacd1970f39,37cd13677d65025c5a491619ea2e06a2e301b48fb094e36db5fd8a951ecffa4b,1c259f0391152e694e704d26f68db4bbe53bc9a3088f6e65bb787b61372e30b4,SUCCESSFUL_RUN_RECORD_NOT_PROCESS_ATTEMPT_LEDGER
17,C30-Y-MID,CUDA_FLOAT64,PASS,52a8e0fafd0de640d1615dc76b218bde345f3f2c4a71ee4477dca544e9cca40f,583aafb87aa06899204f86eb89efe1df2890cb2cdf0835d086f1641a23692041,3e6004a4b759a82b9b7b0ff07cc39ffe3f773df715f283b0dac29cebaa59375f,SUCCESSFUL_RUN_RECORD_NOT_PROCESS_ATTEMPT_LEDGER
18,C30-Z-MID,CUDA_FLOAT64,PASS,a32a3764217763647487618e195364d488b7f7408f8e09a8da01275c39cf91ba,eab85bb340d11fe0b236823ff7da1bbe3e6427b30635c4f0b8e2a1aa45c8f037,b788ff6ff7891ed663b7107cd118b955d1e3da2cf363851014ba1dca867429f6,SUCCESSFUL_RUN_RECORD_NOT_PROCESS_ATTEMPT_LEDGER
19,H-A2-S42-X-LOW,CUDA_FLOAT64,PASS,5eba2521e1293556d8e9d7b72613d355f7340648e732d20e754a5fa15d5f3822,24f9492c4d031e153d9fcf4a615bdc60e1f1243d40d29a7fb74cf775b83fe476,cca0d7cfd22efa69cd3a6bbde9b98792c12c70ceee900833c599de5578d7cfd9,SUCCESSFUL_RUN_RECORD_NOT_PROCESS_ATTEMPT_LEDGER
20,H-A2-S42-X-HIGH,CUDA_FLOAT64,PASS,6b62f9f015b93b98b88c2e2b965e9c296912dd17bfd60c0aff1a1a75c1579b58,c70e844ce3b731d1f56278d78cd9d2f3179ec7c3140cc15838ee049ef0ac1ce7,83c3f24e23ceb4bf97cbe443e521a54bcc2a5884bdb8f0cda9600b62c0848c96,SUCCESSFUL_RUN_RECORD_NOT_PROCESS_ATTEMPT_LEDGER
21,C30-X-LOW,CUDA_FLOAT64,PASS,f7b0fc6bf0dabda77edb889a31532d3ea10e437c95fa8aef7c424be1e7def228,fe2800f99774f22aedc777f60e191a2007b3e561f02c78ef09d733ca34f8f115,531becb8fffc1eff9b2e28cf1d56bafa387ff63003ab123baa2b1250741b3fa4,SUCCESSFUL_RUN_RECORD_NOT_PROCESS_ATTEMPT_LEDGER
22,C30-X-HIGH,CUDA_FLOAT64,PASS,e628406b681c66a980b72d6bb7630cdd736e92821c44f3fe7623fabb3881cf5f,9972324189b4b721de409a48a2528d5f9b2ec7e9084a43415d32131e0c53c00c,987847a7c10dc099985e2fbaf80bd77b31352d2acac5972582770c4de4d983cb,SUCCESSFUL_RUN_RECORD_NOT_PROCESS_ATTEMPT_LEDGER
