outer_fold,model_id,physical_unit_id,condition_id,line_pressure_bar,observed_flow_g_s,predicted_flow_g_s,error_g_s,squared_error_g_s2,training_scale_g_s
HYD-LOCO-1.0,HYD_B0_TRAINING_MEAN,WASZ-BREW-1-1,WASZ-COND-1.0,0.9575,0.07669,1.61466705,1.53797705,2.365373406326703,1.6662024999999998
HYD-LOCO-1.0,HYD_B0_TRAINING_MEAN,WASZ-BREW-1-2,WASZ-COND-1.0,1.4195,0.11728,1.61466705,1.49738705,2.242167977507702,1.6662024999999998
HYD-LOCO-1.0,HYD_B0_TRAINING_MEAN,WASZ-BREW-1-3,WASZ-COND-1.0,0.962,0.11990,1.61466705,1.49476705,2.234328533765703,1.6662024999999998
HYD-LOCO-1.0,HYD_B0_TRAINING_MEAN,WASZ-BREW-1-4,WASZ-COND-1.0,0.962,0.11554,1.61466705,1.49912705,2.2473819120417025,1.6662024999999998
HYD-LOCO-1.0,HYD_B0_TRAINING_MEAN,WASZ-BREW-1-5b,WASZ-COND-1.0,0.926,0.12603,1.61466705,1.48863705,2.216040266632702,1.6662024999999998
HYD-LOCO-1.0,HYD_B1_PRESSURE_QUADRATIC,WASZ-BREW-1-1,WASZ-COND-1.0,0.9575,0.07669,0.17762753612638857,0.10093753612638857,0.010188386199265998,1.6662024999999998
HYD-LOCO-1.0,HYD_B1_PRESSURE_QUADRATIC,WASZ-BREW-1-2,WASZ-COND-1.0,1.4195,0.11728,0.4041354086577664,0.28685540865776643,0.08228602547621418,1.6662024999999998
HYD-LOCO-1.0,HYD_B1_PRESSURE_QUADRATIC,WASZ-BREW-1-3,WASZ-COND-1.0,0.962,0.11990,0.17990363028087025,0.060003630280870246,0.003600435646883369,1.6662024999999998
HYD-LOCO-1.0,HYD_B1_PRESSURE_QUADRATIC,WASZ-BREW-1-4,WASZ-COND-1.0,0.962,0.11554,0.17990363028087025,0.06436363028087025,0.004142676902932557,1.6662024999999998
HYD-LOCO-1.0,HYD_B1_PRESSURE_QUADRATIC,WASZ-BREW-1-5b,WASZ-COND-1.0,0.926,0.12603,0.1616564030384835,0.035626403038483495,0.001269240593460466,1.6662024999999998
HYD-LOCO-1.0,HYD_E1_LUMPED_DARCY,WASZ-BREW-1-1,WASZ-COND-1.0,0.9575,0.07669,0.14528495725244284,0.06859495725244284,0.004705268160464461,1.6662024999999998
HYD-LOCO-1.0,HYD_E1_LUMPED_DARCY,WASZ-BREW-1-2,WASZ-COND-1.0,1.4195,0.11728,0.24473162629874423,0.12745162629874424,0.016243917046194753,1.6662024999999998
HYD-LOCO-1.0,HYD_E1_LUMPED_DARCY,WASZ-BREW-1-3,WASZ-COND-1.0,0.962,0.11990,0.14625394673203118,0.026353946732031175,0.0006945305083547366,1.6662024999999998
HYD-LOCO-1.0,HYD_E1_LUMPED_DARCY,WASZ-BREW-1-4,WASZ-COND-1.0,0.962,0.11554,0.14625394673203118,0.030713946732031178,0.0009433465238580487,1.6662024999999998
HYD-LOCO-1.0,HYD_E1_LUMPED_DARCY,WASZ-BREW-1-5b,WASZ-COND-1.0,0.926,0.12603,0.13850183720933273,0.012471837209332731,0.00015554672337609644,1.6662024999999998
HYD-LOCO-2.0,HYD_B0_TRAINING_MEAN,WASZ-BREW-2-2,WASZ-COND-2.0,2.00975,0.46689,1.5882946,1.1214046,1.25754827690116,1.9299269999999997
HYD-LOCO-2.0,HYD_B0_TRAINING_MEAN,WASZ-BREW-2-3,WASZ-COND-2.0,1.57175,0.33769,1.5882946,1.2506046,1.56401186554116,1.9299269999999997
HYD-LOCO-2.0,HYD_B0_TRAINING_MEAN,WASZ-BREW-2-4,WASZ-COND-2.0,2.00075,0.36591,1.5882946,1.2223846,1.49422411031716,1.9299269999999997
HYD-LOCO-2.0,HYD_B0_TRAINING_MEAN,WASZ-BREW-2-5,WASZ-COND-2.0,1.58225,0.32876,1.5882946,1.2595346,1.5864274085971601,1.9299269999999997
HYD-LOCO-2.0,HYD_B1_PRESSURE_QUADRATIC,WASZ-BREW-2-2,WASZ-COND-2.0,2.00975,0.46689,0.701484370595251,0.234594370595251,0.055034518714981974,1.9299269999999997
HYD-LOCO-2.0,HYD_B1_PRESSURE_QUADRATIC,WASZ-BREW-2-3,WASZ-COND-2.0,1.57175,0.33769,0.5077225925844975,0.1700325925844975,0.02891108254100571,1.9299269999999997
HYD-LOCO-2.0,HYD_B1_PRESSURE_QUADRATIC,WASZ-BREW-2-4,WASZ-COND-2.0,2.00075,0.36591,0.6976325399302039,0.3317225399302039,0.11003984349774572,1.9299269999999997
HYD-LOCO-2.0,HYD_B1_PRESSURE_QUADRATIC,WASZ-BREW-2-5,WASZ-COND-2.0,1.58225,0.32876,0.512518209830397,0.18375820983039698,0.033767079680072205,1.9299269999999997
HYD-LOCO-2.0,HYD_E1_LUMPED_DARCY,WASZ-BREW-2-2,WASZ-COND-2.0,2.00975,0.46689,0.37126378490938805,-0.09562621509061198,0.009144373012555987,1.9299269999999997
HYD-LOCO-2.0,HYD_E1_LUMPED_DARCY,WASZ-BREW-2-3,WASZ-COND-2.0,1.57175,0.33769,0.27717825258150697,-0.06051174741849302,0.003661671575639497,1.9299269999999997
HYD-LOCO-2.0,HYD_E1_LUMPED_DARCY,WASZ-BREW-2-4,WASZ-COND-2.0,2.00075,0.36591,0.36933117793523706,0.003421177935237052,1.1704458464552858e-05,1.9299269999999997
HYD-LOCO-2.0,HYD_E1_LUMPED_DARCY,WASZ-BREW-2-5,WASZ-COND-2.0,1.58225,0.32876,0.279434492404107,-0.04932550759589299,0.0024330056995924975,1.9299269999999997
HYD-LOCO-3.5,HYD_B0_TRAINING_MEAN,WASZ-BREW-3-5-3,WASZ-COND-3.5,3.491,1.23397,1.5204851833333333,0.28651518333333326,0.08209095028053356,1.9299269999999997
HYD-LOCO-3.5,HYD_B0_TRAINING_MEAN,WASZ-BREW-3-5-4,WASZ-COND-3.5,3.437,0.99928,1.5204851833333333,0.5212051833333333,0.2716548431335336,1.9299269999999997
HYD-LOCO-3.5,HYD_B0_TRAINING_MEAN,WASZ-BREW-3-5-5,WASZ-COND-3.5,3.40925,0.92547,1.5204851833333333,0.5950151833333333,0.3540430683972002,1.9299269999999997
HYD-LOCO-3.5,HYD_B1_PRESSURE_QUADRATIC,WASZ-BREW-3-5-3,WASZ-COND-3.5,3.491,1.23397,1.2503077872235975,0.016337787223597466,0.0002669232913635446,1.9299269999999997
HYD-LOCO-3.5,HYD_B1_PRESSURE_QUADRATIC,WASZ-BREW-3-5-4,WASZ-COND-3.5,3.437,0.99928,1.23168775581343,0.2324077558134301,0.05401336496223495,1.9299269999999997
HYD-LOCO-3.5,HYD_B1_PRESSURE_QUADRATIC,WASZ-BREW-3-5-5,WASZ-COND-3.5,3.40925,0.92547,1.22203915381164,0.29656915381163995,0.08795326299255216,1.9299269999999997
HYD-LOCO-3.5,HYD_E1_LUMPED_DARCY,WASZ-BREW-3-5-3,WASZ-COND-3.5,3.491,1.23397,0.6819204584462568,-0.5520495415537432,0.30475869632969804,1.9299269999999997
HYD-LOCO-3.5,HYD_E1_LUMPED_DARCY,WASZ-BREW-3-5-4,WASZ-COND-3.5,3.437,0.99928,0.6704692226776388,-0.3288107773223612,0.1081165272833354,1.9299269999999997
HYD-LOCO-3.5,HYD_E1_LUMPED_DARCY,WASZ-BREW-3-5-5,WASZ-COND-3.5,3.40925,0.92547,0.6645841879071668,-0.26088581209283324,0.0680614069513371,1.9299269999999997
HYD-LOCO-4.0,HYD_B0_TRAINING_MEAN,WASZ-BREW-4-1,WASZ-COND-4.0,4.07825,2.02873,1.45833045,-0.5703995499999999,0.32535564664020233,1.9299269999999997
HYD-LOCO-4.0,HYD_B0_TRAINING_MEAN,WASZ-BREW-4-1b,WASZ-COND-4.0,4.04375,1.50509,1.45833045,-0.04675954999999998,0.0021864555162024986,1.9299269999999997
HYD-LOCO-4.0,HYD_B0_TRAINING_MEAN,WASZ-BREW-4-2,WASZ-COND-4.0,4.1975,1.56031,1.45833045,-0.10197955000000003,0.010399828618202506,1.9299269999999997
HYD-LOCO-4.0,HYD_B0_TRAINING_MEAN,WASZ-BREW-4-2b,WASZ-COND-4.0,4.016,1.37026,1.45833045,0.08807045000000002,0.007756404163202504,1.9299269999999997
HYD-LOCO-4.0,HYD_B0_TRAINING_MEAN,WASZ-BREW-4-3,WASZ-COND-4.0,4.0835,1.64449,1.45833045,-0.18615954999999995,0.03465537805620248,1.9299269999999997
HYD-LOCO-4.0,HYD_B0_TRAINING_MEAN,WASZ-BREW-4-3b,WASZ-COND-4.0,4.0055,1.52562,1.45833045,-0.06728954999999992,0.004527883539202489,1.9299269999999997
HYD-LOCO-4.0,HYD_B0_TRAINING_MEAN,WASZ-BREW-4-4,WASZ-COND-4.0,4.115,1.89730,1.45833045,-0.43896954999999993,0.19269426582720245,1.9299269999999997
HYD-LOCO-4.0,HYD_B0_TRAINING_MEAN,WASZ-BREW-4-4b,WASZ-COND-4.0,4.06925,1.73456,1.45833045,-0.27622955000000005,0.07630276429320253,1.9299269999999997
HYD-LOCO-4.0,HYD_B0_TRAINING_MEAN,WASZ-BREW-4-5,WASZ-COND-4.0,4.1075,1.86664,1.45833045,-0.40830955,0.1667166886212025,1.9299269999999997
HYD-LOCO-4.0,HYD_B0_TRAINING_MEAN,WASZ-BREW-4-5b,WASZ-COND-4.0,4.0535,1.61154,1.45833045,-0.15320954999999992,0.023473166211202476,1.9299269999999997
HYD-LOCO-4.0,HYD_B1_PRESSURE_QUADRATIC,WASZ-BREW-4-1,WASZ-COND-4.0,4.07825,2.02873,1.3694540965140125,-0.6592759034859874,0.434644716917265,1.9299269999999997
HYD-LOCO-4.0,HYD_B1_PRESSURE_QUADRATIC,WASZ-BREW-4-1b,WASZ-COND-4.0,4.04375,1.50509,1.3589266626541967,-0.14616333734580333,0.021363721184063107,1.9299269999999997
HYD-LOCO-4.0,HYD_B1_PRESSURE_QUADRATIC,WASZ-BREW-4-2,WASZ-COND-4.0,4.1975,1.56031,1.4052175936598803,-0.15509240634011978,0.024053654504368825,1.9299269999999997
HYD-LOCO-4.0,HYD_B1_PRESSURE_QUADRATIC,WASZ-BREW-4-2b,WASZ-COND-4.0,4.016,1.37026,1.350400076747707,-0.019859923252293132,0.00039441655158697344,1.9299269999999997
HYD-LOCO-4.0,HYD_B1_PRESSURE_QUADRATIC,WASZ-BREW-4-3,WASZ-COND-4.0,4.0835,1.64449,1.3710489856961083,-0.27344101430389167,0.07476998830354109,1.9299269999999997
HYD-LOCO-4.0,HYD_B1_PRESSURE_QUADRATIC,WASZ-BREW-4-3b,WASZ-COND-4.0,4.0055,1.52562,1.3471601144802272,-0.17845988551977277,0.0318479307397304,1.9299269999999997
HYD-LOCO-4.0,HYD_B1_PRESSURE_QUADRATIC,WASZ-BREW-4-4,WASZ-COND-4.0,4.115,1.89730,1.380578871410166,-0.5167211285898339,0.26700072473115166,1.9299269999999997
HYD-LOCO-4.0,HYD_B1_PRESSURE_QUADRATIC,WASZ-BREW-4-4b,WASZ-COND-4.0,4.06925,1.73456,1.3667156302881924,-0.3678443697118077,0.13530948032867704,1.9299269999999997
HYD-LOCO-4.0,HYD_B1_PRESSURE_QUADRATIC,WASZ-BREW-4-5,WASZ-COND-4.0,4.1075,1.86664,1.3783159850162097,-0.4883240149837904,0.23846034360988916,1.9299269999999997
HYD-LOCO-4.0,HYD_B1_PRESSURE_QUADRATIC,WASZ-BREW-4-5b,WASZ-COND-4.0,4.0535,1.61154,1.3619100304186071,-0.24962996958139283,0.06231512171320711,1.9299269999999997
HYD-LOCO-4.0,HYD_E1_LUMPED_DARCY,WASZ-BREW-4-1,WASZ-COND-4.0,4.07825,2.02873,0.7906477681535762,-1.2380822318464237,1.5328476128138218,1.9299269999999997
HYD-LOCO-4.0,HYD_E1_LUMPED_DARCY,WASZ-BREW-4-1b,WASZ-COND-4.0,4.04375,1.50509,0.7834803361038212,-0.7216096638961789,0.5207205070283563,1.9299269999999997
HYD-LOCO-4.0,HYD_E1_LUMPED_DARCY,WASZ-BREW-4-2,WASZ-COND-4.0,4.1975,1.56031,0.8154193282825872,-0.7448906717174129,0.5548621128116186,1.9299269999999997
HYD-LOCO-4.0,HYD_E1_LUMPED_DARCY,WASZ-BREW-4-2b,WASZ-COND-4.0,4.016,1.37026,0.7777149614412338,-0.5925450385587663,0.3511096227206098,1.9299269999999997
HYD-LOCO-4.0,HYD_E1_LUMPED_DARCY,WASZ-BREW-4-3,WASZ-COND-4.0,4.0835,1.64449,0.7917384321626741,-0.8527515678373259,0.7271852364490173,1.9299269999999997
HYD-LOCO-4.0,HYD_E1_LUMPED_DARCY,WASZ-BREW-4-3b,WASZ-COND-4.0,4.0055,1.52562,0.7755334065586794,-0.7500865934413206,0.5626298976604049,1.9299269999999997
HYD-LOCO-4.0,HYD_E1_LUMPED_DARCY,WASZ-BREW-4-4,WASZ-COND-4.0,4.115,1.89730,0.7982822379563004,-1.0990177620436996,1.2078400412875419,1.9299269999999997
HYD-LOCO-4.0,HYD_E1_LUMPED_DARCY,WASZ-BREW-4-4b,WASZ-COND-4.0,4.06925,1.73456,0.7887780386954546,-0.9457819613045455,0.8945035183290728,1.9299269999999997
HYD-LOCO-4.0,HYD_E1_LUMPED_DARCY,WASZ-BREW-4-5,WASZ-COND-4.0,4.1075,1.86664,0.796724216779694,-1.0699157832203061,1.144719783183921,1.9299269999999997
HYD-LOCO-4.0,HYD_E1_LUMPED_DARCY,WASZ-BREW-4-5b,WASZ-COND-4.0,4.0535,1.61154,0.7855059519351926,-0.8260340480648074,0.6823322485623325,1.9299269999999997
HYD-LOCO-5.0,HYD_B0_TRAINING_MEAN,WASZ-BREW-5-1,WASZ-COND-5.0,4.919,2.05655,1.42242325,-0.6341267500000001,0.4021167350655626,1.9299269999999997
HYD-LOCO-5.0,HYD_B0_TRAINING_MEAN,WASZ-BREW-5-2,WASZ-COND-5.0,4.97525,2.06798,1.42242325,-0.6455567499999999,0.4167435174705624,1.9299269999999997
HYD-LOCO-5.0,HYD_B0_TRAINING_MEAN,WASZ-BREW-5-3,WASZ-COND-5.0,4.98425,2.15813,1.42242325,-0.7357067499999999,0.5412644219955622,1.9299269999999997
HYD-LOCO-5.0,HYD_B0_TRAINING_MEAN,WASZ-BREW-5-4,WASZ-COND-5.0,4.90175,2.00099,1.42242325,-0.5785667499999998,0.33473948420556227,1.9299269999999997
HYD-LOCO-5.0,HYD_B0_TRAINING_MEAN,WASZ-BREW-5-5,WASZ-COND-5.0,4.90175,1.88398,1.42242325,-0.46155674999999996,0.21303463347056245,1.9299269999999997
HYD-LOCO-5.0,HYD_B1_PRESSURE_QUADRATIC,WASZ-BREW-5-1,WASZ-COND-5.0,4.919,2.05655,1.573919169915711,-0.4826308300842892,0.23293251814785004,1.9299269999999997
HYD-LOCO-5.0,HYD_B1_PRESSURE_QUADRATIC,WASZ-BREW-5-2,WASZ-COND-5.0,4.97525,2.06798,1.5873611882957528,-0.48061881170424714,0.23099444216400256,1.9299269999999997
HYD-LOCO-5.0,HYD_B1_PRESSURE_QUADRATIC,WASZ-BREW-5-3,WASZ-COND-5.0,4.98425,2.15813,1.5894927765966034,-0.5686372234033965,0.32334829183992425,1.9299269999999997
HYD-LOCO-5.0,HYD_B1_PRESSURE_QUADRATIC,WASZ-BREW-5-4,WASZ-COND-5.0,4.90175,2.00099,1.5697556391848535,-0.4312343608151463,0.1859630739476478,1.9299269999999997
HYD-LOCO-5.0,HYD_B1_PRESSURE_QUADRATIC,WASZ-BREW-5-5,WASZ-COND-5.0,4.90175,1.88398,1.5697556391848535,-0.3142243608151465,0.09873694892968736,1.9299269999999997
HYD-LOCO-5.0,HYD_E1_LUMPED_DARCY,WASZ-BREW-5-1,WASZ-COND-5.0,4.919,2.05655,0.9503846161533147,-1.1061653838466854,1.2236018564206848,1.9299269999999997
HYD-LOCO-5.0,HYD_E1_LUMPED_DARCY,WASZ-BREW-5-2,WASZ-COND-5.0,4.97525,2.06798,0.9618773750844412,-1.1061026249155588,1.2234630168450893,1.9299269999999997
HYD-LOCO-5.0,HYD_E1_LUMPED_DARCY,WASZ-BREW-5-3,WASZ-COND-5.0,4.98425,2.15813,0.9637161303544417,-1.1944138696455582,1.4266244920016764,1.9299269999999997
HYD-LOCO-5.0,HYD_E1_LUMPED_DARCY,WASZ-BREW-5-4,WASZ-COND-5.0,4.90175,2.00099,0.9468599842512049,-1.054130015748795,1.1111900901025547,1.9299269999999997
HYD-LOCO-5.0,HYD_E1_LUMPED_DARCY,WASZ-BREW-5-5,WASZ-COND-5.0,4.90175,1.88398,0.9468599842512049,-0.9371200157487951,0.878193923917022,1.9299269999999997
HYD-LOCO-6.0,HYD_B0_TRAINING_MEAN,WASZ-BREW-6-1,WASZ-COND-6.0,6.008,1.96328,1.42167435,-0.5416056499999999,0.29333668011192243,1.9224379999999996
HYD-LOCO-6.0,HYD_B0_TRAINING_MEAN,WASZ-BREW-6-2,WASZ-COND-6.0,5.97725,1.94945,1.42167435,-0.5277756499999999,0.2785471367329224,1.9224379999999996
HYD-LOCO-6.0,HYD_B0_TRAINING_MEAN,WASZ-BREW-6-3,WASZ-COND-6.0,6.0575,2.22997,1.42167435,-0.8082956499999998,0.6533418578089222,1.9224379999999996
HYD-LOCO-6.0,HYD_B0_TRAINING_MEAN,WASZ-BREW-6-4,WASZ-COND-6.0,6.0785,2.02783,1.42167435,-0.6061556499999998,0.3674246720269223,1.9224379999999996
HYD-LOCO-6.0,HYD_B0_TRAINING_MEAN,WASZ-BREW-6-5,WASZ-COND-6.0,5.90975,1.89954,1.42167435,-0.47786565000000003,0.22835557944992252,1.9224379999999996
HYD-LOCO-6.0,HYD_B0_TRAINING_MEAN,WASZ-BREW-6-6,WASZ-COND-6.0,5.9975,2.17602,1.42167435,-0.7543456499999999,0.5690373596739223,1.9224379999999996
HYD-LOCO-6.0,HYD_B1_PRESSURE_QUADRATIC,WASZ-BREW-6-1,WASZ-COND-6.0,6.008,1.96328,1.8335671409355374,-0.1297128590644625,0.016825425806677112,1.9224379999999996
HYD-LOCO-6.0,HYD_B1_PRESSURE_QUADRATIC,WASZ-BREW-6-2,WASZ-COND-6.0,5.97725,1.94945,1.8283921698513976,-0.12105783014860227,0.014654998240287837,1.9224379999999996
HYD-LOCO-6.0,HYD_B1_PRESSURE_QUADRATIC,WASZ-BREW-6-3,WASZ-COND-6.0,6.0575,2.22997,1.8417640686926073,-0.38820593130739245,0.15070384510223991,1.9224379999999996
HYD-LOCO-6.0,HYD_B1_PRESSURE_QUADRATIC,WASZ-BREW-6-4,WASZ-COND-6.0,6.0785,2.02783,1.8451917928539396,-0.18263820714606016,0.03335671470952718,1.9224379999999996
HYD-LOCO-6.0,HYD_B1_PRESSURE_QUADRATIC,WASZ-BREW-6-5,WASZ-COND-6.0,5.90975,1.89954,1.8168095766090397,-0.08273042339096026,0.006844322954447545,1.9224379999999996
HYD-LOCO-6.0,HYD_B1_PRESSURE_QUADRATIC,WASZ-BREW-6-6,WASZ-COND-6.0,5.9975,2.17602,1.8318072240705618,-0.344212775929438,0.11848243511304948,1.9224379999999996
HYD-LOCO-6.0,HYD_E1_LUMPED_DARCY,WASZ-BREW-6-1,WASZ-COND-6.0,6.008,1.96328,1.1734474023978692,-0.7898325976021308,0.6238355322349294,1.9224379999999996
HYD-LOCO-6.0,HYD_E1_LUMPED_DARCY,WASZ-BREW-6-2,WASZ-COND-6.0,5.97725,1.94945,1.1671702368767,-0.7822797631232998,0.611961627792246,1.9224379999999996
HYD-LOCO-6.0,HYD_E1_LUMPED_DARCY,WASZ-BREW-6-3,WASZ-COND-6.0,6.0575,2.22997,1.1835515272105113,-1.0464184727894885,1.0949916201950856,1.9224379999999996
HYD-LOCO-6.0,HYD_E1_LUMPED_DARCY,WASZ-BREW-6-4,WASZ-COND-6.0,6.0785,2.02783,1.1878379092377145,-0.8399920907622853,0.7055867125431954,1.9224379999999996
HYD-LOCO-6.0,HYD_E1_LUMPED_DARCY,WASZ-BREW-6-5,WASZ-COND-6.0,5.90975,1.89954,1.1533901236543898,-0.7461498763456103,0.5567396379705695,1.9224379999999996
HYD-LOCO-6.0,HYD_E1_LUMPED_DARCY,WASZ-BREW-6-6,WASZ-COND-6.0,5.9975,2.17602,1.1713040110771544,-1.0047159889228454,1.0094542183972113,1.9224379999999996
HYD-LOCO-7.0,HYD_B0_TRAINING_MEAN,WASZ-BREW-7-1,WASZ-COND-7.0,7.16225,1.99020,1.43215285,-0.5580471499999999,0.31141662162312245,1.9299269999999997
HYD-LOCO-7.0,HYD_B0_TRAINING_MEAN,WASZ-BREW-7-2,WASZ-COND-7.0,7.15325,1.84961,1.43215285,-0.41745714999999994,0.17427047208612245,1.9299269999999997
HYD-LOCO-7.0,HYD_B0_TRAINING_MEAN,WASZ-BREW-7-3,WASZ-COND-7.0,7.1435,1.92239,1.43215285,-0.49023715,0.2403324632401225,1.9299269999999997
HYD-LOCO-7.0,HYD_B0_TRAINING_MEAN,WASZ-BREW-7-4,WASZ-COND-7.0,7.1885,1.98272,1.43215285,-0.55056715,0.3031241866591225,1.9299269999999997
HYD-LOCO-7.0,HYD_B1_PRESSURE_QUADRATIC,WASZ-BREW-7-1,WASZ-COND-7.0,7.16225,1.99020,2.037586059280939,0.047386059280938975,0.002245438614176663,1.9299269999999997
HYD-LOCO-7.0,HYD_B1_PRESSURE_QUADRATIC,WASZ-BREW-7-2,WASZ-COND-7.0,7.15325,1.84961,2.036790861621143,0.18718086162114322,0.03503667495723357,1.9299269999999997
HYD-LOCO-7.0,HYD_B1_PRESSURE_QUADRATIC,WASZ-BREW-7-3,WASZ-COND-7.0,7.1435,1.92239,2.035922851126017,0.11353285112601696,0.01288970828480233,1.9299269999999997
HYD-LOCO-7.0,HYD_B1_PRESSURE_QUADRATIC,WASZ-BREW-7-4,WASZ-COND-7.0,7.1885,1.98272,2.0398722511171288,0.05715225111712874,0.0032663798077553433,1.9299269999999997
HYD-LOCO-7.0,HYD_E1_LUMPED_DARCY,WASZ-BREW-7-1,WASZ-COND-7.0,7.16225,1.99020,1.428375161049189,-0.5618248389508109,0.3156471496621046,1.9299269999999997
HYD-LOCO-7.0,HYD_E1_LUMPED_DARCY,WASZ-BREW-7-2,WASZ-COND-7.0,7.15325,1.84961,1.4265158638590947,-0.4230941361409053,0.1790086480368189,1.9299269999999997
HYD-LOCO-7.0,HYD_E1_LUMPED_DARCY,WASZ-BREW-7-3,WASZ-COND-7.0,7.1435,1.92239,1.4245015973574482,-0.49788840264255185,0.24789286148595183,1.9299269999999997
HYD-LOCO-7.0,HYD_E1_LUMPED_DARCY,WASZ-BREW-7-4,WASZ-COND-7.0,7.1885,1.98272,1.4337979712581728,-0.5489220287418273,0.30131539363804344,1.9299269999999997
HYD-LOCO-8.0,HYD_B0_TRAINING_MEAN,WASZ-BREW-8-1,WASZ-COND-8.0,7.9415,1.78422,1.44394985,-0.3402701499999998,0.11578377498102238,1.9299269999999997
HYD-LOCO-8.0,HYD_B0_TRAINING_MEAN,WASZ-BREW-8-1b,WASZ-COND-8.0,7.83575,1.78113,1.44394985,-0.33718015,0.1136904535540225,1.9299269999999997
HYD-LOCO-8.0,HYD_B0_TRAINING_MEAN,WASZ-BREW-8-2,WASZ-COND-8.0,8.00075,1.77573,1.44394985,-0.33178014999999994,0.11007806793402246,1.9299269999999997
HYD-LOCO-8.0,HYD_B0_TRAINING_MEAN,WASZ-BREW-8-3,WASZ-COND-8.0,8.0015,1.93196,1.44394985,-0.4880101499999998,0.23815390650302232,1.9299269999999997
HYD-LOCO-8.0,HYD_B1_PRESSURE_QUADRATIC,WASZ-BREW-8-1,WASZ-COND-8.0,7.9415,1.78422,2.1216512731704205,0.33743127317042054,0.11385986411341097,1.9299269999999997
HYD-LOCO-8.0,HYD_B1_PRESSURE_QUADRATIC,WASZ-BREW-8-1b,WASZ-COND-8.0,7.83575,1.78113,2.1178255689176284,0.3366955689176283,0.11336390612876539,1.9299269999999997
HYD-LOCO-8.0,HYD_B1_PRESSURE_QUADRATIC,WASZ-BREW-8-2,WASZ-COND-8.0,8.00075,1.77573,2.123432580145031,0.34770258014503086,0.1208970842395116,1.9299269999999997
HYD-LOCO-8.0,HYD_B1_PRESSURE_QUADRATIC,WASZ-BREW-8-3,WASZ-COND-8.0,8.0015,1.93196,2.123453461256502,0.19149346125650202,0.03666974570399544,1.9299269999999997
HYD-LOCO-8.0,HYD_E1_LUMPED_DARCY,WASZ-BREW-8-1,WASZ-COND-8.0,7.9415,1.78422,1.6179124274640344,-0.1663075725359655,0.02765820868280543,1.9299269999999997
HYD-LOCO-8.0,HYD_E1_LUMPED_DARCY,WASZ-BREW-8-1b,WASZ-COND-8.0,7.83575,1.78113,1.595700199395651,-0.1854298006043491,0.03438421095216867,1.9299269999999997
HYD-LOCO-8.0,HYD_E1_LUMPED_DARCY,WASZ-BREW-8-2,WASZ-COND-8.0,8.00075,1.77573,1.6303560200321954,-0.14537397996780466,0.02113359405167967,1.9299269999999997
HYD-LOCO-8.0,HYD_E1_LUMPED_DARCY,WASZ-BREW-8-3,WASZ-COND-8.0,8.0015,1.93196,1.6305135266156867,-0.3014464733843132,0.09086997631583944,1.9299269999999997
HYD-LOCO-9.0,HYD_B0_TRAINING_MEAN,WASZ-BREW-9-1,WASZ-COND-9.0,9.08225,1.97632,1.44161505,-0.5347049500000001,0.28590938355450257,1.9299269999999997
HYD-LOCO-9.0,HYD_B0_TRAINING_MEAN,WASZ-BREW-9-2,WASZ-COND-9.0,9.191,1.80849,1.44161505,-0.3668749499999999,0.13459722893750245,1.9299269999999997
HYD-LOCO-9.0,HYD_B0_TRAINING_MEAN,WASZ-BREW-9-3,WASZ-COND-9.0,9.0935,1.89745,1.44161505,-0.45583495000000007,0.20778550164150256,1.9299269999999997
HYD-LOCO-9.0,HYD_B0_TRAINING_MEAN,WASZ-BREW-9-4,WASZ-COND-9.0,9.134,1.84499,1.44161505,-0.4033749499999999,0.16271135028750242,1.9299269999999997
HYD-LOCO-9.0,HYD_B0_TRAINING_MEAN,WASZ-BREW-9-5,WASZ-COND-9.0,9.12125,1.68079,1.44161505,-0.23917495,0.0572046567075025,1.9299269999999997
HYD-LOCO-9.0,HYD_B1_PRESSURE_QUADRATIC,WASZ-BREW-9-1,WASZ-COND-9.0,9.08225,1.97632,2.104742688586592,0.128422688586592,0.01649238694380879,1.9299269999999997
HYD-LOCO-9.0,HYD_B1_PRESSURE_QUADRATIC,WASZ-BREW-9-2,WASZ-COND-9.0,9.191,1.80849,2.099296086249727,0.29080608624972726,0.0845681797998838,1.9299269999999997
HYD-LOCO-9.0,HYD_B1_PRESSURE_QUADRATIC,WASZ-BREW-9-3,WASZ-COND-9.0,9.0935,1.89745,2.104218867724853,0.2067688677248527,0.04275336466021763,1.9299269999999997
HYD-LOCO-9.0,HYD_B1_PRESSURE_QUADRATIC,WASZ-BREW-9-4,WASZ-COND-9.0,9.134,1.84499,2.1022574064947914,0.2572674064947915,0.0661865184445563,1.9299269999999997
HYD-LOCO-9.0,HYD_B1_PRESSURE_QUADRATIC,WASZ-BREW-9-5,WASZ-COND-9.0,9.12125,1.68079,2.102887683783371,0.4220976837833712,0.17816645465528683,1.9299269999999997
HYD-LOCO-9.0,HYD_E1_LUMPED_DARCY,WASZ-BREW-9-1,WASZ-COND-9.0,9.08225,1.97632,1.8915084963373374,-0.08481150366266266,0.007192991153521841,1.9299269999999997
HYD-LOCO-9.0,HYD_E1_LUMPED_DARCY,WASZ-BREW-9-2,WASZ-COND-9.0,9.191,1.80849,1.9147218992293347,0.10623189922933474,0.01128521641387153,1.9299269999999997
HYD-LOCO-9.0,HYD_E1_LUMPED_DARCY,WASZ-BREW-9-3,WASZ-COND-9.0,9.0935,1.89745,1.8939100661373232,-0.003539933862676925,1.2531131752126774e-05,1.9299269999999997
HYD-LOCO-9.0,HYD_E1_LUMPED_DARCY,WASZ-BREW-9-4,WASZ-COND-9.0,9.134,1.84499,1.9025553672690876,0.057565367269087675,0.0033137715088249506,1.9299269999999997
HYD-LOCO-9.0,HYD_E1_LUMPED_DARCY,WASZ-BREW-9-5,WASZ-COND-9.0,9.12125,1.68079,1.8998337574885227,0.21904375748852267,0.04798016769469073,1.9299269999999997
HYD-LOCO-11.0,HYD_B0_TRAINING_MEAN,WASZ-BREW-10-2,WASZ-COND-11.0,10.805,1.79613,1.44882785,-0.34730215,0.12061878339462248,1.9299269999999997
HYD-LOCO-11.0,HYD_B0_TRAINING_MEAN,WASZ-BREW-10-3,WASZ-COND-11.0,10.85,1.71774,1.44882785,-0.26891215,0.0723137444176225,1.9299269999999997
HYD-LOCO-11.0,HYD_B0_TRAINING_MEAN,WASZ-BREW-10-4,WASZ-COND-11.0,10.78175,1.76842,1.44882785,-0.3195921500000001,0.10213914234162255,1.9299269999999997
HYD-LOCO-11.0,HYD_B0_TRAINING_MEAN,WASZ-BREW-10-5,WASZ-COND-11.0,10.85075,1.79563,1.44882785,-0.34680215000000003,0.12027173124462252,1.9299269999999997
HYD-LOCO-11.0,HYD_B1_PRESSURE_QUADRATIC,WASZ-BREW-10-2,WASZ-COND-11.0,10.805,1.79613,1.9077370426643725,0.11160704266437249,0.012456131972287062,1.9299269999999997
HYD-LOCO-11.0,HYD_B1_PRESSURE_QUADRATIC,WASZ-BREW-10-3,WASZ-COND-11.0,10.85,1.71774,1.9004473258044996,0.18270732580449955,0.03338196690263155,1.9299269999999997
HYD-LOCO-11.0,HYD_B1_PRESSURE_QUADRATIC,WASZ-BREW-10-4,WASZ-COND-11.0,10.78175,1.76842,1.9114482456039017,0.1430282456039016,0.020457079040529996,1.9299269999999997
HYD-LOCO-11.0,HYD_B1_PRESSURE_QUADRATIC,WASZ-BREW-10-5,WASZ-COND-11.0,10.85075,1.79563,1.9003246379687138,0.1046946379687137,0.010960967219400028,1.9299269999999997
HYD-LOCO-11.0,HYD_E1_LUMPED_DARCY,WASZ-BREW-10-2,WASZ-COND-11.0,10.805,1.79613,2.3750636616023257,0.5789336616023257,0.3351641845362762,1.9299269999999997
HYD-LOCO-11.0,HYD_E1_LUMPED_DARCY,WASZ-BREW-10-3,WASZ-COND-11.0,10.85,1.71774,2.385128261812497,0.6673882618124969,0.44540709200510586,1.9299269999999997
HYD-LOCO-11.0,HYD_E1_LUMPED_DARCY,WASZ-BREW-10-4,WASZ-COND-11.0,10.78175,1.76842,2.369863313215319,0.601443313215319,0.36173405901142025,1.9299269999999997
HYD-LOCO-11.0,HYD_E1_LUMPED_DARCY,WASZ-BREW-10-5,WASZ-COND-11.0,10.85075,1.79563,2.385295998537913,0.5896659985379129,0.3477059898317139,1.9299269999999997
HYD-LOCO-13.0,HYD_B0_TRAINING_MEAN,WASZ-BREW-12-8-2,WASZ-COND-13.0,12.72275,1.55970,1.4653380166666667,-0.09436198333333334,0.00890418389860028,1.9299269999999997
HYD-LOCO-13.0,HYD_B0_TRAINING_MEAN,WASZ-BREW-12-8-3,WASZ-COND-13.0,12.734,1.64669,1.4653380166666667,-0.18135198333333324,0.03288854185893358,1.9299269999999997
HYD-LOCO-13.0,HYD_B0_TRAINING_MEAN,WASZ-BREW-12-8-4,WASZ-COND-13.0,12.839,1.56689,1.4653380166666667,-0.10155198333333315,0.010312805318933574,1.9299269999999997
HYD-LOCO-13.0,HYD_B0_TRAINING_MEAN,WASZ-BREW-12-8-5,WASZ-COND-13.0,12.9095,1.61952,1.4653380166666667,-0.15418198333333333,0.023772083984600276,1.9299269999999997
HYD-LOCO-13.0,HYD_B0_TRAINING_MEAN,WASZ-BREW-12-8-6,WASZ-COND-13.0,12.797,1.63244,1.4653380166666667,-0.16710198333333315,0.02792307283393355,1.9299269999999997
HYD-LOCO-13.0,HYD_B0_TRAINING_MEAN,WASZ-BREW-12-8-7,WASZ-COND-13.0,12.635,1.60103,1.4653380166666667,-0.1356919833333332,0.01841231434093358,1.9299269999999997
HYD-LOCO-13.0,HYD_B1_PRESSURE_QUADRATIC,WASZ-BREW-12-8-2,WASZ-COND-13.0,12.72275,1.55970,0.9025820247433618,-0.6571179752566383,0.43180403340538387,1.9299269999999997
HYD-LOCO-13.0,HYD_B1_PRESSURE_QUADRATIC,WASZ-BREW-12-8-3,WASZ-COND-13.0,12.734,1.64669,0.8974358902014536,-0.7492541097985463,0.5613817210500122,1.9299269999999997
HYD-LOCO-13.0,HYD_B1_PRESSURE_QUADRATIC,WASZ-BREW-12-8-4,WASZ-COND-13.0,12.839,1.56689,0.8488543968986919,-0.718035603101308,0.515575127321059,1.9299269999999997
HYD-LOCO-13.0,HYD_B1_PRESSURE_QUADRATIC,WASZ-BREW-12-8-5,WASZ-COND-13.0,12.9095,1.61952,0.8156769753690423,-0.8038430246309578,0.6461636082478467,1.9299269999999997
HYD-LOCO-13.0,HYD_B1_PRESSURE_QUADRATIC,WASZ-BREW-12-8-6,WASZ-COND-13.0,12.797,1.63244,0.8684064160432206,-0.7640335839567793,0.583747317413841,1.9299269999999997
HYD-LOCO-13.0,HYD_B1_PRESSURE_QUADRATIC,WASZ-BREW-12-8-7,WASZ-COND-13.0,12.635,1.60103,0.9423297928264986,-0.6587002071735013,0.43388596293041354,1.9299269999999997
HYD-LOCO-13.0,HYD_E1_LUMPED_DARCY,WASZ-BREW-12-8-2,WASZ-COND-13.0,12.72275,1.55970,3.083302419690881,1.5236024196908808,2.321364333287907,1.9299269999999997
HYD-LOCO-13.0,HYD_E1_LUMPED_DARCY,WASZ-BREW-12-8-3,WASZ-COND-13.0,12.734,1.64669,3.0860546906478703,1.4393646906478703,2.0717707126838394,1.9299269999999997
HYD-LOCO-13.0,HYD_E1_LUMPED_DARCY,WASZ-BREW-12-8-4,WASZ-COND-13.0,12.839,1.56689,3.1117394808097742,1.5448494808097744,2.3865599183582296,1.9299269999999997
HYD-LOCO-13.0,HYD_E1_LUMPED_DARCY,WASZ-BREW-12-8-5,WASZ-COND-13.0,12.9095,1.61952,3.1289818715595175,1.5094618715595174,2.278475141691961,1.9299269999999997
HYD-LOCO-13.0,HYD_E1_LUMPED_DARCY,WASZ-BREW-12-8-6,WASZ-COND-13.0,12.797,1.63244,3.1014662302914076,1.4690262302914077,2.1580380652841837,1.9299269999999997
HYD-LOCO-13.0,HYD_E1_LUMPED_DARCY,WASZ-BREW-12-8-7,WASZ-COND-13.0,12.635,1.60103,3.0618325210525654,1.4608025210525655,2.133944005513531,1.9299269999999997
