canonical_source_field,native_source_field_or_aliases,source_definition,source_unit,canonical_unit,achieved_or_commanded,sensor_source,measurement_location,time_basis,missingness_count,missingness_fraction,qualification_rule,ewp_target_quantity,mapping_class,conversion_formula,observation_operator,operator_closure_status,eligible_as_boundary_input,eligible_as_comparison_output,transfer_limitations,privacy_status,claim_limit
achieved_pressure,pressure__Pa,machine-reported achieved pressure,Pa,Pa,ACHIEVED,MACHINE_REPORTED,UNKNOWN,source trace,1004,0.04333462816694722,documented device and sensor family required,target_inlet_pressure_gauge_Pa,UNRESOLVED,NONE,ACHIEVED_PRESSURE_APPROXIMATION,OPEN,false,false,sensor location and calibration unresolved,AGGREGATE_ONLY,RECENT_PUBLIC_COHORT_BOUNDARY_DESCRIPTION_ONLY
commanded_pressure,pressure_goal__Pa,machine-reported pressure goal,Pa,Pa,COMMANDED,CONTROLLER_GOAL,UNKNOWN,source trace,1049,0.04527687858776814,documented controller family required,target_inlet_pressure_gauge_Pa,UNRESOLVED,NONE,COMMAND_SCENARIO_ONLY,OPEN,false,false,controller and integration identity unresolved,AGGREGATE_ONLY,RECENT_PUBLIC_COHORT_BOUNDARY_DESCRIPTION_ONLY
native_flow,flow_reported__native,semantically ambiguous native flow,native,NONE,NOT_APPLICABLE,MACHINE_REPORTED,UNKNOWN,source trace,1007,0.04346324830592516,never convert to SI,NONE,AMBIGUOUS_SEMANTICS_EXCLUDED,NONE,NONE,CLOSED,false,false,cannot distinguish inlet outlet volumetric or mass flow,AGGREGATE_PRESENCE_ONLY,NO_PHYSICAL_FLOW_CLAIM
scale_mass_flow,mass_flow_from_scale__kg_per_s,scale-derived beverage mass flow,kg/s,kg/s,ACHIEVED,SCALE,CUP_SCALE,source trace,2158,0.0931416970952566,post-first-drip qualified interval,outlet_mass_flow,REQUIRES_OBSERVATION_OPERATOR,NONE,EWP outlet volumetric flow times frozen density,OPEN,false,true,scale filtering delay and plumbing storage,AGGREGATE_ONLY,DESCRIPTIVE_OUTLET_HYDRAULIC_CONTEXT
cumulative_scale_mass,weight__kg,cumulative scale beverage mass,kg,kg,ACHIEVED,SCALE,CUP_SCALE,source trace,1085,0.0468298157011524,nonnegative and nondecreasing,NONE,DESCRIPTIVE_CONTEXT_ONLY,NONE,NONE,NOT_APPLICABLE,false,false,distinct from water dispensed,AGGREGATE_ONLY,RECENT_PUBLIC_COHORT_DESCRIPTOR
water_dispensed,water_dispensed__kg,machine-reported cumulative dispensed water,kg,kg,ACHIEVED,MACHINE,UPSTREAM_MACHINE_PATH,source trace,1566,0.06759031464456818,keep separate from cup scale mass,NONE,DESCRIPTIVE_CONTEXT_ONLY,NONE,NONE,NOT_APPLICABLE,false,false,not interchangeable with beverage mass,AGGREGATE_ONLY,RECENT_PUBLIC_COHORT_DESCRIPTOR
dose,dose__kg,source dry dose descriptor,kg,kg,NOT_APPLICABLE,RECIPE,NOT_APPLICABLE,shot scalar,0,0.0,finite positive,target_beverage_mass_kg,REQUIRES_OBSERVATION_OPERATOR,NONE,frozen EWP dry dose times aggregate beverage ratio,CLOSED,false,false,does not change EWP dry dose or geometry,AGGREGATE_ONLY,NORMALIZED_TARGET_DESCRIPTOR
temperature,temperature_mix__K,machine-reported temperature context,K,K,ACHIEVED,MACHINE_REPORTED,UNKNOWN,source trace,1053,0.04544866071043204,descriptive context only,NONE,DESCRIPTIVE_CONTEXT_ONLY,NONE,NONE,NOT_APPLICABLE,false,false,cannot alter EWP material properties,AGGREGATE_ONLY,DESCRIPTIVE_OPERATING_CONTEXT
permeability,NONE,no Visualizer direct permeability measurement,NONE,m2,NOT_APPLICABLE,NONE,NONE,NONE,23169,1.0,excluded from inference,hydraulics.saturated_permeability_m2,UNSUPPORTED_BY_CURRENT_EWP_BOUNDARY,NONE,NONE,CLOSED,false,false,no fitting transfer or inference,NOT_APPLICABLE,NO_PERMEABILITY_CLAIM
