case_id,geometry_id,family,L,voxel_um,seed,relation,parent_id,direction,force,precision,purpose,status,geometry_sha256,K_gross_lu2,K_void_lu2,q_box_lu,phi_gross,phi_connected_x,phi_connected_y,phi_connected_z,solid_fraction,specific_interfacial_area_lu,pore_distance_q10,pore_distance_q50,pore_distance_q90,euler_characteristic,velocity_cv,flux_gini,top_10_flow_share,top_25_flow_share,normalized_flow_entropy,Mach,steps,wall_seconds,state_phis,state_amp,state_hlen,restriction_fraction
BASE-L24-S101-X,BASE-L24-S101,BASELINE,24,30,101,INDEPENDENT_REALIZATIONS,,X,1e-05,f32,SCORED,PASS,0ff83eaa871862722cdec71c8fdd8b622fec4231c83ffb4cc5ce183e59ac15a2,1.2148544917161377,2.94841090124366,5.206519250212019e-05,0.41203703703703703,0.41203703703703703,0.41203703703703703,0.41203703703703703,0.5879629629629629,0.19039351851851852,1.0,2.23606797749979,4.242640687119285,1,1.412469646714383,0.6633841773132335,0.5156759815474508,0.7933856979616059,0.7053282635303915,0.0007016470770584064,6200,2.5,0.55,0,8,0.0
BASE-L24-S211-X,BASE-L24-S211,BASELINE,24,30,211,INDEPENDENT_REALIZATIONS,,X,1e-05,f32,SCORED,PASS,fe34bf3d96c133c111bdac8e96490f2835af940147da063e2cb1ea6bf43f83ab,0.8693234617575563,2.084928441245048,3.7256719789609565e-05,0.41695601851851855,0.41695601851851855,0.41695601851851855,0.41695601851851855,0.5830439814814815,0.19299768518518517,1.0,2.23606797749979,4.58257569495584,-1,1.252975642989879,0.6321871912989575,0.4176516195957464,0.7260688739190388,0.7325444697743325,0.0005383632970218542,4200,0.9,0.55,0,8,0.0
BASE-L24-S307-X,BASE-L24-S307,BASELINE,24,30,307,INDEPENDENT_REALIZATIONS,,X,1e-05,f32,SCORED,PASS,411e1bc793875b624e2115c734c9258638650e3b2c734fc5adb81d068d1e21bb,0.5429112542231014,1.7709309057055578,2.3267625180990062e-05,0.30656828703703703,0.30656828703703703,0.30656828703703703,0.30656828703703703,0.6934317129629629,0.16666666666666666,1.0,2.0,4.0,-1,1.557225014281792,0.7084711575672265,0.5628228633538409,0.8375259015309923,0.6558158271325146,0.0004126778828277113,2000,0.8,0.55,0,8,0.0
BASE-L24-S401-X,BASE-L24-S401,BASELINE,24,30,401,INDEPENDENT_REALIZATIONS,,X,1e-05,f32,SCORED,PASS,c7ee63746d2c3a30043ddd0bb4959711f0c99cd61182cd4233f7f193cffc6beb,1.092994326359966,3.0279666468136615,4.68426139868557e-05,0.3609664351851852,0.3609664351851852,0.3609664351851852,0.3609664351851852,0.6390335648148148,0.17201967592592593,1.0,2.0,4.123105625617661,0,1.4391097838302183,0.6827349097794437,0.46957795606024066,0.8256433256502965,0.6789487767840878,0.000744013483389235,7800,1.0,0.55,0,8,0.0
BASE-L24-S503-X,BASE-L24-S503,BASELINE,24,30,503,INDEPENDENT_REALIZATIONS,,X,1e-05,f32,SCORED,PASS,7ea59a784a701024e4f7ad05751497e27ecfd8f82be02ead8990aa296fb7cb66,1.37324183533942,3.5463656139981583,5.885322151454659e-05,0.38722511574074076,0.38722511574074076,0.38722511574074076,0.38722511574074076,0.6127748842592593,0.1775173611111111,1.0,2.23606797749979,4.47213595499958,-1,1.5017359349151296,0.6912989552601011,0.526284456063969,0.8197063857242147,0.6774468566817127,0.000928885959105343,16000,1.4,0.55,0,8,0.0
BASE-L24-S601-X,BASE-L24-S601,BASELINE,24,30,601,INDEPENDENT_REALIZATIONS,,X,1e-05,f32,SCORED,PASS,656543e11bbcc96cd18a8324d7ef46a6cd8d223a5a28fd06f0e2191e170af2e6,2.021437407011742,4.529068187119987,8.663303172907467e-05,0.44632523148148145,0.44632523148148145,0.44632523148148145,0.44632523148148145,0.5536747685185185,0.18287037037037038,1.0,2.23606797749979,4.242640687119285,1,1.3474579788508243,0.6407091120725993,0.4861060480011189,0.7364348432328224,0.7323756037521882,0.000876048429449987,7200,1.0,0.55,0,8,0.0
BASE-L24-S701-X,BASE-L24-S701,BASELINE,24,30,701,INDEPENDENT_REALIZATIONS,,X,1e-05,f32,SCORED,PASS,830c7b40072d33575471535ddfe6a9f92c4cfd0110bf268f928abcd99e2a9935,0.33565288482617356,0.7822092852051624,1.438512363540744e-05,0.4291087962962963,0.4291087962962963,0.4291087962962963,0.4291087962962963,0.5708912037037037,0.19039351851851852,1.0,2.23606797749979,4.242640687119285,1,1.3352611405177526,0.6554873930628635,0.44680492565146007,0.7616718963501601,0.7098706601339971,0.0004026043629598337,17800,1.4,0.55,0,8,0.0
BASE-L24-S809-X,BASE-L24-S809,BASELINE,24,30,809,INDEPENDENT_REALIZATIONS,,X,1e-05,f32,SCORED,PASS,a3475e2c0483be404d910a69160dc2606d2610ebece8dc205f8083fae13863da,0.5957262177843886,1.9786927521987958,2.5531123619330948e-05,0.30107060185185186,0.30107060185185186,0.30107060185185186,0.30107060185185186,0.6989293981481481,0.16565393518518517,1.0,2.0,3.7416573867739413,0,1.4754790161238749,0.6951128334132065,0.5195816469231501,0.8012121980745992,0.6678160509298816,0.00039390086740191855,11400,1.2,0.55,0,8,0.0
BASE-L32-S101-X,BASE-L32-S101,BASELINE,32,30,101,INDEPENDENT_REALIZATIONS,,X,1e-05,f32,SCORED,PASS,94063f8aba77cd792b8cfcb798b9288884b88ed04014ff8b589dadd77ba78477,1.2480981652544942,3.5995142298063074,5.3489921368049756e-05,0.34674072265625,0.346710205078125,0.346710205078125,0.346710205078125,0.65325927734375,0.16741943359375,1.0,2.23606797749979,4.242640687119285,-4,1.6667055958000327,0.6901775186241592,0.5761313934425489,0.8090407463317111,0.6716258642644983,0.0008762702304273891,13600,2.9,0.55,0,8,0.0
BASE-L32-S211-X,BASE-L32-S211,BASELINE,32,30,211,INDEPENDENT_REALIZATIONS,,X,1e-05,f32,SCORED,PASS,e4edd11b668876d9b10412382870a3a3aaf834d7c0fd60187af1f0a4e13991bd,0.9673267097203524,2.1952601720421434,4.145685898801511e-05,0.440643310546875,0.440521240234375,0.440521240234375,0.440521240234375,0.559356689453125,0.1708984375,1.0,2.23606797749979,5.0,1,1.4490669624220047,0.6079035439444809,0.5579048904013721,0.707030856465363,0.7487072165020677,0.0008816018218310054,36000,2.3,0.55,0,8,0.0
BASE-L32-S307-X,BASE-L32-S307,BASELINE,32,30,307,INDEPENDENT_REALIZATIONS,,X,1e-05,f32,SCORED,PASS,c620791263263081df4352bf6a8d43ed90a73014c86b4b2287d3f7ff909093b8,1.9549933789060527,4.634393622223362,8.378543052454513e-05,0.421844482421875,0.42181396484375,0.42181396484375,0.42181396484375,0.578155517578125,0.1663818359375,1.0,2.23606797749979,5.0,-3,1.3068372079187047,0.6307460544711062,0.4498849122730437,0.7306447795893615,0.7418729693942692,0.0011924357279348393,2400,0.8,0.55,0,8,0.0
BASE-L32-S401-X,BASE-L32-S401,BASELINE,32,30,401,INDEPENDENT_REALIZATIONS,,X,1e-05,f32,SCORED,PASS,24ef50153f57bb76a30c1a4be4748d0c2ae032ea86d0a8e0f130da2c170478b0,4.121869939366854,9.28093411483358,0.00017665156883000805,0.444122314453125,0.444091796875,0.444091796875,0.444091796875,0.555877685546875,0.13250732421875,1.0,3.0,5.385164807134504,0,1.1238524809599644,0.589239052131765,0.37618626609866035,0.6420376185618097,0.7553673737598814,0.0013206099759373424,2400,0.8,0.55,0,8,0.0
BASE-L32-S503-X,BASE-L32-S503,BASELINE,32,30,503,INDEPENDENT_REALIZATIONS,,X,1e-05,f32,SCORED,PASS,f15c9103ab505c658832b7461484fd6f037dcd9a7dd9e9bee848841d32ada439,1.2112850949051515,2.9022660127121966,5.191221835307793e-05,0.4173583984375,0.4173583984375,0.4173583984375,0.4173583984375,0.5826416015625,0.1607666015625,1.0,2.23606797749979,5.0990195135927845,1,1.1810064429182672,0.6069106524931167,0.40709202136635725,0.6751231376962595,0.7560755367602853,0.0009276529473082394,13000,1.3,0.55,0,8,0.0
BASE-L32-S601-X,BASE-L32-S601,BASELINE,32,30,601,INDEPENDENT_REALIZATIONS,,X,1e-05,f32,SCORED,PASS,19c7cd99f1673ba505c16135c415bfe826c5969ee6bd2dde30e64c1adfefe750,1.1483803215519377,3.132189643467113,4.9216299495083055e-05,0.36663818359375,0.3665771484375,0.3665771484375,0.3665771484375,0.63336181640625,0.16180419921875,1.0,2.23606797749979,4.47213595499958,-2,1.395444804397048,0.6703932111700477,0.476071117594238,0.7913018602940343,0.698140920114768,0.0009513261689008707,8400,1.1,0.55,0,8,0.0
BASE-L32-S701-X,BASE-L32-S701,BASELINE,32,30,701,INDEPENDENT_REALIZATIONS,,X,1e-05,f32,SCORED,PASS,89262aaa65fd8bb1beb2ab61c507d3cccfc26f412ad47adf23168c4d9431eac3,1.9545742018341443,4.407948206861751,8.376746579289191e-05,0.44342041015625,0.44342041015625,0.44342041015625,0.44342041015625,0.55657958984375,0.15350341796875,1.0,2.8284271247461903,6.0,0,1.5660281173894237,0.6983465427835414,0.5869104429708341,0.8158555888525801,0.6679354550539863,0.0015436627174010055,5400,0.9,0.55,0,8,0.0
BASE-L32-S809-X,BASE-L32-S809,BASELINE,32,30,809,INDEPENDENT_REALIZATIONS,,X,1e-05,f32,SCORED,PASS,a843207eff3a83389b0da0cc7e78a965ed580c29b01507eb4f34dac73de02da0,1.5101367576937912,3.733526578852433,6.472014675830535e-05,0.40447998046875,0.404388427734375,0.404388427734375,0.404388427734375,0.59552001953125,0.18341064453125,1.0,2.23606797749979,5.0990195135927845,-10,1.3352378058229208,0.6373811445688043,0.49291613431706255,0.7551701442425386,0.7363872197681217,0.0009243816853474366,7000,1.0,0.55,0,8,0.0
BASE-L40-S101-X,BASE-L40-S101,BASELINE,40,30,101,INDEPENDENT_REALIZATIONS,,X,1e-05,f32,SCORED,PASS,6be3b870f9991cfd2f7759553944b8fc6a7b9a83187558558ec98970aaedccac,0.8201423407052879,2.0908663880313267,3.514895745879806e-05,0.39225,0.39215625,0.39215625,0.39215625,0.60775,0.17453125,1.0,2.23606797749979,4.898979485566356,-8,0.8872444439562771,0.44470631817738937,0.3440659955676682,0.5688169333184004,0.875529327674337,0.0006292507843505415,4000,1.1,0.55,0,8,0.0
BASE-L40-S211-X,BASE-L40-S211,BASELINE,40,30,211,INDEPENDENT_REALIZATIONS,,X,1e-05,f32,SCORED,PASS,00ebf1abee9512445894480acf5438652b847791d98e272f51a52cf04b6cf96b,0.6234082587284342,1.487958848311322,2.6717496802647186e-05,0.41896875,0.418890625,0.418890625,0.418890625,0.58103125,0.1654375,1.0,2.449489742783178,5.385164807134504,-7,0.9357184583960273,0.4973641596502785,0.3416044494124775,0.592656405100093,0.8448651745095448,0.0007465411071639842,2600,1.0,0.55,0,8,0.0
BASE-L40-S307-X,BASE-L40-S307,BASELINE,40,30,307,INDEPENDENT_REALIZATIONS,,X,1e-05,f32,SCORED,PASS,07f33c34838031e5d682aec695d25a7a6d57e0ca1e2d46b128f5c66bf1822f29,2.6532356575802143,6.166954134197701,0.00011371009961058063,0.430234375,0.430109375,0.430109375,0.430109375,0.569765625,0.15815625,1.0,2.449489742783178,5.916079783099616,-4,1.4479323706400622,0.6512006705557938,0.5233249037166476,0.7436785987157789,0.7237028866357147,0.0017094421112985227,5000,1.2,0.55,0,8,0.0
BASE-L40-S401-X,BASE-L40-S401,BASELINE,40,30,401,INDEPENDENT_REALIZATIONS,,X,1e-05,f32,SCORED,PASS,72db2abeb685dd9380d3d3996070eda11df5fa4956688eaaab2362cf5f024174,3.0731911713542965,7.032474076325621,0.0001317081930580413,0.437,0.436953125,0.436953125,0.436953125,0.563,0.12596875,1.0,3.0,6.082762530298219,2,1.0507146272724652,0.554479125803868,0.3219459873595395,0.6048079975117647,0.7848191732899084,0.0014508556434315292,6600,1.4,0.55,0,8,0.0
BASE-L40-S503-X,BASE-L40-S503,BASELINE,40,30,503,INDEPENDENT_REALIZATIONS,,X,1e-05,f32,SCORED,PASS,aabc25d1d2487ecdcfb50c7c91e005c19b1dd0036f551767947afdc65490fb55,0.9626428042767753,2.3466572512269983,4.1256120183290375e-05,0.41021875,0.410109375,0.410109375,0.410109375,0.58978125,0.15240625,1.0,2.449489742783178,6.0,-2,0.9232673945267751,0.47696145436043735,0.358430585678187,0.5879333093286347,0.8628030735230529,0.0008087961550918944,1600,0.8,0.55,0,8,0.0
BASE-L40-S601-X,BASE-L40-S601,BASELINE,40,30,601,INDEPENDENT_REALIZATIONS,,X,1e-05,f32,SCORED,PASS,0cb40b71d69f59426569ee0f2f346d9e00273ed30ee6fdd41dc640489eaac4ec,2.5141864828555467,6.0274173997136264,0.00010775084926523773,0.417125,0.417078125,0.417078125,0.417078125,0.582875,0.149375,1.0,2.8284271247461903,6.082762530298219,0,1.4458821527507275,0.6495639076619285,0.4965865722306304,0.7135146172516559,0.7150721141680189,0.0017773015154229407,9200,1.6,0.55,0,8,0.0
BASE-L40-S701-X,BASE-L40-S701,BASELINE,40,30,701,INDEPENDENT_REALIZATIONS,,X,1e-05,f32,SCORED,PASS,82aa4557ba6e0f9cca8a11f57148d2888fa4592638c13bea4928e3918f3eae17,0.5590387451503158,1.4088234245400935,2.395880336358497e-05,0.3968125,0.39675,0.39675,0.39675,0.6031875,0.16721875,1.0,2.23606797749979,5.0,-2,1.1391966233020907,0.5390095363051834,0.40505874113224094,0.66303161804358,0.8192182794119894,0.0008116207905391102,21800,2.8,0.55,0,8,0.0
BASE-L40-S809-X,BASE-L40-S809,BASELINE,40,30,809,INDEPENDENT_REALIZATIONS,,X,1e-05,f32,SCORED,PASS,3b87f9ad30892debce6f609408b39f6b7fc5e94b1952e449dfb1b74aaf98e918,0.9223871292584113,2.188831155822704,3.953087696821763e-05,0.42140625,0.421234375,0.421234375,0.421234375,0.57859375,0.16221875,1.0,2.23606797749979,5.0,-2,0.9805584053847395,0.523610287722099,0.31834473308133304,0.599864478510487,0.8210045447344791,0.000832580781266357,4400,1.1,0.55,0,8,0.0
BASE-L56-S101-X,BASE-L56-S101,BASELINE,56,30,101,INDEPENDENT_REALIZATIONS,,X,1e-05,f32,SCORED,PASS,7ac323c261287810459d4c344e6a8b4d736d9e22820fb2d896074092e37a3755,2.032188587928425,4.659740054807326,8.709379662550395e-05,0.43611629919825073,0.4360821337463557,0.4360821337463557,0.4360821337463557,0.5638837008017493,0.14157024416909622,1.0,3.0,6.082762530298219,-6,0.7909983767913376,0.4176914572490141,0.3079154980883037,0.5209744168752507,0.8948731285023365,0.0014050225886425318,7200,4.2,0.55,0,8,0.0
BASE-L56-S211-X,BASE-L56-S211,BASELINE,56,30,211,INDEPENDENT_REALIZATIONS,,X,1e-05,f32,SCORED,PASS,2f66bb8b61a60d731edb3467c6e0a0864db02772d703e9db3c5a38bdc065ab01,1.9898156820629598,4.5315178932641125,8.527781494555543e-05,0.43910577623906705,0.43903744533527694,0.43903744533527694,0.43903744533527694,0.5608942237609329,0.15230958454810495,1.0,2.8284271247461903,5.916079783099616,-20,1.2061797784434283,0.5647729936406807,0.4787104448355237,0.6607415489207703,0.7960389820784767,0.001844451156419672,2800,1.4,0.55,0,8,0.0
BASE-L56-S307-X,BASE-L56-S307,BASELINE,56,30,307,INDEPENDENT_REALIZATIONS,,X,1e-05,f32,SCORED,PASS,8b5576ec3e1f70c6f519483132dd168fa98e8ca8e0932b5edbba50a7fa99e475,1.1345349196321148,2.547466941723949,4.8622925127090646e-05,0.44535805393586003,0.4452612518221574,0.4452612518221574,0.4452612518221574,0.55464194606414,0.1584365889212828,1.0,2.8284271247461903,6.164414002968976,-12,1.2814925341427938,0.5941373618692445,0.45232827931769076,0.720622075758675,0.7754463215923841,0.001998074949387919,11400,3.7,0.55,0,8,0.0
BASE-L56-S401-X,BASE-L56-S401,BASELINE,56,30,401,INDEPENDENT_REALIZATIONS,,X,1e-05,f32,SCORED,PASS,a0e77a272276baa650f06991272626d1e9ce1a79a2517f09297f651085e5f0d3,2.729180195023669,6.075315424183706,0.0001169648655010144,0.4492244442419825,0.44917319606413997,0.44917319606413997,0.44917319606413997,0.5507755557580175,0.1571155247813411,1.0,2.8284271247461903,6.4031242374328485,-11,1.1266381640746255,0.5754709639972833,0.4067312671444334,0.6510452267741711,0.788114220010175,0.002414328440403948,2000,1.2,0.55,0,8,0.0
BASE-L56-S503-X,BASE-L56-S503,BASELINE,56,30,503,INDEPENDENT_REALIZATIONS,,X,1e-05,f32,SCORED,PASS,9cb34cf20bf4ce7fd86f53a905b5b2b02600c9a62106b2768ff2491fcdebc114,0.9979675819436838,2.228993537469597,4.277003922615789e-05,0.4477211643586006,0.447658527696793,0.447658527696793,0.447658527696793,0.5522788356413995,0.17066782069970846,1.0,2.23606797749979,5.0990195135927845,-12,0.6406682211117567,0.3345081423358385,0.2628157332798544,0.43894540387391906,0.9302526217293348,0.0008056831783740557,8600,2.9,0.55,0,8,0.0
BASE-L56-S601-X,BASE-L56-S601,BASELINE,56,30,601,INDEPENDENT_REALIZATIONS,,X,1e-05,f32,SCORED,PASS,a2973fa47c4a011b2d1b9d1a30fc0025e03ec2bab1d17141af37a5671bc856b0,1.5082969859606068,3.3615630479137266,6.464129939831173e-05,0.4486891854956268,0.4486094661078717,0.4486094661078717,0.4486094661078717,0.5513108145043731,0.15922239431486881,1.0,2.8284271247461903,6.164414002968976,-9,1.0716587540953246,0.5449236260940733,0.39557695023991113,0.6309300163242999,0.815425840485728,0.0018356678377145486,11600,3.8,0.55,0,8,0.0
BASE-L56-S701-X,BASE-L56-S701,BASELINE,56,30,701,INDEPENDENT_REALIZATIONS,,X,1e-05,f32,SCORED,PASS,86854b5281f1dcabb64ba764447a8383e9d67d898127bdaf50257bf096edce23,0.7641412759130167,1.7832806345444685,3.2748911824843575e-05,0.4285030976676385,0.4284518494897959,0.4284518494897959,0.4284518494897959,0.5714969023323615,0.16837873542274054,1.0,2.23606797749979,5.656854249492381,-11,1.075426215526959,0.5238086917288137,0.4256944899309378,0.6329433519158278,0.8316413508882965,0.001235628645362369,2800,1.4,0.55,0,8,0.0
BASE-L56-S809-X,BASE-L56-S809,BASELINE,56,30,809,INDEPENDENT_REALIZATIONS,,X,1e-05,f32,SCORED,PASS,477fce1c2e648f8394ee34fb60f4ed3b66d7fa2719a9a3f432d4ed12bd7df779,2.7627996473392398,6.30053790342728,0.00011840569917168172,0.43850218658892126,0.43833135932944606,0.43833135932944606,0.43833135932944606,0.5614978134110787,0.14431486880466474,1.0,3.0,6.4031242374328485,-6,1.302805459967536,0.6016393948919818,0.49483181966793877,0.6790790250848112,0.7686887273043281,0.0020546033481258718,9800,3.3,0.55,0,8,0.0
BASE-L72-S101-X,BASE-L72-S101,BASELINE,72,30,101,INDEPENDENT_REALIZATIONS,,X,1e-05,f32,SCORED,PASS,ec0c8cf2ab7c49ce409f64f28040a88024859bede6d853132add9ecbbd063c46,1.6059618569577505,3.5896330324262755,6.882693672676076e-05,0.4473888674554184,0.4472602666323731,0.4472602666323731,0.4472602666323731,0.5526111325445816,0.14903763717421126,1.0,2.8284271247461903,6.4031242374328485,-29,0.7080587395057961,0.37551151545449135,0.28460276261560075,0.5051061040390685,0.9182663506241727,0.0022496383917613534,5600,5.3,0.55,0,8,0.0
BASE-L72-S211-X,BASE-L72-S211,BASELINE,72,30,211,INDEPENDENT_REALIZATIONS,,X,1e-05,f32,SCORED,PASS,17b64f279bcec4bb5fbd558eb365d9af7c6efa7976bce5d678387fc54c851e98,1.8604128557923691,4.169190638464343,7.973197953395869e-05,0.44622878086419754,0.4461189343278464,0.4461189343278464,0.4461189343278464,0.5537712191358025,0.15608389060356653,1.0,2.449489742783178,5.916079783099616,-18,0.8297129453362969,0.4252199816533705,0.3264663401841781,0.5308708844210175,0.8906509168583405,0.0015360939606844108,1600,1.5,0.55,0,8,0.0
BASE-L72-S307-X,BASE-L72-S307,BASELINE,72,30,307,INDEPENDENT_REALIZATIONS,,X,1e-05,f32,SCORED,PASS,1a8b30f8646e4da12d60cb779e608a5e4138240dee9180bd70ade69872e0e4cf,1.015070986300954,2.2811182754927026,4.3503042270040895e-05,0.44498831875857336,0.4448570387517147,0.4448570387517147,0.4448570387517147,0.5550116812414266,0.15771283436213993,1.0,2.8284271247461903,5.830951894845301,-29,0.73250717653355,0.36783415814990195,0.325752634774507,0.5103634412766442,0.9167512679005655,0.0016548834060585267,13600,8.2,0.55,0,8,0.0
BASE-L72-S401-X,BASE-L72-S401,BASELINE,72,30,401,INDEPENDENT_REALIZATIONS,,X,1e-05,f32,SCORED,PASS,eb164b4a29c505426c1e52d45a713995f0496f4fda55126f2f6bca9ae194ff04,2.649835271671772,5.892367773282092,0.0001135643687859331,0.44970636145404663,0.4496554569615912,0.4496554569615912,0.4496554569615912,0.5502936385459534,0.14555469821673525,1.0,3.0,6.708203932499369,-29,1.0156581647377947,0.5141744042213191,0.35199745458588516,0.6295683391769393,0.8365804917159323,0.0024429212076753576,5800,3.8,0.55,0,8,0.0
BASE-L72-S503-X,BASE-L72-S503,BASELINE,72,30,503,INDEPENDENT_REALIZATIONS,,X,1e-05,f32,SCORED,PASS,689ad82acdfed8bb6d646ed81a58408ef41c49adfd9c654ca05226ba19b4694d,1.6716969532152135,3.7721191465826265,7.164415513779488e-05,0.443171832133059,0.4431128900891632,0.4431128900891632,0.4431128900891632,0.556828167866941,0.1631355024005487,1.0,2.449489742783178,5.656854249492381,-32,0.6369557535449546,0.33209106304704217,0.2641198276467238,0.46389188987293406,0.9342360684079442,0.0015059831673599356,1600,1.5,0.55,0,8,0.0
BASE-L72-S601-X,BASE-L72-S601,BASELINE,72,30,601,INDEPENDENT_REALIZATIONS,,X,1e-05,f32,SCORED,PASS,d823a3b2f0baf0ac002eca4294ad94ef930a8184932ff941b0f4bfd6cbe1c51f,1.4643358349379862,3.285387931780486,6.275725006877085e-05,0.445711698388203,0.4456232853223594,0.4456232853223594,0.4456232853223594,0.554288301611797,0.15546231995884774,1.0,2.8284271247461903,6.164414002968976,-30,0.8189762906435089,0.41590323881000163,0.3308545983689175,0.5242143470736946,0.8962789809592677,0.0018267050618549815,5200,3.5,0.55,0,8,0.0
BASE-L72-S701-X,BASE-L72-S701,BASELINE,72,30,701,INDEPENDENT_REALIZATIONS,,X,1e-05,f32,SCORED,PASS,18fa8b84f9319299fcbb48ae8da16c47792c76e43650c5acd33c1974919b10b5,1.4079926650146641,3.149529223489113,6.034254278634276e-05,0.4470486111111111,0.4469977066186557,0.4469977066186557,0.4469977066186557,0.5529513888888888,0.15902563443072704,1.0,2.449489742783178,5.744562646538029,-22,0.7407484001154193,0.3425299495855739,0.32739536631307103,0.5199000871606304,0.9251258152132541,0.0015290358503089714,2000,1.7,0.55,0,8,0.0
BASE-L72-S809-X,BASE-L72-S809,BASELINE,72,30,809,INDEPENDENT_REALIZATIONS,,X,1e-05,f32,SCORED,PASS,6b35fca618521defabc355f3d2c05e37ab821e6820494b12ab6972c4f10be261,2.7994634541715255,6.335533119960549,0.00011997700517877968,0.4418670696159122,0.44177061899862824,0.44177061899862824,0.44177061899862824,0.5581329303840878,0.14394718792866942,1.0,3.0,7.14142842854285,-14,1.5724666132657266,0.6201815448244904,0.5810862753564892,0.7345865168430546,0.7349482744521373,0.0035542521820270817,1800,1.6,0.55,0,8,0.0
DEP00-L40-S101-X,DEP00-L40-S101,THROAT_RESTRICTION,40,30,101,PAIRED_TRANSFORMATION,BASE-L40-S101,X,1e-05,f32,SCORED,PASS,6be3b870f9991cfd2f7759553944b8fc6a7b9a83187558558ec98970aaedccac,0.8201423407052879,2.0908663880313267,3.514895745879806e-05,0.39225,0.39215625,0.39215625,0.39215625,0.60775,0.17453125,1.0,2.23606797749979,4.898979485566356,-8,0.8872444439562771,0.44470631817738937,0.3440659955676682,0.5688169333184004,0.875529327674337,0.0006292507843505415,4000,1.1,0.55,0,8,0.0
DEP00-L40-S211-X,DEP00-L40-S211,THROAT_RESTRICTION,40,30,211,PAIRED_TRANSFORMATION,BASE-L40-S211,X,1e-05,f32,SCORED,PASS,00ebf1abee9512445894480acf5438652b847791d98e272f51a52cf04b6cf96b,0.6234082587284342,1.487958848311322,2.6717496802647186e-05,0.41896875,0.418890625,0.418890625,0.418890625,0.58103125,0.1654375,1.0,2.449489742783178,5.385164807134504,-7,0.9357184583960273,0.4973641596502785,0.3416044494124775,0.592656405100093,0.8448651745095448,0.0007465411071639842,2600,0.9,0.55,0,8,0.0
DEP00-L40-S307-X,DEP00-L40-S307,THROAT_RESTRICTION,40,30,307,PAIRED_TRANSFORMATION,BASE-L40-S307,X,1e-05,f32,SCORED,PASS,07f33c34838031e5d682aec695d25a7a6d57e0ca1e2d46b128f5c66bf1822f29,2.6532356575802143,6.166954134197701,0.00011371009961058063,0.430234375,0.430109375,0.430109375,0.430109375,0.569765625,0.15815625,1.0,2.449489742783178,5.916079783099616,-4,1.4479323706400622,0.6512006705557938,0.5233249037166476,0.7436785987157789,0.7237028866357147,0.0017094421112985227,5000,1.2,0.55,0,8,0.0
DEP00-L40-S401-X,DEP00-L40-S401,THROAT_RESTRICTION,40,30,401,PAIRED_TRANSFORMATION,BASE-L40-S401,X,1e-05,f32,SCORED,PASS,72db2abeb685dd9380d3d3996070eda11df5fa4956688eaaab2362cf5f024174,3.0731911713542965,7.032474076325621,0.0001317081930580413,0.437,0.436953125,0.436953125,0.436953125,0.563,0.12596875,1.0,3.0,6.082762530298219,2,1.0507146272724652,0.554479125803868,0.3219459873595395,0.6048079975117647,0.7848191732899084,0.0014508556434315292,6600,1.4,0.55,0,8,0.0
DEP10-L40-S101-X,DEP10-L40-S101,THROAT_RESTRICTION,40,30,101,PAIRED_TRANSFORMATION,BASE-L40-S101,X,1e-05,f32,SCORED,PASS,92071fa8c6ea3bd598263e96c575297a7d051b3e4bd5633a204ed668cb832cc5,0.5099389038388348,1.4444582564258397,2.1854524450235784e-05,0.35303125,0.352109375,0.352109375,0.352109375,0.64696875,0.22653125,1.0,1.7320508075688772,4.242640687119285,-27,0.9774084769456496,0.4829293157540622,0.3687617529015671,0.5986629033367192,0.8538160443958609,0.0004981419581890692,1800,0.9,0.55,0,8,0.1
DEP10-L40-S211-X,DEP10-L40-S211,THROAT_RESTRICTION,40,30,211,PAIRED_TRANSFORMATION,BASE-L40-S211,X,1e-05,f32,SCORED,PASS,fe567ce36cf74f634f92860337cfa1d1082111af8470e8fe1f4a0d8e11b4c35c,0.3141440751937565,0.8331007670990103,1.3463317508303852e-05,0.377078125,0.3758125,0.3758125,0.3758125,0.622921875,0.21271875,1.0,2.23606797749979,4.898979485566356,-41,0.9943243923843594,0.5223240757866984,0.3685878258650579,0.6057343577995771,0.8290560500613837,0.0005509533254109542,16400,2.3,0.55,0,8,0.1
DEP10-L40-S307-X,DEP10-L40-S307,THROAT_RESTRICTION,40,30,307,PAIRED_TRANSFORMATION,BASE-L40-S307,X,1e-05,f32,SCORED,PASS,9481d8e858236396b392869c63a96f8f49943b60de3830e53afdd431bbd32686,1.839794220428009,4.751496311988725,7.884832373262898e-05,0.387203125,0.38625,0.38625,0.38625,0.612796875,0.2025,1.0,2.23606797749979,5.385164807134504,-19,1.5796090021263582,0.6833110396230305,0.5596874666001643,0.7752925677289532,0.6881857460125063,0.0014352493233870125,6200,1.3,0.55,0,8,0.1
DEP10-L40-S401-X,DEP10-L40-S401,THROAT_RESTRICTION,40,30,401,PAIRED_TRANSFORMATION,BASE-L40-S401,X,1e-05,f32,SCORED,PASS,85e0aebac61b442992755c22e7d772ce58a745d4aafd4e10f681ef94ed53cb0d,1.968487379216644,5.005092855661881,8.436374482357046e-05,0.393296875,0.39284375,0.39284375,0.39284375,0.606703125,0.16134375,1.0,2.449489742783178,5.385164807134504,0,1.082640772256075,0.5673421792630785,0.3274611786689201,0.6141056139528419,0.7694776169454911,0.0011277539252675848,5400,1.2,0.55,0,8,0.1
DEP20-L40-S101-X,DEP20-L40-S101,THROAT_RESTRICTION,40,30,101,PAIRED_TRANSFORMATION,BASE-L40-S101,X,1e-05,f32,SCORED,PASS,61c787d1119392383c363247958b3008065607a14b77b14f2f70ddac1661fd1d,0.4036772647541625,1.2864285686534085,1.7300454203749824e-05,0.313796875,0.312609375,0.312609375,0.312609375,0.686203125,0.1975,1.0,2.0,4.242640687119285,-12,1.0334895716637693,0.5063231264309801,0.38577094089671726,0.621353469950075,0.8395763091794699,0.00043494909540125245,2600,1.0,0.55,0,8,0.2
DEP20-L40-S211-X,DEP20-L40-S211,THROAT_RESTRICTION,40,30,211,PAIRED_TRANSFORMATION,BASE-L40-S211,X,1e-05,f32,SCORED,NONCONVERGED,fbbbb0b132555ce7af17b600c20aaf60ba8905e7c566a34f24da2ed3980e732b,0.2257345921853587,0.6734890634405369,9.674339665086804e-06,0.335171875,0.334328125,0.334328125,0.334328125,0.664828125,0.166,1.0,2.23606797749979,4.898979485566356,2,1.0364940395922737,0.538750610382188,0.3849119490332758,0.6226612437354331,0.8181767325701735,0.0004900603371215452,50000,5.7,0.55,0,8,0.2
DEP20-L40-S307-X,DEP20-L40-S307,THROAT_RESTRICTION,40,30,307,PAIRED_TRANSFORMATION,BASE-L40-S307,X,1e-05,f32,SCORED,PASS,61bbadbb924b06da5855b675059f94cce5e18af5b2b4606db7a98bcac0abe67a,1.5571838041832218,4.524231136177874,6.673644875070952e-05,0.3441875,0.344015625,0.344015625,0.344015625,0.6558125,0.15015625,1.0,2.23606797749979,5.385164807134504,0,1.6379684258787144,0.6971406351296192,0.5765689894418238,0.7898214869861147,0.6720044739919002,0.0013506864909289464,3400,1.0,0.55,0,8,0.2
DEP20-L40-S401-X,DEP20-L40-S401,THROAT_RESTRICTION,40,30,401,PAIRED_TRANSFORMATION,BASE-L40-S401,X,1e-05,f32,SCORED,PASS,7c062a258ed2e184e12ec7c0a1d96f381fec1c2885db7488a77c7f6bf3a2539e,1.4358763495459321,4.1072712242307885,6.153755783768282e-05,0.34959375,0.3495625,0.3495625,0.3495625,0.65040625,0.1315,1.0,2.449489742783178,5.196152422706632,3,1.106940624876443,0.5767692848992556,0.337088182917071,0.616035414390111,0.7584061404971559,0.0009591698580108178,1600,0.9,0.55,0,8,0.2
DEP30-L40-S101-X,DEP30-L40-S101,THROAT_RESTRICTION,40,30,101,PAIRED_TRANSFORMATION,BASE-L40-S101,X,1e-05,f32,SCORED,PASS,f33ea0e285a99b8a7103c7852f996bf729540058441d42624459d67a6c342758,0.27414817467679514,0.9984341421109024,1.1749207486148365e-05,0.274578125,0.27409375,0.27409375,0.27409375,0.725421875,0.16815625,1.0,1.7320508075688772,4.123105625617661,-12,1.1046968368256134,0.5358696858786934,0.41097711489350996,0.6488808566018299,0.8204337609771858,0.0003626073707747597,5600,1.3,0.55,0,8,0.3
DEP30-L40-S211-X,DEP30-L40-S211,THROAT_RESTRICTION,40,30,211,PAIRED_TRANSFORMATION,BASE-L40-S211,X,1e-05,f32,SCORED,NONCONVERGED,d25a1338017d502909d6687ef234557bdd6dd55c03893496d23fa20f40961551,0.11897386815973258,0.40566476090691983,5.098880063988541e-06,0.29328125,0.29303125,0.29303125,0.29303125,0.70671875,0.15290625,1.0,2.0,4.58257569495584,0,1.083493067356692,0.558530633794674,0.3979409235924175,0.6438495067522944,0.803953135302387,0.00036459095203846063,50000,5.7,0.55,0,8,0.3
DEP30-L40-S307-X,DEP30-L40-S307,THROAT_RESTRICTION,40,30,307,PAIRED_TRANSFORMATION,BASE-L40-S307,X,1e-05,f32,SCORED,PASS,609d1060bf0cf2c8ef98f7b7ecfda84f7ed124537ebcac8e0a8176b6536ac684,1.1574035189363359,3.843000010994838,4.960300795441441e-05,0.301171875,0.30109375,0.30109375,0.30109375,0.698828125,0.1385625,1.0,2.23606797749979,5.196152422706632,-5,1.7262832958807584,0.7207066576723985,0.6033977176433963,0.8143887159982848,0.6429437885690901,0.001233949813600687,10000,1.7,0.55,0,8,0.3
DEP30-L40-S401-X,DEP30-L40-S401,THROAT_RESTRICTION,40,30,401,PAIRED_TRANSFORMATION,BASE-L40-S401,X,1e-05,f32,SCORED,PASS,f1e276b3155860e659922e5afe4ca6c3170f732579db2746ad42d45be0373c3c,0.9234626547887358,3.018776683342481,3.957697091951726e-05,0.30590625,0.305890625,0.305890625,0.305890625,0.69409375,0.12909375,1.0,2.23606797749979,5.0,1,1.1249121849158117,0.5816761872477403,0.33866915083844423,0.6159291651749531,0.7486662562312564,0.0007493248102490067,13800,2.1,0.55,0,8,0.3
DEP40-L40-S101-X,DEP40-L40-S101,THROAT_RESTRICTION,40,30,101,PAIRED_TRANSFORMATION,BASE-L40-S101,X,1e-05,f32,SCORED,PASS,c007b488def3b6b96e929fbc97e8fa749bd2ee0253e2b4e5b5c3357ec7bc9486,0.18295971309527317,0.7774147947216494,7.841130561225995e-06,0.23534375,0.235171875,0.235171875,0.235171875,0.76465625,0.14359375,1.0,1.7320508075688772,4.123105625617661,-1,1.1785057625746238,0.5671856879290238,0.4342925974331565,0.6813001865768141,0.7979812517085162,0.00031967322955575133,7000,1.4,0.55,0,8,0.4
DEP40-L40-S211-X,DEP40-L40-S211,THROAT_RESTRICTION,40,30,211,PAIRED_TRANSFORMATION,BASE-L40-S211,X,1e-05,f32,SCORED,NONCONVERGED,a83e63020ad0802d014a4d50c23da120e0c771a9278505c4695a6bf39021c9dc,0.05070730239288696,0.2017197509413703,2.1731701025522985e-06,0.251375,0.251171875,0.251171875,0.251171875,0.748625,0.15,1.0,2.0,4.242640687119285,-2,1.1779848230152088,0.589624580121691,0.43472855078723266,0.671265352514621,0.7795432393587772,0.00024213750574560128,50000,5.7,0.55,0,8,0.4
DEP40-L40-S307-X,DEP40-L40-S307,THROAT_RESTRICTION,40,30,307,PAIRED_TRANSFORMATION,BASE-L40-S307,X,1e-05,f32,SCORED,PASS,7a688181cce01e9d5ef11e711fb69b74fca138910b4f58156a9359f72186e832,0.7938816028733681,3.075384213055841,3.40234972660015e-05,0.258140625,0.25790625,0.25790625,0.25790625,0.741859375,0.13415625,1.0,2.23606797749979,5.0,-2,1.8545745271314766,0.7454254534318042,0.6332330001225284,0.8388503412837052,0.6074757730808268,0.0010300362784770518,3000,1.0,0.55,0,8,0.4
DEP40-L40-S401-X,DEP40-L40-S401,THROAT_RESTRICTION,40,30,401,PAIRED_TRANSFORMATION,BASE-L40-S401,X,1e-05,f32,SCORED,PASS,17cf93b97446cb73abb6dc7c8d0fc442ab306758c3ebbdb02306e822fa9483fb,0.5621340788432795,2.143887792501632,2.4091460521854842e-05,0.262203125,0.262203125,0.262203125,0.262203125,0.737796875,0.11796875,1.0,2.23606797749979,4.47213595499958,4,1.144921411737304,0.5872431698522873,0.3475897480005171,0.6151149388823434,0.7382999018210535,0.0006180120784162636,6800,1.4,0.55,0,8,0.4
DIR-BASE-L40-S101-X,DIR-BASE-L40-S101,DIRECTIONAL,40,30,101,INDEPENDENT_REALIZATIONS,,X,1e-05,f32,SCORED_DIRECTIONAL,PASS,6be3b870f9991cfd2f7759553944b8fc6a7b9a83187558558ec98970aaedccac,0.8201423407052879,2.0908663880313267,3.514895745879806e-05,0.39225,0.39215625,0.39215625,0.39215625,0.60775,0.17453125,1.0,2.23606797749979,4.898979485566356,-8,0.8872444439562771,0.44470631817738937,0.3440659955676682,0.5688169333184004,0.875529327674337,0.0006292507843505415,4000,1.1,0.55,0,8,0.0
DIR-BASE-L40-S101-Y,DIR-BASE-L40-S101,DIRECTIONAL,40,30,101,INDEPENDENT_REALIZATIONS,,Y,1e-05,f32,SCORED_DIRECTIONAL,PASS,6be3b870f9991cfd2f7759553944b8fc6a7b9a83187558558ec98970aaedccac,0.7431370430888309,1.894549504369231,3.184873041809276e-05,0.39225,0.39215625,0.39215625,0.39215625,0.60775,0.17453125,1.0,2.23606797749979,4.898979485566356,-8,0.7268483628869075,0.3952116474754501,0.28211390844183704,0.49316408010261636,0.9062741105690001,0.0005503653511835865,1600,0.8,0.55,0,8,0.0
DIR-BASE-L40-S101-Z,DIR-BASE-L40-S101,DIRECTIONAL,40,30,101,INDEPENDENT_REALIZATIONS,,Z,1e-05,f32,SCORED_DIRECTIONAL,PASS,6be3b870f9991cfd2f7759553944b8fc6a7b9a83187558558ec98970aaedccac,0.6741624300784669,1.7187060040241349,2.8892675574791442e-05,0.39225,0.39215625,0.39215625,0.39215625,0.60775,0.17453125,1.0,2.23606797749979,4.898979485566356,-8,0.9676746715518637,0.46654864117893735,0.3704692467402575,0.5572734373731796,0.8618674957030176,0.0006093061380066658,8000,1.5,0.55,0,8,0.0
DIR-BASE-L40-S211-X,DIR-BASE-L40-S211,DIRECTIONAL,40,30,211,INDEPENDENT_REALIZATIONS,,X,1e-05,f32,SCORED_DIRECTIONAL,PASS,00ebf1abee9512445894480acf5438652b847791d98e272f51a52cf04b6cf96b,0.6234082587284342,1.487958848311322,2.6717496802647186e-05,0.41896875,0.418890625,0.418890625,0.418890625,0.58103125,0.1654375,1.0,2.449489742783178,5.385164807134504,-7,0.9357184583960273,0.4973641596502785,0.3416044494124775,0.592656405100093,0.8448651745095448,0.0007465411071639842,2600,1.0,0.55,0,8,0.0
DIR-BASE-L40-S211-Y,DIR-BASE-L40-S211,DIRECTIONAL,40,30,211,INDEPENDENT_REALIZATIONS,,Y,1e-05,f32,SCORED_DIRECTIONAL,PASS,00ebf1abee9512445894480acf5438652b847791d98e272f51a52cf04b6cf96b,1.9161941333408663,4.573596797710727,8.212260571460857e-05,0.41896875,0.418890625,0.418890625,0.418890625,0.58103125,0.1654375,1.0,2.449489742783178,5.385164807134504,-7,1.199207588938765,0.6038393353735007,0.4268416727310223,0.6882606437022419,0.7662245843150455,0.0011946440591207555,6400,1.3,0.55,0,8,0.0
DIR-BASE-L40-S211-Z,DIR-BASE-L40-S211,DIRECTIONAL,40,30,211,INDEPENDENT_REALIZATIONS,,Z,1e-05,f32,SCORED_DIRECTIONAL,PASS,00ebf1abee9512445894480acf5438652b847791d98e272f51a52cf04b6cf96b,0.9436806962790945,2.2523892206258687,4.04434584119612e-05,0.41896875,0.418890625,0.418890625,0.418890625,0.58103125,0.1654375,1.0,2.449489742783178,5.385164807134504,-7,1.364114409223567,0.6055979408434334,0.5129508041910587,0.7035820722546353,0.7588675137840406,0.0012122445715893693,5800,1.3,0.55,0,8,0.0
DIR-BASE-L40-S307-X,DIR-BASE-L40-S307,DIRECTIONAL,40,30,307,INDEPENDENT_REALIZATIONS,,X,1e-05,f32,SCORED_DIRECTIONAL,PASS,07f33c34838031e5d682aec695d25a7a6d57e0ca1e2d46b128f5c66bf1822f29,2.6532356575802147,6.166954134197702,0.00011371009961058064,0.430234375,0.430109375,0.430109375,0.430109375,0.569765625,0.15815625,1.0,2.449489742783178,5.916079783099616,-4,1.4479323706400622,0.6512006705557938,0.5233249037166476,0.7436785987157789,0.7237028866357147,0.0017094421112985227,5000,1.2,0.55,0,8,0.0
DIR-BASE-L40-S307-Y,DIR-BASE-L40-S307,DIRECTIONAL,40,30,307,INDEPENDENT_REALIZATIONS,,Y,1e-05,f32,SCORED_DIRECTIONAL,PASS,07f33c34838031e5d682aec695d25a7a6d57e0ca1e2d46b128f5c66bf1822f29,1.15328499852384,2.68059705485839,4.9426499936736016e-05,0.430234375,0.430109375,0.430109375,0.430109375,0.569765625,0.15815625,1.0,2.449489742783178,5.916079783099616,-4,1.375149505216749,0.60135046185085,0.5220107676822208,0.6929498299840142,0.7603854229113705,0.001255829471835144,4200,1.1,0.55,0,8,0.0
DIR-BASE-L40-S307-Z,DIR-BASE-L40-S307,DIRECTIONAL,40,30,307,INDEPENDENT_REALIZATIONS,,Z,1e-05,f32,SCORED_DIRECTIONAL,PASS,07f33c34838031e5d682aec695d25a7a6d57e0ca1e2d46b128f5c66bf1822f29,0.41844764389329553,0.9726039298772803,1.7933470452569814e-05,0.430234375,0.430109375,0.430109375,0.430109375,0.569765625,0.15815625,1.0,2.449489742783178,5.916079783099616,-4,1.4375077268150058,0.6412659314881485,0.4982593380668063,0.7463704991399827,0.7295064719886019,0.0007839233934860221,16400,2.3,0.55,0,8,0.0
DIR-BASE-L40-S401-X,DIR-BASE-L40-S401,DIRECTIONAL,40,30,401,INDEPENDENT_REALIZATIONS,,X,1e-05,f32,SCORED_DIRECTIONAL,PASS,72db2abeb685dd9380d3d3996070eda11df5fa4956688eaaab2362cf5f024174,3.0731911713542965,7.032474076325621,0.0001317081930580413,0.437,0.436953125,0.436953125,0.436953125,0.563,0.12596875,1.0,3.0,6.082762530298219,2,1.0507146272724652,0.554479125803868,0.3219459873595395,0.6048079975117647,0.7848191732899084,0.0014508556434315292,6600,1.4,0.55,0,8,0.0
DIR-BASE-L40-S401-Y,DIR-BASE-L40-S401,DIRECTIONAL,40,30,401,INDEPENDENT_REALIZATIONS,,Y,1e-05,f32,SCORED_DIRECTIONAL,PASS,72db2abeb685dd9380d3d3996070eda11df5fa4956688eaaab2362cf5f024174,3.393079963646433,7.764485042669183,0.00014541771272770428,0.437,0.436953125,0.436953125,0.436953125,0.563,0.12596875,1.0,3.0,6.082762530298219,2,1.1334458014975828,0.5841986807448339,0.3882350399306581,0.6403758080942532,0.7729853561617959,0.0015081053994391695,3600,1.1,0.55,0,8,0.0
DIR-BASE-L40-S401-Z,DIR-BASE-L40-S401,DIRECTIONAL,40,30,401,INDEPENDENT_REALIZATIONS,,Z,1e-05,f32,SCORED_DIRECTIONAL,PASS,72db2abeb685dd9380d3d3996070eda11df5fa4956688eaaab2362cf5f024174,0.34828785716955263,0.7969973848273516,1.4926622450123687e-05,0.437,0.436953125,0.436953125,0.436953125,0.563,0.12596875,1.0,3.0,6.082762530298219,2,2.175783875490884,0.7773210791601127,0.6911544919196452,0.9082243653653272,0.5416004787009098,0.001046404787334823,7400,1.4,0.55,0,8,0.0
DIR-DEP30-L40-S101-X,DIR-DEP30-L40-S101,DIRECTIONAL,40,30,101,INDEPENDENT_REALIZATIONS,,X,1e-05,f32,SCORED_DIRECTIONAL,PASS,444d046c8ed99124500de171cf673b4920244bb78dff683655e4e43932c0f7d5,0.2768690984905185,1.008343612552961,1.1865818506736509e-05,0.274578125,0.27409375,0.27409375,0.27409375,0.725421875,0.16890625,1.0,1.7320508075688772,4.123105625617661,-13,1.09877661860608,0.5347999701349031,0.4063840992210578,0.6481921610411621,0.8212577940159428,0.00036184500552890954,34200,4.1,0.55,0,8,0.3
DIR-DEP30-L40-S101-Y,DIR-DEP30-L40-S101,DIRECTIONAL,40,30,101,INDEPENDENT_REALIZATIONS,,Y,1e-05,f32,SCORED_DIRECTIONAL,PASS,444d046c8ed99124500de171cf673b4920244bb78dff683655e4e43932c0f7d5,0.22733454600105463,0.8279412134562963,9.742909114330914e-06,0.274578125,0.27409375,0.27409375,0.27409375,0.725421875,0.16890625,1.0,1.7320508075688772,4.123105625617661,-13,0.8323669818924355,0.45178809822653354,0.31513741108754173,0.5229695274516238,0.8729309884250471,0.00031326076166180426,43200,5.0,0.55,0,8,0.3
DIR-DEP30-L40-S101-Z,DIR-DEP30-L40-S101,DIRECTIONAL,40,30,101,INDEPENDENT_REALIZATIONS,,Z,1e-05,f32,SCORED_DIRECTIONAL,PASS,444d046c8ed99124500de171cf673b4920244bb78dff683655e4e43932c0f7d5,0.1596690366567472,0.5815067629904865,6.842958713860596e-06,0.274578125,0.27409375,0.27409375,0.27409375,0.725421875,0.16890625,1.0,1.7320508075688772,4.123105625617661,-13,1.0636873616540536,0.4991064492317343,0.3934106893670497,0.607083938398362,0.8380896443353046,0.00034704586460954095,30800,3.7,0.55,0,8,0.3
DIR-DEP30-L40-S211-X,DIR-DEP30-L40-S211,DIRECTIONAL,40,30,211,INDEPENDENT_REALIZATIONS,,X,1e-05,f32,SCORED_DIRECTIONAL,PASS,6ef42e82dbc11b985ed8d6a5108476b02291752e918f766304e3b49258b636d2,0.11921515360280031,0.4064874709951636,5.109220868691443e-06,0.29328125,0.29296875,0.29296875,0.29296875,0.70671875,0.15253125,1.0,2.0,4.58257569495584,-2,1.0817742985693044,0.5574997318757225,0.39741021399381987,0.6419072024652666,0.8047471382325687,0.00036272300973888707,30200,3.7,0.55,0,8,0.3
DIR-DEP30-L40-S211-Y,DIR-DEP30-L40-S211,DIRECTIONAL,40,30,211,INDEPENDENT_REALIZATIONS,,Y,1e-05,f32,SCORED_DIRECTIONAL,PASS,6ef42e82dbc11b985ed8d6a5108476b02291752e918f766304e3b49258b636d2,0.7118417227795896,2.4271641053752657,3.0507502404839557e-05,0.29328125,0.29296875,0.29296875,0.29296875,0.70671875,0.15253125,1.0,2.0,4.58257569495584,-2,1.3888879593039594,0.6655787063575087,0.505725315409369,0.7560739877386036,0.7038244084145072,0.000810033703727172,4200,1.1,0.55,0,8,0.3
DIR-DEP30-L40-S211-Z,DIR-DEP30-L40-S211,DIRECTIONAL,40,30,211,INDEPENDENT_REALIZATIONS,,Z,1e-05,f32,SCORED_DIRECTIONAL,PASS,6ef42e82dbc11b985ed8d6a5108476b02291752e918f766304e3b49258b636d2,0.33303117075335287,1.1355351586688645,1.4272764460857984e-05,0.29328125,0.29296875,0.29296875,0.29296875,0.70671875,0.15253125,1.0,2.0,4.58257569495584,-2,1.5997736346110427,0.6705127907111872,0.5720215117096625,0.7704879299470839,0.693989855775139,0.0007647340298795137,46600,5.4,0.55,0,8,0.3
DIR-DEP30-L40-S307-X,DIR-DEP30-L40-S307,DIRECTIONAL,40,30,307,INDEPENDENT_REALIZATIONS,,X,1e-05,f32,SCORED_DIRECTIONAL,PASS,9e4f2ac5aeb64ff163585ce413e4130acd07d64f1ff08b1cdd4f39277300e2e6,1.157342099241273,3.842796075301763,4.9600375681768856e-05,0.301171875,0.30109375,0.30109375,0.30109375,0.698828125,0.1385625,1.0,2.23606797749979,5.196152422706632,-5,1.726239591652513,0.7206929372596218,0.6033836098749258,0.8143805885197375,0.6429624138173676,0.0012338467769648213,20000,2.7,0.55,0,8,0.3
DIR-DEP30-L40-S307-Y,DIR-DEP30-L40-S307,DIRECTIONAL,40,30,307,INDEPENDENT_REALIZATIONS,,Y,1e-05,f32,SCORED_DIRECTIONAL,PASS,9e4f2ac5aeb64ff163585ce413e4130acd07d64f1ff08b1cdd4f39277300e2e6,0.33009129244852337,1.096022968441271,1.414676967636529e-05,0.301171875,0.30109375,0.30109375,0.30109375,0.698828125,0.1385625,1.0,2.23606797749979,5.196152422706632,-5,1.6560722888093486,0.6689616591291982,0.5965652729067292,0.7454420019445993,0.6892610618785654,0.0007487416753156913,2600,1.0,0.55,0,8,0.3
DIR-DEP30-L40-S307-Z,DIR-DEP30-L40-S307,DIRECTIONAL,40,30,307,INDEPENDENT_REALIZATIONS,,Z,1e-05,f32,SCORED_DIRECTIONAL,NONCONVERGED,9e4f2ac5aeb64ff163585ce413e4130acd07d64f1ff08b1cdd4f39277300e2e6,0.07417846101846833,0.24629942958142534,3.1790769007915e-06,0.301171875,0.30109375,0.30109375,0.30109375,0.698828125,0.1385625,1.0,2.23606797749979,5.196152422706632,-5,1.8692858517100488,0.740853779648042,0.6385287560849858,0.8532731862621397,0.6121655416379477,0.0004405984671143102,50000,5.6,0.55,0,8,0.3
DIR-DEP30-L40-S401-X,DIR-DEP30-L40-S401,DIRECTIONAL,40,30,401,INDEPENDENT_REALIZATIONS,,X,1e-05,f32,SCORED_DIRECTIONAL,PASS,b7be4b021aecb6584199249ce6cd361fd73f582f4c8e90a1c730e97ad357dac6,0.922460147321092,3.015499511111957,3.9534006313761096e-05,0.30590625,0.305875,0.305875,0.305875,0.69409375,0.129125,1.0,2.23606797749979,5.0,3,1.1258957770083067,0.581688871370541,0.33959780338721013,0.6155063023873538,0.748431021722586,0.0007518222892545544,2800,1.0,0.55,0,8,0.3
DIR-DEP30-L40-S401-Y,DIR-DEP30-L40-S401,DIRECTIONAL,40,30,401,INDEPENDENT_REALIZATIONS,,Y,1e-05,f32,SCORED_DIRECTIONAL,PASS,b7be4b021aecb6584199249ce6cd361fd73f582f4c8e90a1c730e97ad357dac6,1.1514584864632433,3.7640894439497177,4.934822084842472e-05,0.30590625,0.305875,0.305875,0.305875,0.69409375,0.129125,1.0,2.23606797749979,5.0,3,1.3071824843537867,0.6400926998166101,0.44497098218372755,0.7044375938479381,0.7190905453828459,0.0009231614775158468,3000,1.0,0.55,0,8,0.3
DIR-DEP30-L40-S401-Z,DIR-DEP30-L40-S401,DIRECTIONAL,40,30,401,INDEPENDENT_REALIZATIONS,,Z,1e-05,f32,SCORED_DIRECTIONAL,NONCONVERGED,b7be4b021aecb6584199249ce6cd361fd73f582f4c8e90a1c730e97ad357dac6,0.062262634936304316,0.20353502073365393,2.6683986401273284e-06,0.30590625,0.305875,0.305875,0.305875,0.69409375,0.129125,1.0,2.23606797749979,5.0,3,2.509636733910247,0.8288374041451966,0.7716750088897064,0.9546454547121204,0.4448234161296336,0.00045677859636922865,50000,5.5,0.55,0,8,0.3
DIR-H2-L40-S101-X,DIR-H2-L40-S101,DIRECTIONAL,40,30,101,INDEPENDENT_REALIZATIONS,,X,1e-05,f32,SCORED_DIRECTIONAL,PASS,820efa037dee0d30a1201cdf34364d3fc78f9ef3a324f74cfc85d74612d95d89,1.1320159315330982,2.6616098316722367,4.8514968494275646e-05,0.4253125,0.4253125,0.4253125,0.4253125,0.5746875,0.17846875,1.0,2.23606797749979,4.123105625617661,1,0.813095439776965,0.4397589363748847,0.31826823383237823,0.5136001505350373,0.8738875034555589,0.0006547355150167913,4000,1.1,0.55,2,8,0.0
DIR-H2-L40-S101-Y,DIR-H2-L40-S101,DIRECTIONAL,40,30,101,INDEPENDENT_REALIZATIONS,,Y,1e-05,f32,SCORED_DIRECTIONAL,PASS,820efa037dee0d30a1201cdf34364d3fc78f9ef3a324f74cfc85d74612d95d89,0.6678147309811866,1.5701742388977202,2.8620631327765145e-05,0.4253125,0.4253125,0.4253125,0.4253125,0.5746875,0.17846875,1.0,2.23606797749979,4.123105625617661,1,1.3220119323634898,0.5250821328956873,0.4753930724909028,0.637049205662358,0.8109332819764401,0.0008891785432190613,7800,1.5,0.55,2,8,0.0
DIR-H2-L40-S101-Z,DIR-H2-L40-S101,DIRECTIONAL,40,30,101,INDEPENDENT_REALIZATIONS,,Z,1e-05,f32,SCORED_DIRECTIONAL,PASS,820efa037dee0d30a1201cdf34364d3fc78f9ef3a324f74cfc85d74612d95d89,1.3019592290368132,3.0611826105200604,5.5798252673006294e-05,0.4253125,0.4253125,0.4253125,0.4253125,0.5746875,0.17846875,1.0,2.23606797749979,4.123105625617661,1,1.1989310686852375,0.5509269159442518,0.4161478555717857,0.6308378676614643,0.804904916020182,0.000893617385688634,6800,1.4,0.55,2,8,0.0
DIR-H2-L40-S211-X,DIR-H2-L40-S211,DIRECTIONAL,40,30,211,INDEPENDENT_REALIZATIONS,,X,1e-05,f32,SCORED_DIRECTIONAL,PASS,3073d04d127d6130de281f4a327412086577d547b838821bdd1dab3c1d8931ee,4.434929817692953,9.8567685905108,0.00019006842075826942,0.4499375,0.44990625,0.44990625,0.44990625,0.5500625,0.1311875,1.0,3.3166247903554,7.3484692283495345,-5,1.382050801070851,0.658577195319524,0.4879935770376983,0.738149619920089,0.7122287945168827,0.0025321430704823814,4600,1.1,0.55,2,8,0.0
DIR-H2-L40-S211-Y,DIR-H2-L40-S211,DIRECTIONAL,40,30,211,INDEPENDENT_REALIZATIONS,,Y,1e-05,f32,SCORED_DIRECTIONAL,NONCONVERGED,3073d04d127d6130de281f4a327412086577d547b838821bdd1dab3c1d8931ee,0.16705482524935739,0.37128451229194587,7.159492510686746e-06,0.4499375,0.44990625,0.44990625,0.44990625,0.5500625,0.1311875,1.0,3.3166247903554,7.3484692283495345,-5,1.0602385184584509,0.5333339600067009,0.3944235731990191,0.6614499973133503,0.8222741620894198,0.0004952718031321729,50000,5.5,0.55,2,8,0.0
DIR-H2-L40-S211-Z,DIR-H2-L40-S211,DIRECTIONAL,40,30,211,INDEPENDENT_REALIZATIONS,,Z,1e-05,f32,SCORED_DIRECTIONAL,PASS,3073d04d127d6130de281f4a327412086577d547b838821bdd1dab3c1d8931ee,2.551722400541449,5.671281901467313,0.00010935953145177642,0.4499375,0.44990625,0.44990625,0.44990625,0.5500625,0.1311875,1.0,3.3166247903554,7.3484692283495345,-5,1.3451624439428065,0.6156105961528966,0.5268142842435152,0.6921559966582331,0.7440509355562637,0.002009887867807103,6600,1.3,0.55,2,8,0.0
DIR-H2-L40-S307-X,DIR-H2-L40-S307,DIRECTIONAL,40,30,307,INDEPENDENT_REALIZATIONS,,X,1e-05,f32,SCORED_DIRECTIONAL,PASS,32a7e28e706dcc3100654299947b6d490ab1b1ba5ceb0abd97d364a1e41f9e29,2.5823441911233056,5.819367191263788,0.00011067189390528455,0.44375,0.443609375,0.443609375,0.443609375,0.55625,0.1399375,1.0,3.0,6.708203932499369,-5,1.4295695048864054,0.6470844268348858,0.5295837518095428,0.729801703997382,0.7181630771200098,0.0018102849338606515,5000,1.2,0.55,2,8,0.0
DIR-H2-L40-S307-Y,DIR-H2-L40-S307,DIRECTIONAL,40,30,307,INDEPENDENT_REALIZATIONS,,Y,1e-05,f32,SCORED_DIRECTIONAL,PASS,32a7e28e706dcc3100654299947b6d490ab1b1ba5ceb0abd97d364a1e41f9e29,3.829825500211841,8.630592676533727,0.0001641353785805075,0.44375,0.443609375,0.443609375,0.443609375,0.55625,0.1399375,1.0,3.0,6.708203932499369,-5,1.4953775619931573,0.6870240479878162,0.5408173567174959,0.7871999050125789,0.6838675088623136,0.0024250006968875287,8400,1.5,0.55,2,8,0.0
DIR-H2-L40-S307-Z,DIR-H2-L40-S307,DIRECTIONAL,40,30,307,INDEPENDENT_REALIZATIONS,,Z,1e-05,f32,SCORED_DIRECTIONAL,PASS,32a7e28e706dcc3100654299947b6d490ab1b1ba5ceb0abd97d364a1e41f9e29,0.33171941992367193,0.7475367209547537,1.421654656815737e-05,0.44375,0.443609375,0.443609375,0.443609375,0.55625,0.1399375,1.0,3.0,6.708203932499369,-5,1.585445014604198,0.6817479574712219,0.5963830412653547,0.775771128929273,0.6850027745991611,0.0007441697522596773,32400,3.8,0.55,2,8,0.0
DIR-H2-L40-S401-X,DIR-H2-L40-S401,DIRECTIONAL,40,30,401,INDEPENDENT_REALIZATIONS,,X,1e-05,f32,SCORED_DIRECTIONAL,PASS,0ae20b18fe5d88030aee00d38778872238b5075aef13ebe945f566bfa527d0a4,4.408272933391363,9.98617682773068,0.00018892598285962986,0.4414375,0.441390625,0.441390625,0.441390625,0.5585625,0.12328125,1.0,3.1622776601683795,6.4031242374328485,3,1.1725491390902372,0.6066092517038486,0.3793938711792295,0.6694756986916968,0.7416161754763843,0.002028297348931478,3400,1.0,0.55,2,8,0.0
DIR-H2-L40-S401-Y,DIR-H2-L40-S401,DIRECTIONAL,40,30,401,INDEPENDENT_REALIZATIONS,,Y,1e-05,f32,SCORED_DIRECTIONAL,NONCONVERGED,0ae20b18fe5d88030aee00d38778872238b5075aef13ebe945f566bfa527d0a4,0.21161225979879053,0.4793708278041411,9.069096848519597e-06,0.4414375,0.441390625,0.441390625,0.441390625,0.5585625,0.12328125,1.0,3.1622776601683795,6.4031242374328485,3,1.4302326165961787,0.6795485349521335,0.4565984281289371,0.8160101308614971,0.6790769032611571,0.0007635969470051365,50000,5.3,0.55,2,8,0.0
DIR-H2-L40-S401-Z,DIR-H2-L40-S401,DIRECTIONAL,40,30,401,INDEPENDENT_REALIZATIONS,,Z,1e-05,f32,SCORED_DIRECTIONAL,PASS,0ae20b18fe5d88030aee00d38778872238b5075aef13ebe945f566bfa527d0a4,4.025852530357361,9.119869812504287,0.0001725365370153155,0.4414375,0.441390625,0.441390625,0.441390625,0.5585625,0.12328125,1.0,3.1622776601683795,6.4031242374328485,3,1.1845888562838773,0.6113376760441842,0.39182270415234055,0.6768642542704455,0.7420097773854875,0.0022499678670314213,2400,0.9,0.55,2,8,0.0
DIR-SF64-L40-S101-X,DIR-SF64-L40-S101,DIRECTIONAL,40,30,101,INDEPENDENT_REALIZATIONS,,X,1e-05,f32,SCORED_DIRECTIONAL,PASS,0171f0fca58d27d8a498e72b871fafe6983af2bbb464216fd301358914e4038f,0.5148882824511176,1.4684216423898904,2.2066640676476472e-05,0.350640625,0.35046875,0.35046875,0.35046875,0.649359375,0.172625,1.0,2.0,4.358898943540674,-15,0.8586327497142285,0.43663491936509174,0.356285594580689,0.5497452674857384,0.8805273112090015,0.0004336665816587378,14400,2.1,0.64,0,8,0.0
DIR-SF64-L40-S101-Y,DIR-SF64-L40-S101,DIRECTIONAL,40,30,101,INDEPENDENT_REALIZATIONS,,Y,1e-05,f32,SCORED_DIRECTIONAL,NONCONVERGED,0171f0fca58d27d8a498e72b871fafe6983af2bbb464216fd301358914e4038f,0.5350128565415317,1.5258153744778769,2.2929122423208507e-05,0.350640625,0.35046875,0.35046875,0.35046875,0.649359375,0.172625,1.0,2.0,4.358898943540674,-15,0.6700323622192357,0.36564582155517517,0.276720126401122,0.471496818142725,0.9178550143830125,0.00038289250682360416,50000,5.7,0.64,0,8,0.0
DIR-SF64-L40-S101-Z,DIR-SF64-L40-S101,DIRECTIONAL,40,30,101,INDEPENDENT_REALIZATIONS,,Z,1e-05,f32,SCORED_DIRECTIONAL,PASS,0171f0fca58d27d8a498e72b871fafe6983af2bbb464216fd301358914e4038f,0.44210557172137416,1.260850968770017,1.8947381645201753e-05,0.350640625,0.35046875,0.35046875,0.35046875,0.649359375,0.172625,1.0,2.0,4.358898943540674,-15,0.6407394335826415,0.35434085766662804,0.24817617331966468,0.45261324979555,0.9173082780295568,0.00036353323862747437,39200,4.6,0.64,0,8,0.0
DIR-SF64-L40-S211-X,DIR-SF64-L40-S211,DIRECTIONAL,40,30,211,INDEPENDENT_REALIZATIONS,,X,1e-05,f32,SCORED_DIRECTIONAL,PASS,c8bba183b7d8c0e41a43ce87d8f2b9995af1e786c404462e50c67c32668b4a3a,0.49281683681812544,1.4366528904236142,2.1120721577919667e-05,0.34303125,0.342890625,0.342890625,0.342890625,0.65696875,0.1760625,1.0,2.0,4.242640687119285,-8,0.906402510679738,0.47471279232579044,0.35458784357341144,0.5615499534586796,0.8590333068038694,0.0006108156952951393,1600,0.8,0.64,0,8,0.0
DIR-SF64-L40-S211-Y,DIR-SF64-L40-S211,DIRECTIONAL,40,30,211,INDEPENDENT_REALIZATIONS,,Y,1e-05,f32,SCORED_DIRECTIONAL,PASS,c8bba183b7d8c0e41a43ce87d8f2b9995af1e786c404462e50c67c32668b4a3a,0.5740731643304731,1.6735302230641467,2.4603135614163137e-05,0.34303125,0.342890625,0.342890625,0.342890625,0.65696875,0.1760625,1.0,2.0,4.242640687119285,-8,1.1176492686857245,0.5223573350234778,0.3926804077114563,0.590000633562698,0.8185056460621731,0.0006691608456752677,29000,3.6,0.64,0,8,0.0
DIR-SF64-L40-S211-Z,DIR-SF64-L40-S211,DIRECTIONAL,40,30,211,INDEPENDENT_REALIZATIONS,,Z,1e-05,f32,SCORED_DIRECTIONAL,PASS,c8bba183b7d8c0e41a43ce87d8f2b9995af1e786c404462e50c67c32668b4a3a,0.45879463782709806,1.3374718420758984,1.9662627335447064e-05,0.34303125,0.342890625,0.342890625,0.342890625,0.65696875,0.1760625,1.0,2.0,4.242640687119285,-8,0.862800943654338,0.46308679481646886,0.3092979498955454,0.5270131399345024,0.8629913002479489,0.0005129333612788852,35000,4.2,0.64,0,8,0.0
DIR-SF64-L40-S307-X,DIR-SF64-L40-S307,DIRECTIONAL,40,30,307,INDEPENDENT_REALIZATIONS,,X,1e-05,f32,SCORED_DIRECTIONAL,PASS,bab66cd035e12a8ed09afc64ccb11e75d93106c94d8089c2cc0e5737a0ab36d4,0.7235483651031293,2.2259816068163376,3.100921564727697e-05,0.325046875,0.324875,0.324875,0.324875,0.674953125,0.17375,1.0,2.0,4.123105625617661,-6,1.3267701128535696,0.644774095520395,0.468901221330748,0.7704973943901039,0.7269369712077364,0.0008195401440279393,6200,1.3,0.64,0,8,0.0
DIR-SF64-L40-S307-Y,DIR-SF64-L40-S307,DIRECTIONAL,40,30,307,INDEPENDENT_REALIZATIONS,,Y,1e-05,f32,SCORED_DIRECTIONAL,PASS,bab66cd035e12a8ed09afc64ccb11e75d93106c94d8089c2cc0e5737a0ab36d4,0.7109214253325096,2.1871350873085906,3.046806108567899e-05,0.325046875,0.324875,0.324875,0.324875,0.674953125,0.17375,1.0,2.0,4.123105625617661,-6,1.677695356502302,0.6910012284746594,0.6018173480714104,0.7638670698045257,0.6656649555130535,0.0008729037956835557,5200,1.2,0.64,0,8,0.0
DIR-SF64-L40-S307-Z,DIR-SF64-L40-S307,DIRECTIONAL,40,30,307,INDEPENDENT_REALIZATIONS,,Z,1e-05,f32,SCORED_DIRECTIONAL,PASS,bab66cd035e12a8ed09afc64ccb11e75d93106c94d8089c2cc0e5737a0ab36d4,0.21143686271249332,0.6504811427966914,9.06157983053543e-06,0.325046875,0.324875,0.324875,0.324875,0.674953125,0.17375,1.0,2.0,4.123105625617661,-6,2.044088675150427,0.754708734584996,0.761667712531704,0.8575273673939006,0.5679782258160405,0.0005990375088926439,33400,4.0,0.64,0,8,0.0
DIR-SF64-L40-S401-X,DIR-SF64-L40-S401,DIRECTIONAL,40,30,401,INDEPENDENT_REALIZATIONS,,X,1e-05,f32,SCORED_DIRECTIONAL,PASS,6c9d030ff863d24b9ab4daa93e434aea8c9c84a9f8ffdf3e957f0c699e613270,1.3111450007260423,3.813200038465269,5.619192860254468e-05,0.34384375,0.34378125,0.34378125,0.34378125,0.65615625,0.1339375,1.0,2.23606797749979,5.0,2,1.3649682348524945,0.6484242190627715,0.4687894590532856,0.7289049856563347,0.7230735692392243,0.0011978148049113448,1800,0.9,0.64,0,8,0.0
DIR-SF64-L40-S401-Y,DIR-SF64-L40-S401,DIRECTIONAL,40,30,401,INDEPENDENT_REALIZATIONS,,Y,1e-05,f32,SCORED_DIRECTIONAL,PASS,6c9d030ff863d24b9ab4daa93e434aea8c9c84a9f8ffdf3e957f0c699e613270,1.2118846301526196,3.5245213273547056,5.193791272082656e-05,0.34384375,0.34378125,0.34378125,0.34378125,0.65615625,0.1339375,1.0,2.23606797749979,5.0,2,1.3972179524906527,0.6581731407513688,0.4847073353708552,0.7794031877692272,0.7116774148022449,0.0010972738333157352,44000,5.1,0.64,0,8,0.0
DIR-SF64-L40-S401-Z,DIR-SF64-L40-S401,DIRECTIONAL,40,30,401,INDEPENDENT_REALIZATIONS,,Z,1e-05,f32,SCORED_DIRECTIONAL,PASS,6c9d030ff863d24b9ab4daa93e434aea8c9c84a9f8ffdf3e957f0c699e613270,0.23519281375981416,0.6840107280118197,1.0079692018277752e-05,0.34384375,0.34378125,0.34378125,0.34378125,0.65615625,0.1339375,1.0,2.23606797749979,5.0,2,1.8645890652939232,0.691619212017327,0.6808802679605499,0.7949921059445122,0.6475653435198598,0.0007033004017076869,17800,2.4,0.64,0,8,0.0
H1-C4-L40-S101-X,H1-C4-L40-S101,HETEROGENEITY_FABRIC,40,30,101,INDEPENDENT_REALIZATIONS,,X,1e-05,f32,SCORED,PASS,55b08defdc32426a42a53fd4338e227bf84fe95be6a916032be9e26f09733370,1.0924808527568948,2.6904253723426685,4.6820607975295504e-05,0.4060625,0.40603125,0.40603125,0.40603125,0.5939375,0.1794375,1.0,2.23606797749979,4.358898943540674,-3,1.1492616565305194,0.5572908285779239,0.45405900491246876,0.6509538444955548,0.802424299220885,0.0008614244860981096,2800,1.0,0.55,1,4,0.0
H1-C4-L40-S211-X,H1-C4-L40-S211,HETEROGENEITY_FABRIC,40,30,211,INDEPENDENT_REALIZATIONS,,X,1e-05,f32,SCORED,PASS,a9d52449cbc13aa527bcddad056c93d141d538e6507f01937f1c5c5c7bf3f214,2.3390674396498183,5.578131539948146,0.00010024574741356366,0.419328125,0.419328125,0.419328125,0.419328125,0.580671875,0.13596875,1.0,3.0,6.708203932499369,-3,1.70120369134452,0.7026492733157331,0.599410109739071,0.7840947228451436,0.6602112218230528,0.002112600875883236,2600,0.9,0.55,1,4,0.0
H1-C4-L40-S307-X,H1-C4-L40-S307,HETEROGENEITY_FABRIC,40,30,307,INDEPENDENT_REALIZATIONS,,X,1e-05,f32,SCORED,PASS,66cf0a7d256ce413ba4da983b7dc767d6e8126d8b0727763770514ea13a4b42d,1.7263188942763916,3.880458318126196,7.398509546898823e-05,0.444875,0.444828125,0.444828125,0.444828125,0.555125,0.1705,1.0,2.23606797749979,5.0,-3,0.8199143704474002,0.45204245719270036,0.2922708733849345,0.5140763372849579,0.8641475912108633,0.0008696630817664586,2400,0.9,0.55,1,4,0.0
H1-C4-L40-S401-X,H1-C4-L40-S401,HETEROGENEITY_FABRIC,40,30,401,INDEPENDENT_REALIZATIONS,,X,1e-05,f32,SCORED,PASS,f914a3c99ba654b90bbebf511c3540cca65d4386c436a722fbbd7c1d336a6de1,2.5995036411601427,6.052394973597538,0.00011140729890686326,0.4295,0.429375,0.429375,0.429375,0.5705,0.16071875,1.0,2.449489742783178,5.656854249492381,-6,1.2307575951023826,0.6014737940019232,0.4249110679295621,0.74607451432034,0.7630401284922136,0.0014433573589345727,1600,0.9,0.55,1,4,0.0
H1-C4-L40-S503-X,H1-C4-L40-S503,HETEROGENEITY_FABRIC,40,30,503,INDEPENDENT_REALIZATIONS,,X,1e-05,f32,SCORED,PASS,6dfae51a6bb9dbfff2f86594a7d29e518ab8cdf7fd80f103ad57e00f75c57bda,3.014649277847908,6.784259424813324,0.00012919925476491037,0.444359375,0.444296875,0.444296875,0.444296875,0.555640625,0.141375,1.0,3.0,6.708203932499369,0,1.396286479342461,0.6480326807838437,0.48992777292825224,0.7366573564048172,0.7253933389034539,0.002049327711059737,4000,1.1,0.55,1,4,0.0
H1-C4-L40-S601-X,H1-C4-L40-S601,HETEROGENEITY_FABRIC,40,30,601,INDEPENDENT_REALIZATIONS,,X,1e-05,f32,SCORED,PASS,c873af58199093d00a976259181b820f973f7bdbae9413786b889ba2be1363c6,0.9400877094292377,2.352884650716484,4.028947326125305e-05,0.399546875,0.399484375,0.399484375,0.399484375,0.600453125,0.16,1.0,2.23606797749979,5.0990195135927845,0,1.5128531044473603,0.6285878840836814,0.5532113352760236,0.7740515069130134,0.7299336034730416,0.001094365720046115,11600,1.8,0.55,1,4,0.0
H1-C4-L40-S701-X,H1-C4-L40-S701,HETEROGENEITY_FABRIC,40,30,701,INDEPENDENT_REALIZATIONS,,X,1e-05,f32,SCORED,PASS,cba0c3a12d8e710773ab3e38d1e388cf8e116a10904134bfa1f75ac922ce132b,1.3231898526779193,3.139473217594233,5.670813654333941e-05,0.42146875,0.421390625,0.421390625,0.421390625,0.57853125,0.15265625,1.0,2.8284271247461903,6.0,-1,1.6379345417139481,0.6857019008953782,0.5980398228616874,0.7989238600876276,0.6821015145250391,0.0014139058186061122,35800,4.2,0.55,1,4,0.0
H1-C4-L40-S809-X,H1-C4-L40-S809,HETEROGENEITY_FABRIC,40,30,809,INDEPENDENT_REALIZATIONS,,X,1e-05,f32,SCORED,PASS,9279aae47cd22a5a7d50f7bfa4ed862182491d7f46d57165b7da32d59a37b436,1.7730551426538457,4.051395234740481,7.598807754230769e-05,0.437640625,0.437625,0.437625,0.437625,0.562359375,0.155875,1.0,2.449489742783178,5.744562646538029,0,1.058956561286941,0.5290244219822783,0.3895347671422732,0.6170229142169757,0.8219594728347691,0.0010853332785159188,4400,1.1,0.55,1,4,0.0
H1-C8-L40-S101-X,H1-C8-L40-S101,HETEROGENEITY_FABRIC,40,30,101,INDEPENDENT_REALIZATIONS,,X,1e-05,f32,SCORED,PASS,96a53c3896ed74ff34de987eb431a0966f3ea4c7ad911dffda7f0decf2a562ce,0.8983040625429763,2.128524990846001,3.849874553755614e-05,0.42203125,0.42196875,0.42196875,0.42196875,0.57796875,0.1811875,1.0,2.23606797749979,4.123105625617661,-7,0.683150754180783,0.3756621343829808,0.2747169557964397,0.46912299883931996,0.9141671684661007,0.0005352827839016172,4400,1.1,0.55,1,8,0.0
H1-C8-L40-S211-X,H1-C8-L40-S211,HETEROGENEITY_FABRIC,40,30,211,INDEPENDENT_REALIZATIONS,,X,1e-05,f32,SCORED,PASS,7a08c626088d35a539722dd107df535537312997eb45916988c760299058bb33,4.3861383703767425,9.942721485641325,0.00018797735873043184,0.441140625,0.441109375,0.441109375,0.441109375,0.558859375,0.12625,1.0,3.3166247903554,7.3484692283495345,-5,1.387291126536157,0.6605054575598615,0.49010391230082523,0.7395706133942562,0.709927543270263,0.0024985515140920843,1600,0.8,0.55,1,8,0.0
H1-C8-L40-S307-X,H1-C8-L40-S307,HETEROGENEITY_FABRIC,40,30,307,INDEPENDENT_REALIZATIONS,,X,1e-05,f32,SCORED,PASS,ddf45d1c0e61bfd4055e5711eb9d809d28b111617fb5b91433b8050874fe4326,1.9897946861219329,4.536760239109501,8.527691511951142e-05,0.43859375,0.438453125,0.438453125,0.438453125,0.56140625,0.14471875,1.0,3.0,6.708203932499369,-9,1.3862257120694008,0.6121720172396322,0.4827411955778339,0.6910653324907116,0.7488467252416171,0.0015685724794426534,1800,0.9,0.55,1,8,0.0
H1-C8-L40-S401-X,H1-C8-L40-S401,HETEROGENEITY_FABRIC,40,30,401,INDEPENDENT_REALIZATIONS,,X,1e-05,f32,SCORED,PASS,adb6a84d032566346a7d5b78f7b94cd3e55774904988f197c363421810442886,2.947753709469357,6.872221965832684,0.00012633230183440103,0.4289375,0.428890625,0.428890625,0.428890625,0.5710625,0.139,1.0,3.0,6.4031242374328485,-1,1.4367983629005159,0.6713324243939136,0.5064326147513302,0.8158907501193049,0.6988599436167127,0.0020275323371966927,3400,1.0,0.55,1,8,0.0
H1-C8-L40-S503-X,H1-C8-L40-S503,HETEROGENEITY_FABRIC,40,30,503,INDEPENDENT_REALIZATIONS,,X,1e-05,f32,SCORED,PASS,4dcb8fe7142645e2feb80eaead88463b84185a367ef03f91c58a3393bab0831e,2.219456507124067,4.99596287478687,9.511956459103146e-05,0.44425,0.4441875,0.4441875,0.4441875,0.55575,0.1595625,1.0,2.8284271247461903,6.082762530298219,-3,1.2974832658016688,0.6133950845334928,0.4584457544284428,0.7231638232799992,0.7599889543577416,0.0015590513700317898,8800,1.6,0.55,1,8,0.0
H1-C8-L40-S601-X,H1-C8-L40-S601,HETEROGENEITY_FABRIC,40,30,601,INDEPENDENT_REALIZATIONS,,X,1e-05,f32,SCORED,PASS,95b12f956e4bc13551d4f0dd08430139f236ff9573cc37c8ac60b98dfc192cdd,1.328981227755964,3.134620718522212,5.695633833239847e-05,0.42396875,0.42390625,0.42390625,0.42390625,0.57603125,0.1585,1.0,2.449489742783178,5.196152422706632,0,1.46503214228366,0.5907847043232201,0.4962523600426806,0.6677988699866556,0.7592934340118422,0.001143465096683237,2400,0.9,0.55,1,8,0.0
H1-C8-L40-S701-X,H1-C8-L40-S701,HETEROGENEITY_FABRIC,40,30,701,INDEPENDENT_REALIZATIONS,,X,1e-05,f32,SCORED,PASS,615510096becc7b3188277436d69a7b618098ea8cafc84d12a9f4987a1014469,1.4765546583776827,3.362253545014292,6.328091393047213e-05,0.43915625,0.439125,0.439125,0.439125,0.56084375,0.14440625,1.0,2.8284271247461903,5.744562646538029,0,1.0607555882268267,0.5391313446695731,0.40217050650135744,0.6348526340253494,0.8203905452504345,0.0011129511296730204,9800,1.7,0.55,1,8,0.0
H1-C8-L40-S809-X,H1-C8-L40-S809,HETEROGENEITY_FABRIC,40,30,809,INDEPENDENT_REALIZATIONS,,X,1e-05,f32,SCORED,PASS,f7833fa5fbeb668d4a7cb5d3ea03f426a6a2116695b18c3baffdbc9c03ea485f,2.6678050693936783,5.967409633761898,0.00011433450297401481,0.4470625,0.447,0.447,0.447,0.5529375,0.1345,1.0,3.0,7.0,-1,1.3834822973680232,0.637694968690641,0.5196187658622765,0.7303866701360768,0.7350048232308856,0.0018819941980410134,2200,0.9,0.55,1,8,0.0
H2-C4-L40-S101-X,H2-C4-L40-S101,HETEROGENEITY_FABRIC,40,30,101,INDEPENDENT_REALIZATIONS,,X,1e-05,f32,SCORED,PASS,6a99f3922d211cc0eba4380465e1d5734bf4818846232f160134bd6ed8f734bc,1.219198429910366,2.9557445173780605,5.225136128187284e-05,0.412484375,0.412453125,0.412453125,0.412453125,0.587515625,0.1681875,1.0,2.23606797749979,5.0990195135927845,-3,1.326435151389785,0.6303617719418686,0.4622374100253405,0.7720034163337199,0.7434448886189327,0.001200165794453181,9000,1.6,0.55,2,4,0.0
H2-C4-L40-S211-X,H2-C4-L40-S211,HETEROGENEITY_FABRIC,40,30,211,INDEPENDENT_REALIZATIONS,,X,1e-05,f32,SCORED,PASS,7d430c7bcae09e2d1a31369176c290adbd35f2263389db2b026e7c219d3da54b,2.673528106796458,6.208708546571839,0.0001145797760055625,0.430609375,0.430546875,0.430546875,0.430546875,0.569390625,0.1391875,1.0,3.0,6.708203932499369,-3,1.6161637436397673,0.6899498565974576,0.5573019753912725,0.7685670133526291,0.675579399208271,0.0021602300144960597,2000,0.9,0.55,2,4,0.0
H2-C4-L40-S307-X,H2-C4-L40-S307,HETEROGENEITY_FABRIC,40,30,307,INDEPENDENT_REALIZATIONS,,X,1e-05,f32,SCORED,PASS,edd4b08c03e08472bb584daba2d602d903cb545f84d1d75d3a1ed4f27497d3bb,1.2122897725047252,2.89264579227136,5.195527596448824e-05,0.41909375,0.418953125,0.418953125,0.418953125,0.58090625,0.15946875,1.0,2.449489742783178,5.0990195135927845,-6,1.062911332207337,0.5384036989064319,0.39458049750914204,0.6274573239611632,0.8189199469298076,0.0009231922271968048,26600,3.3,0.55,2,4,0.0
H2-C4-L40-S401-X,H2-C4-L40-S401,HETEROGENEITY_FABRIC,40,30,401,INDEPENDENT_REALIZATIONS,,X,1e-05,f32,SCORED,PASS,ffb788c15abc13a99aa0a5ef78f24f3139ef77d99023b23c4d682d99a1514d0a,3.843357194335076,8.757293521697695,0.00016471530832864615,0.438875,0.438796875,0.438796875,0.438796875,0.561125,0.13253125,1.0,3.0,6.324555320336759,2,1.2304836646349355,0.6234883121915938,0.3931919014209723,0.6980719905659398,0.7305482519753622,0.00197123662784776,4600,1.1,0.55,2,4,0.0
H2-C4-L40-S503-X,H2-C4-L40-S503,HETEROGENEITY_FABRIC,40,30,503,INDEPENDENT_REALIZATIONS,,X,1e-05,f32,SCORED,PASS,10b4fdf2695543d429dc141743bc4d4a5084ffb53aac621a13b4d753e4bceb15,2.925843946784363,6.874481904409091,0.00012539331200504415,0.425609375,0.42553125,0.42553125,0.42553125,0.574390625,0.1518125,1.0,2.8284271247461903,6.4031242374328485,-2,1.540487504566326,0.6956820517734461,0.5472499325591611,0.8012492118514988,0.6765671227490831,0.00209252002357551,2200,0.9,0.55,2,4,0.0
H2-C4-L40-S601-X,H2-C4-L40-S601,HETEROGENEITY_FABRIC,40,30,601,INDEPENDENT_REALIZATIONS,,X,1e-05,f32,SCORED,NONCONVERGED,80de633cc6a3d81c2f4e75b4c38d43226d242790500f08de9d9961b27e93e726,0.38944546635259303,0.9014615301300573,1.6690519986539705e-05,0.432015625,0.4319375,0.4319375,0.4319375,0.567984375,0.16965625,1.0,2.23606797749979,5.477225575051661,-5,1.4610835095806496,0.5863659349738406,0.5250009237672313,0.6807645424704931,0.7663675438445807,0.0008794557965560139,50000,5.5,0.55,2,4,0.0
H2-C4-L40-S701-X,H2-C4-L40-S701,HETEROGENEITY_FABRIC,40,30,701,INDEPENDENT_REALIZATIONS,,X,1e-05,f32,SCORED,PASS,37117a34d2fa5a0f488d8459a7d6be738e4086d735a824b996cf711e5ce29eec,2.407216023762717,5.353086362780191,0.00010316640101840218,0.4496875,0.44959375,0.44959375,0.44959375,0.5503125,0.15225,1.0,2.8284271247461903,5.385164807134504,-2,1.134203040567115,0.5718142901049103,0.40939012307960754,0.6452804788235975,0.7902218595887724,0.0013595265705205594,2000,0.9,0.55,2,4,0.0
H2-C4-L40-S809-X,H2-C4-L40-S809,HETEROGENEITY_FABRIC,40,30,809,INDEPENDENT_REALIZATIONS,,X,1e-05,f32,SCORED,PASS,c077339a17825e4ed7ff2baed43117ec937a4ae589522d75581558d612a9d6f2,1.1302008341051548,2.588771102778351,4.843717860450665e-05,0.436578125,0.436578125,0.436578125,0.436578125,0.563421875,0.14846875,1.0,2.8284271247461903,5.477225575051661,1,1.0466067420218725,0.4988033412494944,0.3990995471400226,0.607317001331264,0.8446043554290438,0.0010928596914095549,24600,3.1,0.55,2,4,0.0
H2-C8-L40-S101-X,H2-C8-L40-S101,HETEROGENEITY_FABRIC,40,30,101,INDEPENDENT_REALIZATIONS,,X,1e-05,f32,SCORED,PASS,820efa037dee0d30a1201cdf34364d3fc78f9ef3a324f74cfc85d74612d95d89,1.1320159315330982,2.6616098316722367,4.8514968494275646e-05,0.4253125,0.4253125,0.4253125,0.4253125,0.5746875,0.17846875,1.0,2.23606797749979,4.123105625617661,1,0.813095439776965,0.4397589363748847,0.31826823383237823,0.5136001505350373,0.8738875034555589,0.0006547355150167913,4000,1.1,0.55,2,8,0.0
H2-C8-L40-S211-X,H2-C8-L40-S211,HETEROGENEITY_FABRIC,40,30,211,INDEPENDENT_REALIZATIONS,,X,1e-05,f32,SCORED,PASS,3073d04d127d6130de281f4a327412086577d547b838821bdd1dab3c1d8931ee,4.434929817692953,9.8567685905108,0.00019006842075826942,0.4499375,0.44990625,0.44990625,0.44990625,0.5500625,0.1311875,1.0,3.3166247903554,7.3484692283495345,-5,1.382050801070851,0.658577195319524,0.4879935770376983,0.738149619920089,0.7122287945168827,0.0025321430704823814,4600,1.1,0.55,2,8,0.0
H2-C8-L40-S307-X,H2-C8-L40-S307,HETEROGENEITY_FABRIC,40,30,307,INDEPENDENT_REALIZATIONS,,X,1e-05,f32,SCORED,PASS,32a7e28e706dcc3100654299947b6d490ab1b1ba5ceb0abd97d364a1e41f9e29,2.5823441911233056,5.819367191263788,0.00011067189390528455,0.44375,0.443609375,0.443609375,0.443609375,0.55625,0.1399375,1.0,3.0,6.708203932499369,-5,1.4295695048864054,0.6470844268348858,0.5295837518095428,0.729801703997382,0.7181630771200098,0.0018102849338606515,5000,1.2,0.55,2,8,0.0
H2-C8-L40-S401-X,H2-C8-L40-S401,HETEROGENEITY_FABRIC,40,30,401,INDEPENDENT_REALIZATIONS,,X,1e-05,f32,SCORED,PASS,0ae20b18fe5d88030aee00d38778872238b5075aef13ebe945f566bfa527d0a4,4.408272933391363,9.98617682773068,0.00018892598285962986,0.4414375,0.441390625,0.441390625,0.441390625,0.5585625,0.12328125,1.0,3.1622776601683795,6.4031242374328485,3,1.1725491390902372,0.6066092517038486,0.3793938711792295,0.6694756986916968,0.7416161754763843,0.002028297348931478,3400,1.0,0.55,2,8,0.0
H2-C8-L40-S503-X,H2-C8-L40-S503,HETEROGENEITY_FABRIC,40,30,503,INDEPENDENT_REALIZATIONS,,X,1e-05,f32,SCORED,PASS,2d922bb20b49d4e5d4684c5a22e60996b7dc540bafc5b1714f6009c644499ef0,3.1988876371080948,7.4896216855649556,0.0001370951844474898,0.427109375,0.42709375,0.42709375,0.42709375,0.572890625,0.13121875,1.0,3.0,6.164414002968976,0,1.352106558955925,0.6280231487848968,0.48775856808851487,0.6947041581402922,0.7415151318607353,0.0018647574391753392,2200,0.9,0.55,2,8,0.0
H2-C8-L40-S601-X,H2-C8-L40-S601,HETEROGENEITY_FABRIC,40,30,601,INDEPENDENT_REALIZATIONS,,X,1e-05,f32,SCORED,PASS,f3395a97efd0d26d7173a928b242f9cc749b985c47239af627952b703e996bd0,1.9030430895758819,4.680453375330737,8.15589895532521e-05,0.40659375,0.406515625,0.406515625,0.406515625,0.59340625,0.157625,1.0,2.449489742783178,5.744562646538029,1,1.4170869903703394,0.6607816778948221,0.5284418168964287,0.7648153842795247,0.7131067672858016,0.0016603150095392258,1600,0.9,0.55,2,8,0.0
H2-C8-L40-S701-X,H2-C8-L40-S701,HETEROGENEITY_FABRIC,40,30,701,INDEPENDENT_REALIZATIONS,,X,1e-05,f32,SCORED,PASS,04d5ed7f5cbdd0c23e4e18b5164a7331671cbad53c79163bd8869af0794e44c9,2.259529709475742,5.3472083052228765,9.683698754896039e-05,0.4225625,0.4225,0.4225,0.4225,0.5774375,0.1420625,1.0,3.0,6.164414002968976,-1,1.4412500866271496,0.6589732785535963,0.5050767632014997,0.7568610362329445,0.7129272880207146,0.0016713089782586657,3600,1.1,0.55,2,8,0.0
H2-C8-L40-S809-X,H2-C8-L40-S809,HETEROGENEITY_FABRIC,40,30,809,INDEPENDENT_REALIZATIONS,,X,1e-05,f32,SCORED,PASS,d097ca0b9f967c5b65fd510dbce1a1eb119d316669c36c9e0e56a4bfc07c3cfc,2.2942392309941546,5.302109225566962,9.832453847117806e-05,0.432703125,0.432703125,0.432703125,0.432703125,0.567296875,0.1405625,1.0,3.0,6.928203230275509,-4,1.418038729028205,0.6434207907495061,0.5433824625467586,0.7427560334137967,0.7259700324797134,0.0017175487353853177,1600,0.9,0.55,2,8,0.0
SF50-L40-S101-X,SF50-L40-S101,SOLID_FRACTION,40,30,101,RELATED_NON_NESTED,,X,1e-05,f32,SCORED,PASS,009075e066f9b860f376c678cb2750c9215fe751213ac01416d8fb9e8c68652c,2.154183704692333,4.697528266731722,9.232215877252859e-05,0.458578125,0.458546875,0.458546875,0.458546875,0.541421875,0.1590625,1.0,2.8284271247461903,5.830951894845301,-4,1.3152601304521012,0.6015169725423646,0.47092781931765637,0.7033768570360315,0.7688732438711288,0.0014662832120519848,5800,1.3,0.5,0,8,0.0
SF50-L40-S211-X,SF50-L40-S211,SOLID_FRACTION,40,30,211,RELATED_NON_NESTED,,X,1e-05,f32,SCORED,PASS,07aa78bf0ff4a46a361f4a8f27b00461175c02f6b6a6758e870680ca70ec3b0f,3.1153537306373122,6.650521639786123,0.00013351515988445627,0.4684375,0.468375,0.468375,0.468375,0.5315625,0.152125,1.0,3.0,6.4031242374328485,-9,1.4941978447212376,0.6421022952889288,0.58066664099872,0.7293396011426463,0.7215654915605146,0.0018972240613357029,5200,1.2,0.5,0,8,0.0
SF50-L40-S307-X,SF50-L40-S307,SOLID_FRACTION,40,30,307,RELATED_NON_NESTED,,X,1e-05,f32,SCORED,PASS,a51bdc451d33cdd788a8343fe2ce09cb47ec123ab509c125137c642c12403ff4,3.3512607715179676,7.042313152651364,0.00014362546163648436,0.475875,0.47575,0.47575,0.47575,0.524125,0.152125,1.0,3.0,6.324555320336759,-4,1.1863200907876632,0.5822720650086995,0.418061683540115,0.6605213409805234,0.7820563251694049,0.001773950304291647,2800,1.0,0.5,0,8,0.0
SF50-L40-S401-X,SF50-L40-S401,SOLID_FRACTION,40,30,401,RELATED_NON_NESTED,,X,1e-05,f32,SCORED,PASS,10a09b0b5a0878d14db0ab0ae91a78a929050926b5b53dcf568ab2ae170a6e33,3.6868976925775576,7.679287021999014,0.0001580099011104668,0.480109375,0.480015625,0.480015625,0.480015625,0.519890625,0.1335,1.0,3.0,6.164414002968976,-1,0.9948935709920643,0.5317623936759406,0.32422662713168315,0.5862873049761219,0.8123633031326779,0.0015969071510312683,2800,1.0,0.5,0,8,0.0
SF50-L40-S503-X,SF50-L40-S503,SOLID_FRACTION,40,30,503,RELATED_NON_NESTED,,X,1e-05,f32,SCORED,PASS,fcf68303749620e1ec084a6c33f75cfdc42dc302fd17cafa9a1fe742f238b514,2.8658024583765473,5.7960863777050635,0.0001228201053589949,0.4944375,0.494359375,0.494359375,0.494359375,0.5055625,0.13903125,1.0,3.1622776601683795,7.874007874011811,-2,1.1659201397956798,0.5733912672959285,0.4366736803072136,0.6491658557481041,0.7934906065869555,0.00177960522102914,6200,1.3,0.5,0,8,0.0
SF50-L40-S601-X,SF50-L40-S601,SOLID_FRACTION,40,30,601,RELATED_NON_NESTED,,X,1e-05,f32,SCORED,PASS,cf8a378757a279de4dee4f9b479d6e9aeebc5cc82c11d3eba40797c3856e0453,3.058000486906612,6.610106429411752,0.0001310571637245691,0.462625,0.462546875,0.462546875,0.462546875,0.537375,0.15090625,1.0,3.0,6.4031242374328485,1,1.3901599990763227,0.6429113940090216,0.4930995451787319,0.7167126161866528,0.7266989771441442,0.0019791391950353446,1600,0.8,0.5,0,8,0.0
SF50-L40-S701-X,SF50-L40-S701,SOLID_FRACTION,40,30,701,RELATED_NON_NESTED,,X,1e-05,f32,SCORED,PASS,e343de9151d1e3b5959f958336f32115d1cf96e1c6b3a45e1239cdbd114c18c4,1.117616085549933,2.347624703794004,4.789783223785429e-05,0.4760625,0.4760625,0.4760625,0.4760625,0.5239375,0.15746875,1.0,2.8284271247461903,6.164414002968976,0,0.9222680450969628,0.49081152006259116,0.31594058779749323,0.5922937701910205,0.8476290932576441,0.0009878349122371356,7800,1.4,0.5,0,8,0.0
SF50-L40-S809-X,SF50-L40-S809,SOLID_FRACTION,40,30,809,RELATED_NON_NESTED,,X,1e-05,f32,SCORED,PASS,d55e6e1579fea7877903cae86a8a0ebfe67d0114d2e2d5acb72c296584b7d832,1.7964791354586545,3.65265637352206,7.699196294822805e-05,0.491828125,0.491796875,0.491796875,0.491796875,0.508171875,0.156,1.0,2.8284271247461903,6.324555320336759,-3,1.0965555045599142,0.5611201166839448,0.4063301800201514,0.6255717415975383,0.798094575583682,0.0012265370232986566,14400,2.1,0.5,0,8,0.0
SF55-L40-S101-X,SF55-L40-S101,SOLID_FRACTION,40,30,101,RELATED_NON_NESTED,,X,1e-05,f32,SCORED,PASS,6be3b870f9991cfd2f7759553944b8fc6a7b9a83187558558ec98970aaedccac,0.8201423407052879,2.0908663880313267,3.514895745879806e-05,0.39225,0.39215625,0.39215625,0.39215625,0.60775,0.17453125,1.0,2.23606797749979,4.898979485566356,-8,0.8872444439562771,0.44470631817738937,0.3440659955676682,0.5688169333184004,0.875529327674337,0.0006292507843505415,4000,1.1,0.55,0,8,0.0
SF55-L40-S211-X,SF55-L40-S211,SOLID_FRACTION,40,30,211,RELATED_NON_NESTED,,X,1e-05,f32,SCORED,PASS,00ebf1abee9512445894480acf5438652b847791d98e272f51a52cf04b6cf96b,0.6234082587284342,1.487958848311322,2.6717496802647186e-05,0.41896875,0.418890625,0.418890625,0.418890625,0.58103125,0.1654375,1.0,2.449489742783178,5.385164807134504,-7,0.9357184583960273,0.4973641596502785,0.3416044494124775,0.592656405100093,0.8448651745095448,0.0007465411071639842,2600,0.9,0.55,0,8,0.0
SF55-L40-S307-X,SF55-L40-S307,SOLID_FRACTION,40,30,307,RELATED_NON_NESTED,,X,1e-05,f32,SCORED,PASS,07f33c34838031e5d682aec695d25a7a6d57e0ca1e2d46b128f5c66bf1822f29,2.6532356575802147,6.166954134197702,0.00011371009961058064,0.430234375,0.430109375,0.430109375,0.430109375,0.569765625,0.15815625,1.0,2.449489742783178,5.916079783099616,-4,1.4479323706400622,0.6512006705557938,0.5233249037166476,0.7436785987157789,0.7237028866357147,0.0017094421112985227,5000,1.2,0.55,0,8,0.0
SF55-L40-S401-X,SF55-L40-S401,SOLID_FRACTION,40,30,401,RELATED_NON_NESTED,,X,1e-05,f32,SCORED,PASS,72db2abeb685dd9380d3d3996070eda11df5fa4956688eaaab2362cf5f024174,3.0731911713542965,7.032474076325621,0.0001317081930580413,0.437,0.436953125,0.436953125,0.436953125,0.563,0.12596875,1.0,3.0,6.082762530298219,2,1.0507146272724652,0.554479125803868,0.3219459873595395,0.6048079975117647,0.7848191732899084,0.0014508556434315292,6600,1.4,0.55,0,8,0.0
SF55-L40-S503-X,SF55-L40-S503,SOLID_FRACTION,40,30,503,RELATED_NON_NESTED,,X,1e-05,f32,SCORED,PASS,aabc25d1d2487ecdcfb50c7c91e005c19b1dd0036f551767947afdc65490fb55,0.9626428042767753,2.3466572512269983,4.1256120183290375e-05,0.41021875,0.410109375,0.410109375,0.410109375,0.58978125,0.15240625,1.0,2.449489742783178,6.0,-2,0.9232673945267751,0.47696145436043735,0.358430585678187,0.5879333093286347,0.8628030735230529,0.0008087961550918944,1600,0.8,0.55,0,8,0.0
SF55-L40-S601-X,SF55-L40-S601,SOLID_FRACTION,40,30,601,RELATED_NON_NESTED,,X,1e-05,f32,SCORED,PASS,0cb40b71d69f59426569ee0f2f346d9e00273ed30ee6fdd41dc640489eaac4ec,2.5141864828555467,6.0274173997136264,0.00010775084926523773,0.417125,0.417078125,0.417078125,0.417078125,0.582875,0.149375,1.0,2.8284271247461903,6.082762530298219,0,1.4458821527507275,0.6495639076619285,0.4965865722306304,0.7135146172516559,0.7150721141680189,0.0017773015154229407,9200,1.6,0.55,0,8,0.0
SF55-L40-S701-X,SF55-L40-S701,SOLID_FRACTION,40,30,701,RELATED_NON_NESTED,,X,1e-05,f32,SCORED,PASS,82aa4557ba6e0f9cca8a11f57148d2888fa4592638c13bea4928e3918f3eae17,0.5590387451503158,1.4088234245400935,2.395880336358497e-05,0.3968125,0.39675,0.39675,0.39675,0.6031875,0.16721875,1.0,2.23606797749979,5.0,-2,1.1391966233020907,0.5390095363051834,0.40505874113224094,0.66303161804358,0.8192182794119894,0.0008116207905391102,21800,2.8,0.55,0,8,0.0
SF55-L40-S809-X,SF55-L40-S809,SOLID_FRACTION,40,30,809,RELATED_NON_NESTED,,X,1e-05,f32,SCORED,PASS,3b87f9ad30892debce6f609408b39f6b7fc5e94b1952e449dfb1b74aaf98e918,0.9223871292584113,2.188831155822704,3.953087696821763e-05,0.42140625,0.421234375,0.421234375,0.421234375,0.57859375,0.16221875,1.0,2.23606797749979,5.0,-2,0.9805584053847395,0.523610287722099,0.31834473308133304,0.599864478510487,0.8210045447344791,0.000832580781266357,4400,1.1,0.55,0,8,0.0
SF60-L40-S101-X,SF60-L40-S101,SOLID_FRACTION,40,30,101,RELATED_NON_NESTED,,X,1e-05,f32,SCORED,PASS,6be3b870f9991cfd2f7759553944b8fc6a7b9a83187558558ec98970aaedccac,0.8201423407052879,2.0908663880313267,3.514895745879806e-05,0.39225,0.39215625,0.39215625,0.39215625,0.60775,0.17453125,1.0,2.23606797749979,4.898979485566356,-8,0.8872444439562771,0.44470631817738937,0.3440659955676682,0.5688169333184004,0.875529327674337,0.0006292507843505415,4000,1.1,0.6,0,8,0.0
SF60-L40-S211-X,SF60-L40-S211,SOLID_FRACTION,40,30,211,RELATED_NON_NESTED,,X,1e-05,f32,SCORED,NONCONVERGED,747be574bb07a69d476235625eb065c451bd622f5801bf707500a0c7833435bf,0.5720123698704417,1.4510599576562,2.4514815851590363e-05,0.394203125,0.394125,0.394125,0.394125,0.605796875,0.1709375,1.0,2.23606797749979,5.0,-7,0.8656940900144585,0.46925029360197623,0.29843171997744145,0.558738898125173,0.8578760157872403,0.0006390659312844021,50000,5.7,0.6,0,8,0.0
SF60-L40-S307-X,SF60-L40-S307,SOLID_FRACTION,40,30,307,RELATED_NON_NESTED,,X,1e-05,f32,SCORED,PASS,14d954fafdc9a5f75d570dc9851875994d8dd07fa13ff4e0e20a3403eb222484,1.0956089777134577,2.897837524224544,4.6954670473433905e-05,0.378078125,0.377953125,0.377953125,0.377953125,0.621921875,0.165125,1.0,2.23606797749979,5.0990195135927845,-4,1.4097682602696853,0.6279038744311014,0.49278181040137736,0.7003709047548305,0.7401482553069392,0.0011773891529023846,1600,0.8,0.6,0,8,0.0
SF60-L40-S401-X,SF60-L40-S401,SOLID_FRACTION,40,30,401,RELATED_NON_NESTED,,X,1e-05,f32,SCORED,PASS,582e88cc4c9b8cff6f4b04b744a2ca25a3f921bfb717fa2a02791a03982dc36e,1.727445954377265,4.521924867280664,7.403339804473994e-05,0.382015625,0.38196875,0.38196875,0.38196875,0.617984375,0.13834375,1.0,2.449489742783178,5.0,2,1.1635217894991159,0.5894079482287455,0.3818010125317711,0.6446709764783161,0.7651195213226376,0.0012179528213800647,1800,0.9,0.6,0,8,0.0
SF60-L40-S503-X,SF60-L40-S503,SOLID_FRACTION,40,30,503,RELATED_NON_NESTED,,X,1e-05,f32,SCORED,PASS,99c4d3a46e702c529b24fdc6aff20dd1034870e1f4f6dd1638d89d8c192f0256,0.8809750967402781,2.206402371111286,3.775607557458335e-05,0.39928125,0.399171875,0.399171875,0.399171875,0.60071875,0.153,1.0,2.449489742783178,5.916079783099616,-2,1.01739759014814,0.512588979399196,0.38920086120529873,0.6268417919666541,0.8398131627288726,0.0007999857665856653,8000,1.5,0.6,0,8,0.0
SF60-L40-S601-X,SF60-L40-S601,SOLID_FRACTION,40,30,601,RELATED_NON_NESTED,,X,1e-05,f32,SCORED,PASS,b768acb3bf494e0f294a7b73e9d8673d4c666cfff4891ebff6a6b065c187ec2c,0.47577097746328045,1.361960126924451,2.039018474842631e-05,0.349328125,0.349296875,0.349296875,0.349296875,0.650671875,0.1513125,1.0,2.23606797749979,5.385164807134504,0,1.0916888894849552,0.5634487941657561,0.4022649928349218,0.6300224378320441,0.798277483764107,0.0007566990374265571,2200,0.9,0.6,0,8,0.0
SF60-L40-S701-X,SF60-L40-S701,SOLID_FRACTION,40,30,701,RELATED_NON_NESTED,,X,1e-05,f32,SCORED,PASS,82aa4557ba6e0f9cca8a11f57148d2888fa4592638c13bea4928e3918f3eae17,0.5590387451503158,1.4088234245400935,2.395880336358497e-05,0.3968125,0.39675,0.39675,0.39675,0.6031875,0.16721875,1.0,2.23606797749979,5.0,-2,1.1391966233020907,0.5390095363051834,0.40505874113224094,0.66303161804358,0.8192182794119894,0.0008116207905391102,21800,2.8,0.6,0,8,0.0
SF60-L40-S809-X,SF60-L40-S809,SOLID_FRACTION,40,30,809,RELATED_NON_NESTED,,X,1e-05,f32,SCORED,PASS,75329596971c2c12a141344bb9616af0648859d8237a51ebe4e3f60bf1348b9a,0.38422149102271236,1.0543315793617283,1.6466635329544817e-05,0.364421875,0.364265625,0.364265625,0.364265625,0.635578125,0.1648125,1.0,2.23606797749979,4.898979485566356,-3,1.072543005479201,0.5510349522615975,0.3784063152050717,0.6166231590698972,0.8068304668420757,0.0006294875568939182,7800,1.5,0.6,0,8,0.0
SF64-L40-S101-X,SF64-L40-S101,SOLID_FRACTION,40,30,101,RELATED_NON_NESTED,,X,1e-05,f32,SCORED,PASS,0171f0fca58d27d8a498e72b871fafe6983af2bbb464216fd301358914e4038f,0.5148882824511176,1.4684216423898904,2.2066640676476472e-05,0.350640625,0.35046875,0.35046875,0.35046875,0.649359375,0.172625,1.0,2.0,4.358898943540674,-15,0.8586327497142285,0.43663491936509174,0.356285594580689,0.5497452674857384,0.8805273112090015,0.0004336665816587378,14400,2.1,0.64,0,8,0.0
SF64-L40-S211-X,SF64-L40-S211,SOLID_FRACTION,40,30,211,RELATED_NON_NESTED,,X,1e-05,f32,SCORED,PASS,c8bba183b7d8c0e41a43ce87d8f2b9995af1e786c404462e50c67c32668b4a3a,0.49281683681812544,1.4366528904236142,2.1120721577919667e-05,0.34303125,0.342890625,0.342890625,0.342890625,0.65696875,0.1760625,1.0,2.0,4.242640687119285,-8,0.906402510679738,0.47471279232579044,0.35458784357341144,0.5615499534586796,0.8590333068038694,0.0006108156952951393,1600,0.8,0.64,0,8,0.0
SF64-L40-S307-X,SF64-L40-S307,SOLID_FRACTION,40,30,307,RELATED_NON_NESTED,,X,1e-05,f32,SCORED,PASS,bab66cd035e12a8ed09afc64ccb11e75d93106c94d8089c2cc0e5737a0ab36d4,0.7235483651031293,2.2259816068163376,3.100921564727697e-05,0.325046875,0.324875,0.324875,0.324875,0.674953125,0.17375,1.0,2.0,4.123105625617661,-6,1.3267701128535696,0.644774095520395,0.468901221330748,0.7704973943901039,0.7269369712077364,0.0008195401440279393,6200,1.3,0.64,0,8,0.0
SF64-L40-S401-X,SF64-L40-S401,SOLID_FRACTION,40,30,401,RELATED_NON_NESTED,,X,1e-05,f32,SCORED,PASS,6c9d030ff863d24b9ab4daa93e434aea8c9c84a9f8ffdf3e957f0c699e613270,1.3111450007260423,3.813200038465269,5.619192860254468e-05,0.34384375,0.34378125,0.34378125,0.34378125,0.65615625,0.1339375,1.0,2.23606797749979,5.0,2,1.3649682348524945,0.6484242190627715,0.4687894590532856,0.7289049856563347,0.7230735692392243,0.0011978148049113448,1800,0.9,0.64,0,8,0.0
SF64-L40-S503-X,SF64-L40-S503,SOLID_FRACTION,40,30,503,RELATED_NON_NESTED,,X,1e-05,f32,SCORED,PASS,beabd4bfcf31ed32da262e975b201672f98d5fe6ec293831275d8ea86aa1c246,0.7271724359981061,2.1125300001760685,3.116453297134741e-05,0.34421875,0.34390625,0.34390625,0.34390625,0.65578125,0.1509375,1.0,2.23606797749979,5.385164807134504,0,1.230616606909849,0.5987437348604547,0.43409284387537983,0.7283832917099714,0.7711481902976044,0.0006918074311984054,6000,1.3,0.64,0,8,0.0
SF64-L40-S601-X,SF64-L40-S601,SOLID_FRACTION,40,30,601,RELATED_NON_NESTED,,X,1e-05,f32,SCORED,PASS,b768acb3bf494e0f294a7b73e9d8673d4c666cfff4891ebff6a6b065c187ec2c,0.47577097746328045,1.361960126924451,2.039018474842631e-05,0.349328125,0.349296875,0.349296875,0.349296875,0.650671875,0.1513125,1.0,2.23606797749979,5.385164807134504,0,1.0916888894849552,0.5634487941657561,0.4022649928349218,0.6300224378320441,0.798277483764107,0.0007566990374265571,2200,0.9,0.64,0,8,0.0
SF64-L40-S701-X,SF64-L40-S701,SOLID_FRACTION,40,30,701,RELATED_NON_NESTED,,X,1e-05,f32,SCORED,PASS,2f46b0892fef544fa14924766692825fbe83d5b97a8cd5af909cad925cfb870a,0.5062139475499882,1.4183387025303933,2.169488346642807e-05,0.35690625,0.356890625,0.356890625,0.356890625,0.64309375,0.16775,1.0,2.23606797749979,4.58257569495584,-1,1.2581212872459264,0.5814856870401893,0.4421450409169668,0.7095058775995702,0.7861756726799303,0.000771315822655982,17000,2.4,0.64,0,8,0.0
SF64-L40-S809-X,SF64-L40-S809,SOLID_FRACTION,40,30,809,RELATED_NON_NESTED,,X,1e-05,f32,SCORED,PASS,eb43acc3ac5ece775a0e619aa903121ceef555e80128afd7d980a52189442dec,0.3142227900226291,0.945653087625706,1.346669100096982e-05,0.33228125,0.332125,0.332125,0.332125,0.66771875,0.17071875,1.0,2.0,4.123105625617661,-2,0.9337765637289447,0.4951360475520602,0.3413734805859626,0.5760475872267058,0.8465982648612352,0.0004084722338402891,25600,3.2,0.64,0,8,0.0
